구분,총자산증가율2002,유동자산증가율2002,매출액증가율2002,매출액순이익률2002,매출원가대매출액비율2002,자기자본순이익률2002,총자산순이익률2002,매출액대판매관리비2002,매출채권회전율2002,재고자산회전율2002,총자본회전율2002,유형자산회전율2002,부채비율2002,유동비율2002,자기자본배율2002,당좌비율2002,고정비율2002,순운전자본비율2002,차입금의존도2002,현금비율2002,부채/자산2002,부채/매출액2002,부채/현금흐름2002,유동부채/부채2002,현금흐름/매출액2002,차입금평균금리2002,이자보상배율2002,정상기업여부
(주)건잠디지털,-0.42077773275782854,-0.3212749962943201,-0.49932444217565214,-1.4886622895989199,0.8882394549572707,-2.2045015299199533,-0.7621278541420272,0.7717604115077319,1.4625601346441608,4.836829014258614,0.5119548331860829,5.836993276158905,1.892561291309438,1.755435602535341,0.3457143684403342,1.4500602486358338,0.4595545167819268,0.23257575422458662,0.26549316702946446,0.09398460639190677,0.6542856315596658,1.2780143660092163,-4.800855415838619,0.4705433134143512,-0.26620555199244034,11.85,-5.377087053071464,0
(주)게스템프카테크,-0.024956121873149075,0.11683821991486162,0.5578824379527926,0.031275783314867994,0.8973946586202398,0.14961292962510092,0.037139095371282335,0.05070419288867784,9.651881368072319,28.51552803312173,1.187471309587537,1.4677587599768458,3.0284485418658753,0.35292390063046447,0.24823453069427376,0.28107820430237235,0.8164285603249014,-0.33657309955040005,0.5079110469995957,0.02632596496150844,0.7517655025218333,0.633080981790588,-536.4818308957736,0.6918973236742695,-0.001180060433236893,7.72,1.496305722621945,1
(주)경동개발,0.06503535341370074,0.13824491267728986,0.21010897121215,0.1943746838750711,0.9018335044251752,0.12390002264353951,0.08425693668957662,0.16154502664336418,5.590368653749311,4.15619992978018,0.43347690661058735,0.9201404931909473,0.470502340952862,3.0210024719472695,0.6800397198633604,2.463852510225973,0.4899944534720257,0.3411855585891515,0.0006002351727861118,0.5503378497849989,0.3199602801366396,0.7381253193819501,8.508285629494024,0.527627869854568,0.08675370709502679,6.16,-479.62394366197185,0
(주)경인일보,-0.49258184103101926,-0.11952045669366428,0.09039605295533777,-0.01961629796167073,0.6831014339263175,-0.06546503211025238,-0.024158936515475807,0.7441001505717163,4.202426248913924,69.42348710536058,1.2315747121440124,3.3127069594691263,1.7097646483038105,1.3733423123834478,0.36903573918345806,1.340251848939634,0.49706079979441564,0.13672373034743304,0.1470413980931113,0.07337252772315749,0.6309642608165419,0.51232317016165,28.125510024328815,0.5804060429416801,0.018215604613693613,7.54,-49.67869821291702,0
(주)국일인토트,-0.075674116066279,-0.055083639977874146,0.016670645775838717,0.040211019580408895,0.7217211341194995,0.3363099139308522,0.03399001122029709,0.17973812567993377,8.980763369789521,2.619847397874215,0.8452909569310517,2.600839702011229,8.894375985136957,0.893595772778739,0.10106752674345987,0.5796687413200428,0.3371547087146059,-0.07892780470201397,0.581436057883069,0.015810603389222085,0.8989325827442166,1.0634593631616722,162.83923046410155,0.8251711192964396,0.006530731938063999,8.48,1.5509877474465352,1
(주)나다텔,-0.29141059564228705,-0.34961377422725054,0.022603379701802775,-0.38143430742977064,0.741033837869928,-0.4234570844511129,-0.3140731594518463,0.4912179849726192,5.370547499462052,2.5315915195077694,0.823400395124849,19.48045859945364,0.34827530372278576,4.120231442984935,0.7416882866865939,2.863885687801533,0.20956181213485098,0.598595035653168,0.12140201931690192,0.08861460317992931,0.2583117133134061,0.31371337060657994,-2.3674487549641037,0.7426808089775638,-0.1325111557108811,7.39,-28.73449401523395,0
(주)다농,-0.034849140417097905,-0.15212957858614448,-0.006326047983854077,-0.030929309932037536,0.8588089016578611,-0.2533428620240768,-0.029162503832761685,0.17413827798072024,62.70880922555449,9.472020126910996,0.9428759935750866,1.0719574401955423,7.687280882222014,0.22942291446018637,0.11511081701599386,0.05536277638104519,0.887320268751726,-0.3784639925369517,0.587462167491478,0.022296871281410974,0.8848891829840061,0.9385000668314687,235.4262343404569,0.5550340028309086,0.003986386943921788,5.07,-1.0250608928514306,0
(주)다다,0.13457521388895508,0.09970257713112343,0.2745868850446271,0.11129829053293289,0.7748050959020781,0.11405233060216409,0.08836778444155079,0.11328165170696207,2.6585969237226803,3.0289562164830643,0.7939725221152699,3.361366714949144,0.29065508797045664,3.4649742615674652,0.7748003392389603,2.4642228050765063,0.29680033125717503,0.5002545338993946,0.0,0.9864995731752921,0.22519966076103967,0.283636592562513,3.7733593723878958,0.9011786880921475,0.07516818955492681,0.0,3083.195232690125,1
(주)대양강관,-0.09334431343145864,-0.15212781092729485,-0.3196568680001699,-0.14093787832299895,1.0157811975996631,-0.40963025146909576,-0.07787557774399134,0.09014359327468063,3.661433188517336,2.138625676964794,0.5525525051932275,0.918410168369245,4.260060513653161,0.5023564476673251,0.19011188129953485,0.1601284406165655,0.6147565692582289,-0.38162924010904753,0.1242107485229385,0.008830158502850006,0.8098881187004652,1.465721557840458,-406.02829023225166,0.9468871726150663,-0.0036099000811053157,6.64,-6.930121278727109,0
(주)덕산종합건설,0.28331256993056686,-0.40330089508045075,0.10492272617710614,0.5780016636402209,0.6825930877387315,2.775089712289509,0.13188118450770767,0.08458411185484643,3632.339792387543,2.2786992118121643,0.22816748255900796,0.27589960582154877,20.042347493681493,0.822292601655594,0.04752321480767656,0.3702049009072578,0.8756824835249332,-0.026866522180719995,0.3195747499157967,0.10944241503340352,0.9524767851923235,4.17446331313226,-22.33483493623518,0.15872726874415097,-0.18690370110413354,7.29,2.220444216307313,1
(주)도드람푸드,-0.12172520168009042,0.05252969822931312,0.010037196353896794,0.012316499938320718,0.8674343488623848,0.41160509739983875,0.061058411758095996,0.1012055199491522,13.020141939211292,26.63885314332983,4.957448306245106,100.65225137791427,5.7411694072645485,1.153931473014166,0.14834221476801351,0.9418513699476497,0.1216666379305732,0.11716739804979033,0.4717673827106618,0.03449360231815304,0.8516577852319864,0.1717935785954878,-70.49742610510152,0.8937462643076755,-0.00243687731718557,6.94,4.1193410062603775,1
(주)동성에이엠,0.016316138918601807,0.22751328856798508,0.867363564201959,0.030649427049800185,0.949501542156836,0.23354440885738123,0.05808373801435307,0.017939729845591647,15.359125401173118,50.762365930317756,1.895100287518482,2.3180480294457295,3.020822640575751,0.30623936289191794,0.24870532460412323,0.2396955111032616,0.836868137320971,-0.3695621095736617,0.29216711557477665,0.0006096266727777084,0.7512946753958768,0.39644058963214623,-59.83605943991547,0.7090346700141331,-0.006625446149745757,7.9,2.160289014188217,1
(주)동일와이앤드케이,0.020418534906807916,0.0694534698317195,0.1543294982679895,0.014804887044453286,0.9440454029314135,0.04003686479596545,0.013145037760493384,0.014798207580320556,5.310906561457951,18.095274277809786,0.8878850423528377,1.29815332873772,2.045777846016831,0.47224809912432564,0.3283233546753147,0.3834087345393323,0.7537653162484028,-0.27517489779713156,0.4565400746507362,0.002673793155203264,0.6716766453246853,0.756490551462367,-446.463621561402,0.7762806481036449,-0.001694405803583097,6.15,1.2994624457001387,1
(주)디앤씨테크,-0.09344645097757659,0.012230510035164706,0.21737272642751473,-0.5179753543489986,0.6424077568785393,-0.4363763469501578,-0.28876769287414056,0.7390525658076712,11.747119116792563,1.1384376310471005,0.5574931132332914,7.995428198995153,0.5111674807068965,1.149443330216585,0.6617400207237243,0.15809838960280576,0.6352425970704851,0.04742344366352384,0.10268148756366964,0.0029176935135717588,0.33825997927627566,0.6067518526183581,431.43556555993246,0.938136281876866,0.0014063556671107859,2.8,-103.56553502363558,0
(주)로티스,-0.5106600278017329,-0.5627796169449035,0.8218614548081309,-1.3605015892130683,1.330578520612714,-41.058574100187016,-1.3853009439489903,0.4920290811990701,11.761336752709713,24.156513394978912,1.018228096852328,1.9382773500024408,28.638739711779824,3.094692225662983,0.03373962623662278,2.6465182181322557,0.6127226190936126,0.2621349264500577,0.11971657404772096,1.154614491729816,0.9662603737633773,0.9489625917320492,-1.960434617117148,0.12951214585042603,-0.484057251104612,8.33,-15.536731455895653,0
(주)범양이엔씨,0.09628132623732204,0.10490151282826483,0.25855938013752255,-0.012659944721468839,0.9136943729036178,-0.044968639311305805,-0.018904177180745815,0.07006240794763839,2.9125670344366434,13.268839449879076,1.4932274663638898,54.69793486616815,1.3787673423367524,1.4093824976368503,0.4203857948619988,1.2257563410030914,0.21079730047813275,0.22923923974771457,0.08357008642829428,0.017262864659183662,0.5796142051380012,0.38816203036326485,-7.102727270734717,0.9660968534075698,-0.054649716308636014,0.13,201.595639246779,1
(주)삼도휴먼텍,-0.03578374021660326,-0.07109905368107335,0.15114129381473576,0.0025893558819151544,0.8877991982123385,0.017197635874573475,0.0031231918858405094,0.0838373379729831,5.273238200485562,6.854819840224806,1.2061655594172385,3.2959296220289422,4.506429480859537,0.7463372875075246,0.18160588517042137,0.5338967517596526,0.4511882780548197,-0.18652835971950155,0.6459451372647838,0.04093072354098822,0.8183941148295787,0.6785089397055802,-16.13762362919593,0.8985158474872563,-0.04204515827708566,7.64,0.662602856572476,1
(주)삼정,-0.0042555255733673835,-0.031827716761444684,0.20026837404919348,-0.010688657633675349,0.9029190245857969,-0.03665259180487866,-0.01773945912142866,0.09382373772323584,17.47581271719366,9.615815118725484,1.659652664478585,4.112989900553126,1.066161744503449,1.2906053156516295,0.48398921461994515,0.8812708514997165,0.5086452255255298,0.11063824672145682,0.22115824341241053,0.17529108353485878,0.5160107853800548,0.3109149260108413,13.300860255683608,0.7378073066294654,0.023375550154959627,6.25,0.42291269261792175,1
(주)삼화고속,-0.027072456443181372,-0.10125963941865185,0.0618370978049036,-0.013128308730047777,0.9464456802432689,-0.06603426391576805,-0.026226912370405205,0.07245472504686355,89.22198679130955,64.31736499136467,1.9977373254772441,4.345551469943373,1.517805488620231,0.46176081981064726,0.39717126859867347,0.36361605960104537,0.8616892946918323,-0.16121818361940377,0.0753673187609824,0.027037775398729556,0.6028287314013265,0.3017557532281254,1022.911894592051,0.49687228448997633,0.0002949968172463857,22.3,-1.3837467653795938,0
(주)세호,-0.06305855389595381,0.07179069423111048,0.135031322501094,0.00672252071003745,0.9229888395278693,0.07955715330148638,0.016481799358031915,0.06317695302466096,16.547293862635833,56.130894681494794,2.4517290565461263,5.014476971537011,3.8269701367719042,0.6063608435000322,0.20716929495419717,0.5519397642478987,0.5508090917649622,-0.29160710510998783,0.5634534117210985,0.019013503839947668,0.7928307050458029,0.3233761507736516,3021.1805054151623,0.934370993240264,0.0001070363555550661,6.36,0.8440196378895751,1
(주)신동,-0.024561318560301727,-0.06518670605011001,-0.6608975842259182,-0.0290249194739634,0.7212395510593709,-0.009656489355927776,-0.008814763739696387,0.3601392928777979,103.1812539184953,2.7245127844935726,0.3036964063794771,0.6743975055658844,0.09549043412709571,25.124986641731233,0.9128331648069715,19.305269837029122,0.652916613266923,0.3332691152398301,0.0,1.9226823403686881,0.08716683519302842,0.2870196464692804,4.249389390920254,0.15848081971377762,0.06754373865632562,2.93,-270.0171370967742,0
(주)신라명과,-0.04604041481812141,0.15893405457719004,-0.0457582287175448,0.020030582491691457,0.5929635657903721,0.07045905401178762,0.029540142193284956,0.3816551107042403,5.456611387090913,31.88302869795511,1.4747520300789054,2.813529583833242,1.3851968467438291,0.9831392540544673,0.4192526085908415,0.9185908410632677,0.5822488884049499,-0.007164393177393513,0.11329307589492636,0.07393385308265288,0.5807473914091584,0.39379324765403856,-29.028217703918862,0.7316701868831419,-0.013565877577143696,8.78,3.278502770175556,1
(주)씨제이헬로비전아라방송,0.4092245746227192,1.0956084715336245,0.2614162111460431,0.23631872323648231,0.5749397804395352,0.13405388977800578,0.09703564776639238,0.19190774093002663,3.5491247514932214,259.48605609253684,0.4106134564263431,1.2953081847439492,0.3814911618947776,3.416356246634555,0.7238555175615129,3.4085975899111647,0.5993933767349598,0.28334525052041587,0.0,2.4492656875834444,0.27614448243848716,0.6725168844728853,1.1089127023041998,0.4246377537916043,0.6064651284771727,8.78,16.707843260582425,1
(주)씨트리,0.5121242032573967,0.5133835883607826,1.9001870240974439,0.03418830134388865,0.6015648880796978,0.0363457402376268,0.020728391958042117,0.3650662890505259,2.0874023103533927,2.6017415706767233,0.6063007269516605,8.628673731788865,0.7534278737683523,2.7573617919444304,0.5703114539013604,2.1233878325074675,0.3902820950945385,0.3885942545064684,0.13778890661088106,0.5857914999493161,0.4296885460986396,0.708705312393429,6.538757119004598,0.5146137880720513,0.1083853245341702,8.15,1.597377871339236,1
(주)아시안스타,-0.2886437932674925,-0.1425592721059974,-0.38591426931925643,0.4148422776572289,0.5528721063665902,0.06364602841158079,0.05858337991675743,1.2286046808146451,18.749530608680466,2.5014079387197636,0.14121844149443954,0.7318451916824957,0.08641782877698433,4.53336084278125,0.9204561758027594,3.6773367246619943,0.8347026626424727,0.12883491067452002,0.0,0.42473685634656494,0.07954382419724064,0.563267965256313,18.502773102815176,0.45839418774477425,0.030442353809689876,3.4,-118.43907173740403,0
(주)아싸,-0.4860466660867267,-0.291836606385486,-0.19666746552069414,-0.2634436395958275,0.7558858386375014,-2.534273569375169,-0.22439246403473237,0.46673418200022476,2.783915810431258,1.1694154688980583,0.8517664893295316,17.251884851128708,10.293935968942726,1.0148804985172983,0.08854311024127394,0.4052064760415229,0.08351582654522402,0.013437780511247862,0.5624498805400088,0.032723991048621386,0.9114571073147109,1.0700786174766803,-11.933702113841518,0.9907722323917557,-0.08966862146119188,2.55,-20.159454145946572,0
(주)어나더필,-0.10848875920523463,-0.5906514292304673,0.8575831414469748,0.5687697728334026,1.0564978594570968,0.43992782588433127,0.05691889131939912,0.3269422862626935,34.109140134667115,2.1461464888626436,0.10007369244650619,0.12861194126464898,6.7290301284275875,0.071588758291557,0.12938233948939754,0.009446633115478333,0.9432471191370159,-0.7360095893540385,0.7753408888164246,0.0001682222316203142,0.8706176605106024,8.69976553504295,7388.467717224776,0.910574763383597,0.0011774789940221487,3.02,-2.002312008042235,0
(주)에스코알티에스,-0.1723272329088436,-0.20266318341170894,0.2611707688220471,0.00722415085346243,0.780221504727913,0.019390453822335306,0.008604737066838335,0.23279198840585924,2.3458121905334446,6.194843586548711,1.1911070576155272,9.147067072864838,1.2534630111962581,1.4973087110960217,0.4437615099511898,1.227611028012039,0.1671390411011783,0.27662232038240503,0.0,0.21307705365922405,0.5562386385164166,0.466992983510608,-1.5965298942502404,1.0,-0.2925050042548163,260.72,-8.008821724455354,0
S&T전장주식회사,-0.023575001822697363,-0.10280497609578913,0.11814446664351108,-0.04996708246324624,1.0322850700677646,-3.511919945762324,-0.13448749359069428,0.013055054099825946,30.397511140682056,12.262879784245964,2.691521837193873,4.135162578630285,25.11335888991648,0.41996066165368057,0.03829457836958223,0.1421250855249922,0.6575273934668068,-0.47301474217379674,0.0999905808466483,0.001164273926942231,0.9617054901333513,0.35730919097279407,-50.24190662286258,0.8479595438244961,-0.007111776104655242,8.39,-11.16624252529178,0
SMEC(주),0.12435415191024389,0.2377267735031886,0.014688074320451277,0.0027629874871587285,0.8653833352525774,0.015262965877737187,0.002439957852883975,0.10024286247337778,4.084509099296627,2.2416791972220507,0.8830868269306077,3.781986996662991,5.255422158962898,0.7726094828076321,0.1598613187259324,0.3459715085749029,0.3826393379357965,-0.18169846910351067,0.4966944918379478,0.0054455970818246,0.8401387167932957,0.951365925945709,-103.93891908756542,0.951103806068625,-0.009153125069005305,9.54,0.7223511214230471,1
경남섬유공업(주),-0.2054165001612467,-0.2721662423142901,0.012724627179612197,-0.38120857686370974,0.888194402036078,-1.0081225555353677,-0.276803019072615,0.08348980558175569,3.054820137910654,2.18232143324707,0.7261195992753806,2.0072172611074106,2.6420215318204394,0.9649153440731343,0.2745727863668496,0.5054750231363525,0.37933453814932294,-0.022567611043264487,0.4144390415982773,0.011914471156360443,0.7254272136331503,0.999046457852231,111.48262782870408,0.8866955372027516,0.008961454150392754,7.31,0.6550324831089309,1
경인포장주식회사,-0.11819941072611331,-0.2632679193353103,-0.11063815712591181,-0.1610095949475999,1.019321975191599,-0.1578836598403318,-0.10151342208975668,0.13974471626843385,5.34743803924549,13.288898677045564,0.6304805755383331,1.3437076891409752,0.555298285869552,0.9767443049474617,0.6429634465809665,0.7995060305761568,0.7334875616901355,-0.006345501029950746,0.07987208876135968,0.12263164570279048,0.3570364997631899,0.5662926244132674,-10.26993039371537,0.7642298182981084,-0.05514084348223111,7.18,-15.427768423137877,0
계성제지주식회사,0.06305079993427784,0.13541294270119933,0.07124903624135404,0.047319903039932505,0.9182490235918827,0.3311055154372719,0.07313926563245794,0.04301455113657796,4.621416395710118,6.210154298404994,1.5456343089024693,4.561128790987309,3.527055509432583,1.037409294225224,0.22089413260261503,0.6473332053863187,0.3921930763068197,0.021917702059735106,0.2335577456953141,0.061969097075266294,0.779105867397385,0.5040686939400405,-46.025870218961344,0.7520020582358828,-0.01095185580505067,13.06,1.9269433021492308,1
금동조명주식회사,-0.09613456691072067,-0.17736451392498512,-0.2247014427433092,-0.18783308975572258,0.9457055557629886,-12.674784859400715,-0.14223225106438683,0.13604666874284316,3.6318443998641476,15.029067398951371,0.757226808382699,1.2034463596439955,88.11329719209037,0.33142605154829896,0.011221669846245565,0.2725364990453992,0.7318373565419485,-0.5409549325601753,0.659885467692552,0.008140817354187898,0.9887783301537544,1.305788859041597,-91.38977331878317,0.818300271500094,-0.014288128875063318,6.66,-1.3293261025972207,0
남지리산관광개발주식회사,0.3071891861588841,-0.01145687995862298,-0.06259211155200699,0.21623209557171244,0.1364145574922604,0.10248484498534113,0.0452751903854714,0.8874746123936931,61.77678675076423,0.1110331640619125,0.20938237806818125,0.3272448411199724,1.2635983220123146,2.4390116762205536,0.4417744925305523,0.22591176575121982,0.716494898091673,0.16726740420790384,0.07869065052773885,0.17942295313546322,0.5582255074694477,2.66605772949848,-267.0486244000376,0.208227134276527,-0.009983416823389952,5.98,-0.8575861487436056,0
농협대구경북유통주식회사,0.1418610899521002,0.2983641121921818,0.37964675918137264,-0.0206960897697717,0.9029006307998969,-0.17733858376499897,-0.06519519482520333,0.1123106522638481,23.129365965072832,18.97351358076512,3.150121378021183,7.166269408343385,1.7201173988430658,2.417224648757302,0.36763119136891853,1.750777696350426,0.45628550663648354,0.31878112043806633,0.39610198504278554,0.6100169601541071,0.6323688086310815,0.20074426752035746,6.966408351319941,0.35569966427087696,0.02881603509250531,3.87,-4.073454706187581,0
대림보일러주식회사,0.05099551419996395,0.1544450153712561,-0.02439477340273992,0.002204022507816015,0.8383838802621105,0.002170856548229785,0.001371562848022715,0.15245195025438102,4.080576089914748,6.482327279822715,0.6222998373014841,1.531137581427134,0.5827612649025564,2.423677107382011,0.6318072233474614,2.094035353709383,0.4082418060701892,0.34760093724396074,0.08412895270794764,0.7060749112711485,0.36819277665253863,0.5916645876835754,6.522249467459384,0.6631231246052702,0.09071480485919636,7.73,0.7890946342371987,1
대성정기주식회사,0.07377687100586083,0.006295957134084933,0.33903126659114663,0.02519608732467671,0.9181081398329435,0.08931374603800275,0.044914916497192765,0.0770511769063677,5.462477187007184,38.467223538212195,1.7826147337250928,7.563265548355821,0.988509675701723,3.6153467317013552,0.5028891798814663,3.3917948071070203,0.3119309392808979,0.4977500922268873,0.0,0.10843259821783592,0.4971108201185337,0.27886610085384606,47.32637632910327,0.3828501830775564,0.005892403401321852,0.0,42.20968671920046,1
대양개발주식회사,0.023860582378037596,0.0883563613159009,0.14567772714201102,-0.07805701831680686,0.8345771968769755,-0.017339626146691583,-0.007214122996026618,0.2198275513619174,23.720608257109436,5.197226137736609,0.09242119608959373,0.10560119420114812,1.4035667476478944,0.5579278247055923,0.41604835853990313,0.47557018383076216,0.8994596001229935,-0.0796628368589632,0.037554053903112346,0.16469475867664737,0.5839516414600969,6.3183735567976225,47.115602789850925,0.3085927394353997,0.13410363409716686,10.67,-1.2545368117887201,0
대양산업주식회사,-0.039814524428374506,-0.06667238180766526,0.26095619359470773,0.016786319045587635,0.9556861201948079,0.06240134561044464,0.020195912871281564,0.10055726528209828,21.578280968429837,118.57179171857734,1.2031174205872226,8.255356250611849,2.0898006942374407,0.7940996507607327,0.3236454706819848,0.7759162768511059,0.5765106948630955,-0.10980560908602657,0.3573771035087498,0.04360647157083597,0.6763545293180152,0.562168345121208,-115.21693436578417,0.7884842802201169,-0.0048792163080512785,8.06,-2.3357157245229097,0
동남주택산업주식회사,-0.01960185100229114,0.7097278472144342,10.162515186837423,0.3238990465239644,0.5137194680976025,0.43848460279166945,0.1317381612554504,0.04289930005121576,711.1527911687917,15.325573944522862,0.40672599277226795,0.6635450360281999,2.3284554857127677,3.3754061706362166,0.30043965151050284,3.2347605237487183,0.6728017672305474,0.23026227418293962,0.08712738667077735,1.9149366610936116,0.6995603546852626,1.7199794631196756,4.855631139102554,0.13856696986513076,0.35422366605828554,0.07,1771.6304705094649,1
동우공영(주),0.1850838557879262,0.07390439781464417,-0.09695077893338054,0.044476119144816494,0.9613227994352321,0.40429635357442323,0.13382535687212554,0.05103034033794567,7.120258951451912,1717.075649950277,3.008926125869557,60.56862808858314,2.021074354098241,1.5416780206824205,0.3310080728875306,1.5378341288880564,0.3243623148779135,0.23738944128773715,0.0,0.3801764072745065,0.6689919271124694,0.22233577666156085,18.150978526950073,0.6550874922002938,0.012249244652647394,0.0,-27010.956521739132,0
동은개발진흥(주),0.08557589598212278,0.26972544659332176,0.34457065208169546,-0.0903962734114596,1.0898841251387505,-0.1651901105975728,-0.01969150942180567,0.16620710035214137,19.056805884003367,4.030627365113195,0.21783541155701405,0.590276510397074,7.388900366096223,2.711371510575995,0.11920513492346438,2.2373932791806497,0.6630489681902201,0.2126777514808149,0.07903406625975577,0.06611460177684461,0.8807948650765356,4.043396152998775,159.42989685378117,0.14109219439893805,0.025361592980939564,9.75,-7.223268644652245,0
동일산업주식회사,0.0016078386944865526,-0.028418190661793335,0.0830462428804621,-0.02613311928814913,0.8195210541453691,-0.09582950282599192,-0.02977657719329825,0.2023029488810935,3.293606802071267,3.801611829783627,1.1394191739981594,6.30991546240917,2.2182847008876516,1.1760048143364883,0.31072452966146374,0.7961392406715704,0.23957751918926926,0.11380736161994214,0.36782305573791524,0.0400757396429106,0.6892754703385363,0.6049358182379067,-8.788707357061623,0.9381083132582007,-0.06883103437866181,7.26,-0.959363669915981,0
리얼텔레콤(주),-0.16359096821469418,-0.23076775545621211,-0.23082981416375972,-0.27996422381426184,0.14344663781793354,-0.5037838839021886,-0.14389521225046395,1.1349718408864302,4.785495013113718,0.5614773268907459,0.5139771442580074,0.7448957178203982,2.5010468800400574,0.8016065057459076,0.28562885167323393,0.395102314324283,0.7410605851925021,-0.06408617561800727,0.2570503643375319,0.04445448229093482,0.7143711483267661,1.3898889402135832,341.7207900832118,0.4521817421967713,0.0040673233252069155,5.0,-6.3406931885002304,0
미농상사(주),-0.20334189235857228,-0.27178790972478656,-0.07839092622830193,-0.44960092646348193,0.8419966869653721,-0.5536291551517257,-0.13123988411849888,0.30193934568896785,1.2302702910027419,3.6764611160360037,0.2919030553402532,2.683177558652687,3.21845202676226,0.4454690804818019,0.2370537803099111,0.3454150324072521,0.7023526998915941,-0.3705187144362674,0.6258490015741488,0.00022223824138793596,0.7629462196900889,2.61369727288661,-1304.228988806678,0.8757707913096212,-0.00200401715904049,2.85,-2.70192554740358,0
미화콘크리트주식회사,0.009939975704683187,0.4671586593941323,0.5078900287622152,0.022037488308821473,0.782983359711531,0.19174031349404055,0.02506395087796669,0.16581585027454493,8.382985674777814,16.343303232886548,1.1373324639693057,1.8057910576090832,6.650043459931783,0.39521315145162345,0.1307182116333908,0.3301545905209077,0.669000707891242,-0.5065216529635226,0.4877547800292992,0.00452150535962137,0.8692817883666092,0.7643163418837127,-1929.5390089849657,0.9634631212578287,-0.0003961134438457305,8.6,1.2979133168971309,1
발레오전장시스템스코리아주식회사,-0.05796347565860908,0.044517723058627695,0.09674104611177364,0.005317306728085803,0.8717778109335091,0.00985073374601504,0.006464583998926669,0.1168467769810737,4.4224149291457575,25.085266045516835,1.2157628531716993,2.351491527238747,0.5238001003081686,1.3788206974730817,0.6562540583884744,1.2177795020164854,0.6382514680251317,0.09938770968823403,0.07846619731172179,0.16120178807301855,0.3437459416115256,0.2827409479692165,13.848510128041237,0.7632404940016244,0.020416705144093935,9.16,1.830042811305588,1
보문관광주식회사,-0.08141564738497242,0.11142439276945933,0.24637913806618336,0.7016740224741483,0.6195239787963582,0.19151621327239604,0.08159070994216217,0.3943267616521552,11.290461091490478,6.043135006281609,0.11628007782654971,0.12726056732404994,1.3472796884582672,0.05664896408716542,0.4260250792767849,0.034908147342886026,0.9689388697486038,-0.5172477532720994,0.31300311921529306,0.0010648889178240409,0.5739749360834354,4.936141657383567,-201.96859748023155,0.9552836701632408,-0.024440144254934043,6.09,-0.08616541155665416,0
삼성건설주식회사,-0.07089454609705383,-0.06979537253015446,-0.9470640564841156,-127.81742409591955,0.7899052407658094,-2.0683240115247656,-0.040379399159869815,28.89970992071166,0.0021069166271373632,0.002950632421820088,0.0003159146684850058,0.09031225930848509,50.22225824450416,1.0138802712364936,0.019522762843188272,0.916018116771168,0.12380331740459928,0.011995348998070001,0.26762107842051047,0.00028259073992971455,0.9804772371568117,3103.614155869271,-1085.0447775321313,0.8814088761639134,-2.860355830593696,23.38,-0.11907976419390913,0
삼양물산주식회사,-0.06376814987776296,0.17835762662994276,1.5078382689107002,0.049152831512011934,0.8372113074787435,0.0659272522185831,0.05633142170246466,0.20384244305794938,3297.221651140379,9.923056404287308,1.1460463206213956,1.4765876525534962,0.1703459672436882,1.4756114188755851,0.8544481956520307,0.746741540124127,0.8042444658894867,0.06309487242786499,0.0,0.5142609696853396,0.1455518043479693,0.12700342187656946,30.809108527131784,0.9114318480816511,0.004122268638987881,2.97,-17.51105385638298,0
삼윤상사주식회사,-0.41386969877488244,0.2626311439163963,-0.27974797718815964,-1.7380858646967248,0.0,-0.2278010580937918,-0.19084821282003353,0.9257374823839434,20.346274346781307,0.0,0.10980367351030398,0.13028856692003793,0.19362426678107872,35.21490366477162,0.8377845757918131,21.992974878686564,0.8518837366688715,0.14391014262332183,0.0009159918385893244,1.7754563076482757,0.16221542420818688,1.4773223793187993,76.10142472083173,0.025928890606979654,0.019412545622347625,0.8,6.9438516378547135,1
삼한화섬주식회사,0.011556085279302616,-0.01838940038142496,0.25763459734407607,0.002829421604717443,0.8802770367658111,0.01571450626764438,0.004343356193198671,0.11666439433383013,3.003996365396764,19.068855794310068,1.5350685758379283,15.30169248404676,2.61805595299208,0.8199472271344851,0.2763915148986571,0.7190968798623076,0.42385599261939316,-0.1265158494527305,0.39823804547843883,0.004707879497694584,0.7236084509369283,0.47138509792107586,-54.934121113405055,0.9710497738923843,-0.008580916347928031,8.98,0.1370934516321789,1
상진물산주식회사,-0.06320923180046756,-0.21257868048538558,-0.11308631219160753,-0.8645650325871351,1.1326910361764428,-0.016196329635293938,-0.014400556566962317,1.819854538585057,8.550660259257764,2.1374233566234135,0.016656417995381922,0.016901620261445892,0.12470164329977866,0.1641429220170633,0.8891246900520972,0.05572625293486768,0.9866362413416951,-0.06805162309611297,0.06007331372647273,0.0025623931128438506,0.11087530994790287,6.656611882497402,-141.31451774613996,0.7342967680782364,-0.0471049400207802,6.75,-8.70108386825213,0
서울냉열주식회사,-0.22721455743502048,-0.39978541594060557,0.046543271066406086,-0.23851089414196505,1.157738886417664,-0.09441267248398677,-0.09124184709474563,0.09122938085476809,4.330575120524144,20.01280927999708,0.38254792269755694,0.4701049445939256,0.03475198085935606,7.620631714798116,0.9664152564924064,6.702403499656404,0.8163348446220491,0.15956411464384737,0.0,2.483767158875685,0.03358484449581379,0.08779251566441265,0.9486322275151895,0.717616564730787,0.0925464190631315,0.0,-559.3730723606168,0
서울도시가스엔지니어링주식회사,-0.4083350703204177,-0.5379045674832901,-0.4087993276312959,-0.058234420946709664,0.8924079003108988,-0.766215572934376,-0.10592603317008734,0.17906913411049896,14.080829706630746,68.08825364048955,1.8189591559091878,117.79804286220333,6.233496337052951,0.7564910631930369,0.13824573254811615,0.7261211183180808,0.40615383458304755,-0.19115473454135715,0.0,0.1460410829209915,0.8617542674518839,0.4737622967796355,-10.956510778311676,0.9109335800325935,-0.04324025288392396,0.0,-25.746031208746572,0
서원풍력기계주식회사,0.039862655206766746,0.25423063330856244,0.3450484788566895,0.04653841725754084,0.8330368925110205,0.02660441548468765,0.02192254209143162,0.11248101212644773,2.7759564769461353,9.688858692290754,0.4710633361275174,0.6368569091473065,0.21356434731563056,1.7430625821271193,0.8240189341520878,1.446213931770483,0.762179757159745,0.10138208779132112,0.01615688526474679,0.16178443491309327,0.1759810658479122,0.37358259994208914,15.803613728749884,0.775300197163527,0.02363906169526713,9.02,13.212832086664948,1
서진종합건설주식회사,-0.25877917771806463,-0.29045955982697835,1.7870253389255748,-0.6459347514166593,1.0681314283919607,-1.1564124159830893,-0.10690661566999111,0.25323551368165403,8.022618749757726,2.0977240720412182,0.16550683398830038,0.20837091528655147,9.817033246593516,0.1883037831254616,0.09244678991024813,0.044156131940151735,0.8899110841797742,-0.47454588810223375,0.7819770347749878,0.006570222328832689,0.9075532100897519,5.483478767734186,-83.72277347247419,0.6441879481806663,-0.0654956655196929,12.47,-0.6005811960900608,0
세안홀딩스(주),-0.03771444209167561,-0.5582399097671557,0.015513441504512088,-0.635762556299674,0.20498081620407507,-0.06954957048187803,-0.03444200931677188,0.9939982508391504,236.1322774638395,60.023626603233794,0.0541743280970093,0.054545985827162274,1.0193238271496072,0.01890370110437043,0.49521526988791625,0.018313494631139737,0.9940744673782982,-0.30753332863440463,0.3076728037957892,0.017023042868106356,0.5047847241650765,9.317784675818494,-85.15636863437538,0.6209753311663172,-0.10941970430685027,7.96,-0.4474198348996466,0
스카니아코리아(주),0.020910709167011467,-0.051433926611821404,0.5387498803387237,0.005257787869006722,0.8942517227788033,0.0836138274591217,0.008904333456682682,0.10876861498644205,4.368275664153136,4.184976037585809,1.6935512954357452,16.052215037807432,8.39023984130414,1.01128538417796,0.10649355169198488,0.5696749782249511,0.17129570075615794,0.009247880412645803,0.5943584792553542,0.020302681418210133,0.8935064402480734,0.5275933729649311,236.77369334965113,0.9171242353258701,0.0022282600972305545,8.3,-0.09386017402745146,0
신동아건설(주),-0.1978208593805062,-0.2890402158852506,-0.21057965113049923,-0.30519430789750496,1.0404737713244323,-0.41408364969543604,-0.20168081941385374,0.10573303625734233,3.506158622077351,2.271435905129774,0.6608275914555566,8.30329950333948,1.0531632650982379,2.2146046129488637,0.48705332741872964,1.2812484237709783,0.28176327696818887,0.39391845925133395,0.1781755501959847,0.3245349314709243,0.5129466725812704,0.7762186071126967,-44.36711268677073,0.6322650698725271,-0.01749535996612526,10.25,-4.386490048867282,0
신동페인트공업(주),-0.4258394597905479,0.08734561926516705,-0.006927799447818608,-0.026519320633460495,0.828343091101561,-0.055875706214689264,-0.027859711969938313,0.1695844281182297,4.396518700737803,6.792155084183852,1.0505439545380582,8.709292155751195,1.0056096155976515,3.173068789009237,0.4986015185722023,2.354111191374488,0.5035959293966552,0.33996117458962727,0.2973347492504407,0.09760473841082751,0.5013984814277976,0.47727510996745587,-40.38993548387097,0.3120131029679747,-0.011816684138008775,5.39,0.06957025155145756,1
신명산업개발주식회사,-0.3452719008385987,-0.6109184912281601,2.1099095148929643,-0.15685733689842457,0.819776317619273,-0.15512307923815255,-0.053168523463195706,0.13750383776343814,8.072521410313023,1.9573300957479098,0.33896102352946245,6742.631168831169,1.917573578012408,1.090256814882833,0.3427505676416388,0.7185722949518348,0.5835763440627146,0.03447359586631274,0.3098866988725251,0.1053747134327154,0.6572494323583612,1.9390118235857674,17.157710308248713,0.5811341041413282,0.11301110630441005,8.58,0.4260697174954568,1
신성교통주식회사,0.20773696622755156,-0.14268426303929801,-0.1946725755689116,0.013702345912525494,0.9298964878693374,0.17289251858762017,0.0133691997019535,0.13268883442114365,1251.68369721822,73.02015629997358,0.9756869215900132,1.1510157429779042,11.932151695090411,0.12939651324622325,0.07732665248426077,0.10377965577024942,0.9372376704858374,-0.422276470524713,0.2684499206289213,0.03576904183555953,0.9226733475157393,0.9456653841501931,-81.81967219394106,0.5256885346746203,-0.011557921937265129,10.51,-2.2120237715229925,0
신신상사(주),0.3177502226491945,0.8747149928526705,0.3021543793615258,0.0020443366985199284,0.649853933673663,2.973369666191862,0.0018749602882622081,0.27418467857552087,5.008678911209752,2.214100732992648,0.9171484763833929,2.973187621702242,1584.8307425527962,0.5270325329177975,0.0006305843197302675,0.25450020976722537,0.4794320437512343,-0.4671660520614195,0.6562936255528841,0.003200971551800248,0.9993694156802697,1.0896484499664656,595.9539357242664,0.9883572508948912,0.0018284105274717405,9.53,1.14036302269611,1
신일정공(주),-0.22443377809644602,-0.5657490332129798,0.3160812076689938,0.01169744108692803,0.8971577590734127,0.10148562968170403,0.012336573419703267,0.07566182728817705,24.42564117942528,10.875659032984206,1.0546386451554324,1.3413967919497987,7.226403412767521,0.3384093556595362,0.12155980564337297,0.1984834147896994,0.789592976592039,-0.411345950879326,0.2633679256536213,0.00535750776058987,0.878440194356627,0.8329300262149627,1724.6510962821735,0.7077920367050842,0.000482955670286302,16.21,0.5498753465613969,1
써모메트릭스코리아(주),-0.05889414581706046,0.3075021064934359,0.302948746901699,-0.05572708403122602,0.7792007132286529,-0.15901595581768366,-0.060583916088617344,0.2863858275841111,4.781004029294746,4.518089229853517,1.0871538883080598,3.35363385644465,1.6247223039376943,0.7919844198847,0.3809926857785173,0.47056963109016026,0.5380057543382751,-0.1213432974290643,0.0,0.043254938839914284,0.6190073142214827,0.5693833420260725,41.18640049587516,0.9423758486996962,0.013824547306169584,6.15,-2.987413386555501,0
아남텔레콤(주),-0.2510158570500551,-0.26320115659969917,-0.3866314785292644,-3.2250010378550207,3.294910952039237,-0.7853459094972567,-0.3763367840157043,1.0639518850412473,4.446621528075369,14.639398959839529,0.11669353888518731,0.14354762708451899,1.0868167632119765,0.5406353585895385,0.47919875747060076,0.45161419902859246,0.8404930393197162,-0.1355292367949676,0.2607106653612057,0.03170576877685628,0.5208012425293993,4.462982676717057,-14.447268704389415,0.5665045700547383,-0.3089153228915234,6.64,-13.632972065425397,0
아마다코리아주식회사,0.5569826517926824,0.3375801488692198,0.6597910458515884,-0.08474117195064614,0.7780289254957157,-4.115310196240704,-0.05814222556984169,0.28190055607132236,2.3419811652047926,3.7601245883747882,0.6861154292709586,1.3633129853108494,69.78005968824336,0.8804733646626292,0.01412827291195547,0.6189002018668319,0.522125713250286,-0.06487271960525061,0.4264108537859082,0.15106891454183763,0.9858717270880445,1.4368890204605895,-15.135537027640112,0.5505249402958928,-0.09493478941887436,1.59,-6.753163436626669,0
아이디스파워텔주식회사,0.0053179600826936645,0.16191219646586513,0.1808619024717122,-0.0429740208078287,0.9642727581648667,-0.03812776197577246,-0.0227629424044384,0.133502412104298,2.482057083822542,9.594723652247826,0.5296907754159138,0.9489163606587803,0.6749926959567945,1.3947245527799617,0.5970175332846094,1.1986724557936714,0.6212899301031782,0.1071797027415453,0.15450807496661914,0.3133145128692217,0.4029824743252538,0.7607881674149063,31.605378047943468,0.6738019255301902,0.02407147815985103,8.12,-4.916455123768849,0
애경자산관리주식회사,0.05900536349563602,0.25213994226273984,-0.1333902605794241,0.0018701251853650133,0.7447969184588572,0.14232626825198447,0.002708929108488522,0.2646959598068231,52.53576963883529,6.564878887960915,1.4485282213659885,23.59117369141855,51.53967945805465,0.30015453293736966,0.019033233581958624,0.12360304580756697,0.7206095112733492,-0.6514316647570298,0.4334539760514415,0.014837132175384803,0.9809667578644288,0.6772161863297073,99.25500820890161,0.9488824631632643,0.00682299259805987,10.1,-0.31814736503794994,0
에스제이오일주식회사,-0.08781210054021416,-0.2003553264285425,0.3124360053107938,-0.006106888929449496,0.9526963843676428,-0.616960341602083,-0.02517010763981896,0.056112098607696406,30.787238751648324,91.27532615032442,4.121592504890688,7.674835900516718,23.51162772171008,0.4771859679151193,0.040796962045338024,0.43002567783315715,0.5647112672832965,-0.47691056412928695,0.32368306230856714,0.028610398233845834,0.9592029837867235,0.23272630243007572,-10.77214187296402,0.9509970862234906,-0.021604459463551388,2.1,-5.521104832199285,0
에스케이에스페인트(주),-0.14163145972269564,-0.25710917139272577,-0.11314081933571363,0.008943895944952441,0.7793708015663069,0.03316934801824667,0.008891400705569206,0.20630788161098498,11.406629429282171,6.947633361676307,0.9941306070971385,5.238060304536855,2.7304974903977457,0.7651525220895877,0.26806076202275636,0.6075392058428853,0.4586155324501068,-0.16616657870609142,0.5751753516883422,0.07957898558327318,0.7319392379772436,0.7362606409579384,64.92139190523199,0.9666800323635373,0.011340801842829921,9.04,0.2918300631229312,1
에스케이에프자동차부품주식회사,-0.008498699299647817,0.18368821813975414,0.15157890276768013,-0.064578067822739,0.8495406749027093,-0.3396585259014936,-0.06703302308689728,0.17647689842102116,4.712222063204244,6.860080018897254,1.0380153099485248,1.9784093259317534,4.067032788617966,0.5756674107512999,0.19735416006114895,0.4087944695534158,0.5565501847595201,-0.3268731298463999,0.5793831118839794,0.06917351777832978,0.8026458399388511,0.7732504831539088,23.567043494293284,0.959729567832266,0.03281066983820647,5.42,-0.8399927762579679,0
에스트라오토모티브시스템주식회사,-0.20132362679086624,0.0675170711778358,-0.11710109318324023,-0.24128772577899213,0.9534283060743289,-0.8659660832649575,-0.25539950594353045,0.26185112304253083,6.826704167569011,12.137459514492681,1.0584852798416444,1.7161126160479316,2.390633360510297,0.58631950522011,0.29493014897372893,0.411195497807252,0.7216227617098379,-0.1964103761301411,0.2619796886096682,0.06875535986679383,0.7050698531568681,0.6661121005502794,807.9089202359329,0.6733908908813702,0.0008244891025039745,11.23,-6.070633621174568,0
에이치디씨리조트주식회사,-0.09651957236740465,-0.08171155865292049,0.33672974087952173,0.0141815542304175,0.8975441703536101,0.00672072480976578,0.0015611435697902459,0.0562029993153829,33.87008094337823,36.723925554964254,0.11008268518564811,0.11658029423389535,3.305001115732598,0.10041163438336304,0.23228797696370082,0.08904282212761709,0.9762373582328415,-0.21288961771512224,0.23069271983912065,0.009012465172765015,0.7677120230362992,6.973958000221352,-2184.4795839282074,0.3082565474933699,-0.003192503171707624,10.95,0.15026868929727002,1
(주)연합뉴스,-0.02824345504851407,0.13208713924493073,0.028449797778570114,-0.00931305273732324,0.9314257879455827,-0.03128554023191739,-0.011371533256225851,0.179973747897942,5.163317101285105,60.4276102037105,1.2210317687403391,2.5018599127069177,1.7512157075934598,2.5787694729878456,0.3634756878714422,2.442817322284356,0.6430016240095738,0.21856088488084038,0.10464119678136759,0.5096969877348542,0.6365243339288071,0.5213003872826903,-34.45414811091208,0.21748970735354406,-0.015130264884348937,0.02,-4912.982677165354,0
(주)열림기술,-0.09758020332187602,-0.0976823155900122,0.45620795087086763,0.026340636239280346,0.8670964559576834,0.10639135690703036,0.04889930642658286,0.11348745451865509,5.127725918434774,8.785895928451438,1.8564208541653222,21.143188727672726,1.1757232296692333,1.542521786267201,0.45961728328470625,1.1584464631368894,0.26417812105646155,0.25879660416659156,0.3131839805166895,0.171655052877552,0.5403827167152937,0.29108847571002905,8.336916262650517,0.8827544997673799,0.03491560506780053,6.72,1.560802220317434,1
(주)올메디쿠스,-0.025016864552224287,0.26859075116522496,1.1024935866194656,-0.2856096046068421,0.8405389536535011,-0.6864483740293664,-0.12969149448270398,0.29014631155875326,9.60108342980125,2.1402696295431474,0.4540866006982914,1.4547789717092188,4.29293184902503,0.4781071996612725,0.18893117004769208,0.18093456526816298,0.7130907749854306,-0.31318469789192044,0.2995361881758541,0.022308017760061836,0.8110686371713012,1.7861540858594929,54.44595136723047,0.7398805667044274,0.03280600377082455,9.25,-1.1814315870274419,0
(주)이화테크,0.09140523791965273,0.23154824583069025,-0.10521997889402551,0.011252142891139185,0.6790747559566163,0.011178291217235325,0.0038437386785330724,0.34344180271362534,4.957877224642929,53.00179898135601,0.3416005925022452,0.7281741551236635,1.9081818906329548,7.882167060554364,0.343857446888356,7.815176936440611,0.48503165946131827,0.449634906178112,0.0,0.580567511307968,0.656142553111644,1.9207886857143883,-44.94136474741037,0.09957185644559968,-0.042739883323749506,3.57,-223.86904761904762,0
(주)제일니트,-0.04180836033344622,-0.031073924574121937,0.06915246378286398,-0.04573067829481794,0.9469491328813341,-0.17040696713978773,-0.046501442431324015,0.1370169724193052,42.0979834478153,4.287743614508519,1.0168544216977735,2.034842272666225,2.6645522854791968,1.0821124876411157,0.2728846314903199,0.5480144691215854,0.5450034900493806,0.0345258886915847,0.40452491581286537,0.028451680337295428,0.7271153685096802,0.7150633886172856,256.2410100241086,0.5782722240087501,0.0027905891744260934,13.66,-3.0898960442613252,0
(주)중소기업유통센터,-0.043706826063705094,-0.24144195929537415,-0.05490134561839819,-0.060442082884038885,0.8126838427000083,-0.08087196874344296,-0.048990419161041486,0.23084811248038886,19.7405200819696,58.18175874058972,0.8105349257243835,0.8882482463248884,0.6507711125638737,0.5171324886504163,0.605777501428931,0.42760405421809333,0.9346045780337591,-0.06106234930414718,0.24053400849846157,0.03178255582790159,0.394222498571069,0.4863732407567117,138.65785193884602,0.3207776616726778,0.003507722310390492,5.14,-2.311438700884982,0
(주)칩트론,0.07703769247420313,0.3704727222384998,0.7391433423346779,0.04844820801298371,0.8190767773845788,0.14799769377312524,0.043508170793584044,0.07584874937005101,7.810285227956875,4.937005091018336,0.8980346761623097,1.49931333617515,2.4016068952949365,1.0226176855202795,0.2939787079404115,0.5966295968182169,0.6423403164096961,0.007910516668418912,0.3757643520274996,0.11165474738757472,0.7060212920595885,0.786184888847191,35.40408856353814,0.495380480525743,0.022206047966360155,7.11,2.541078306151972,1
(주)코오롱스포렉스,-0.031373234282985246,-0.1610714203869317,0.09176731344947574,-0.07918519284548137,0.9035643920387916,-0.1134711359540288,-0.02116787944769785,0.08853873165650411,29.850366405354322,44.12029964033867,0.2673211832546011,0.2801420841967923,4.36053398954534,0.12195316367319001,0.18654858144959185,0.09909244339159289,0.9707950013385332,-0.21027217258872144,0.21389708063321028,0.027556403699093304,0.8134514301124125,3.0429740741408735,-909.5155064313877,0.29439639834070286,-0.0033457088445697984,8.95,0.09276910030521467,1
영산콘크리트공업(주),-0.009766350686556017,-0.10673874606864546,1.5462658852429976,0.03613069538425722,0.773571487259778,0.043253273259599045,0.02908779997692331,0.17600637831772833,4.114100475686245,48.76008462908973,0.805071689530708,2.293813322503659,0.48699019155501116,2.356780422658951,0.6724993921810983,2.301396210949348,0.45649480290919375,0.31289177554955955,0.09647483655606216,0.09617938420498169,0.32750060781890167,0.40679682577064435,41.77112089579314,0.7041618123309537,0.009738709832218407,14.87,5.657821989151394,1
우국물산(주),-0.07278353432606534,-0.12290232123069644,-0.1535248447667978,-0.04123751102374573,0.9502783169287419,-0.20948726892221833,-0.0605344585584492,0.07951103676138217,12.698993653183758,4.226762244276869,1.4679464656242647,2.859262047550031,2.460628440575666,0.8993886478227997,0.2889648562888343,0.25070745035186043,0.5424177236102268,-0.05118807277737292,0.34484439561730135,0.007564339782198143,0.7110351437111657,0.4843740288640486,-15.391619695196104,0.7155347434891588,-0.03146998421584098,7.23,-1.9274180464023858,0
우리자원주식회사,0.36554518918198586,1.1085858992090907,-0.3345900828748475,0.0013340868072295264,0.9592169024803894,0.06682375010750803,0.004275109011178986,0.02340131909335488,89.8966009337166,8.543584512569542,3.2045208662673352,7.8334753673003465,14.63088961480479,0.6598963530622656,0.06397589186929892,0.2541504260979631,0.4148578076463604,-0.30157619144565,0.4982273647050347,0.11822888146518644,0.9360242119483997,0.2920949031106457,9.167707553769564,0.947324306677091,0.03186128063067877,8.77,1.1308490009274093,1
원일종합건설주식회사,0.08870481238933813,0.009751427044472955,3.913802321182295,-0.06252535567177743,0.8348759525562592,-0.15135165057016145,-0.014911997311459603,0.21439786733429844,3.1487064787929495,0.3765276819638664,0.2384952016864824,0.8753235354559674,9.149656317171193,0.8971493142508251,0.0985255017390571,0.1747982103123962,0.34321823214768055,-0.07529454929874867,0.32439712835110046,0.02855003622502384,0.9014744793892252,3.779843254768172,47.199366835332725,0.8120876575178846,0.08008249915629459,1.3,-1.7887328798602813,0
유경산업주식회사,0.0776782404866797,0.22946535252533634,-0.24939436766650286,0.6370769909722123,0.8135006626079538,0.1532703408983968,0.10348058602116707,0.22498609773203973,137.67853586735356,26.844074250850834,0.16243026743635863,0.778228855925925,0.4811506852797024,1.242742611916855,0.6751507526806152,1.2228831443964583,0.6919721184153215,0.060166515416857004,0.1060570339129177,0.05790517607051207,0.32484924731938486,1.9999305083128252,61.8876142102344,0.7630042803335465,0.032315521188439916,4.46,-1.3351623178287808,0
유로써키트주식회사,-0.08624360507647723,-0.1260965087502543,0.11228286663967132,-0.10041751475522546,0.9594230077683575,-2.331896512578331,-0.07075253042506816,0.11361577379212276,7.38992105685265,3.8445648015430156,0.7045835639084702,1.1694874953226626,31.9584903732631,0.49857177071134784,0.030341196551144763,0.23711085169484233,0.6647132793436756,-0.33720767303537413,0.7128627067744898,0.00243523721564485,0.9696588378930435,1.3762155229879989,-724.3431107680432,0.6935371157477933,-0.0018999497648686896,5.41,-1.268481287781023,0
유진아이티디(주),-0.2586842244735833,-0.11670084806619613,-0.1457284880669363,-0.0013552336254896624,0.9165719242267003,-0.0077545291024852135,-0.0008912010988925709,0.29026177531621994,4.233881016220632,11.582872567698061,0.6575996065405838,1.4930370945298002,7.701211333919122,0.5818079698233178,0.11492652708040696,0.5151069926323972,0.5461017833722653,-0.3262530363115702,0.6151446952823673,0.00289459299627616,0.885073472919593,1.3459154538970528,-171.63935135541885,0.881453660977793,-0.007841531928829214,7.36,-2.7647806976895515,0
유진화학공업주식회사,0.05774522955358354,0.5407870552616734,-0.23439357731790117,-0.26481456292447986,1.0028184386906982,-0.13075932351516403,-0.08415261014026383,0.2562628758537782,7.453159662865317,8.957884561935987,0.31777938951288937,0.44999984511809127,0.5538356243165493,0.45656718629113235,0.6435687175339718,0.3411763270120524,0.8592411002603364,-0.1675394273545398,0.25123214174309066,0.001023998692187923,0.35643128246602823,1.1216312140708267,-4238.8532778355875,0.8649586673795605,-0.000264607227604619,1.27,-43.404926653750344,0
제니코식품주식회사,0.03330807574985193,0.3695826357673608,0.04528388785811946,0.003553746975758542,0.7561078908521633,0.0016790723004439562,0.0012143406419539906,0.18450149866950066,5.611678362035824,8.704309280048308,0.3417071193412106,0.45396176126640186,0.3827028779520778,2.496146094434728,0.7232211749505437,2.1392333595006185,0.792407414910881,0.12442734666338896,0.20605830377618525,0.19382219133814968,0.2767788250494562,0.8099884649259519,223.8256028462248,0.30047543706014956,0.0036188374101350654,6.82,1.5432907763922563,1
제일흥업주식회사,-0.07689309466278287,-0.25924024769286885,0.08354278792908261,-0.30725904855033176,0.7680683511071741,-0.4091697057593008,-0.11823406646205938,0.2834396594424229,56.95497584221051,30.33458410250374,0.3848025534801836,0.5060202753374404,2.4606752351751426,0.7186780490240128,0.28896094896041025,0.6884363150160729,0.768459236392301,-0.0906351591467786,0.28769077108599744,0.13611484807244423,0.7110390510395898,1.8478023199401834,-124.71103228686792,0.45310580661277805,-0.014816670875514493,8.72,-0.40617777349768874,0
주식회사건화,0.06354592776415136,0.22381012763252853,0.0572317719096072,0.0072151362578415455,0.8641761346846073,0.07140559284739437,0.010378939013675398,0.1088868031262049,14.877719681148953,93.23865482426174,1.4384952193238725,1.9597616752777398,5.879854051193494,0.32040363342213923,0.14535190591942732,0.30240688464339643,0.7626324390855862,-0.5034716061673045,0.49094445237830403,0.01572193219103869,0.8546479928690403,0.5941264047236428,191.23074484226737,0.8668354378212866,0.0031068560926941708,6.27,1.2726033772104772,1
주식회사게인,-0.17319735710878773,-0.09341563000596739,0.4794966922939389,-0.8989555670361609,1.4405722578221694,-4.572596508482912,-0.281755272603044,0.23330738447976576,3.1895493207476058,2.4854390636891104,0.31342513794311955,0.5296462371919444,15.22896518044969,0.9933413672266227,0.061618223274312975,0.5119195131036852,0.625166435003521,-0.002512609605110695,0.5069504730462885,0.05670475051805786,0.938381776725687,2.993958247522522,46.40840145487847,0.40212436341024305,0.06451328107979457,7.5,-3.878777925054005,0
주식회사경남도민일보,0.07046737449990334,0.20862790728616198,0.2621153532076034,0.00729833766705903,0.754296041124951,0.06093422139348946,0.013176226463609672,0.23590569325202332,5.170164392392823,295.2795314025382,1.8053736432448766,3.8340631952013973,3.624557839968722,1.3945073455426436,0.21623688893179968,1.3816416558626878,0.5001223124405009,0.14141569271112903,0.36682726531894533,0.19020538491704078,0.7837631110682003,0.43412792360229036,26.160496919300705,0.4573594872364408,0.016594788888814997,7.19,0.6858755527969587,1
주식회사경동,-0.12637354770027004,-0.14795582902797003,0.03512144178484026,0.046717932046792594,1.015149244142406,0.12312474195681913,0.04159928295263427,0.13710615725568048,4.8598999409324835,12.138289004501384,0.8904350241994552,4.62185058223319,1.9597804098781997,1.779396174550295,0.3378629046566731,1.5141239509994975,0.500476952422205,0.21879689186149479,0.176941459044871,0.4865035003220825,0.6621371017706941,0.7436108012103273,14.21115983733198,0.42396983187557274,0.05232583474692194,7.79,-4.304478883264725,0
주식회사경북레미콘,-0.10370636099273237,-0.10912448693289645,0.33157607577368625,0.12847098206870702,0.934820509519148,0.4216204064493258,0.0752405944560833,0.10772853870351912,2.173592006846039,6.196150292273783,0.5856621724573118,6.982947132832228,4.603629390453828,1.36250461456659,0.17845577041614663,1.1186616590519376,0.5062794193692256,0.13135807899049484,0.30747445524606337,0.11497204229886691,0.8215442295838534,1.4027612986115041,30.44987530055922,0.44107485463543616,0.046067883193785755,19.55,-0.31745223234774045,0
주식회사남흥,0.1314750623593418,0.5936130357748151,-0.011834646184774974,0.00921691526169975,0.9687079704095068,0.015280948396671108,0.00446928679528169,0.21893828945018337,3.3765654551153803,5.841538862296897,0.484900497442295,2.971228499742682,2.4191022184576503,1.6466072182355425,0.2924744380561684,1.341302741938444,0.5663143268134248,0.17030429820918358,0.5712968061618554,0.01367719211310343,0.7075255619438316,1.459114943531337,-53.839043641518835,0.3722570450370538,-0.027101427604225077,7.72,-2.225413480129555,0
주식회사대동남,-0.02612129740534637,0.0037796081230639664,0.14077684962751844,-0.010384771823285423,0.7961933105369449,-0.059594942480692324,-0.011241642908724704,0.21320724376528233,2.6034983466245714,9.033150312628697,1.0825122689280422,11.22358983206046,4.301266958255245,1.0566032753443246,0.18863417667307578,0.9358364557021085,0.16521153805294012,0.044720437905567074,0.46640754574593113,0.257489958954513,0.8113659513215833,0.7495212521933248,64.26004845560432,0.9737505286666275,0.011663876237366214,9.64,-0.21325018440286997,0
주식회사대연콘크리트,0.026570037641060997,0.11374527795864962,0.20879594351877712,0.011195054234628464,0.8284173106535982,0.0298708026703647,0.01494932130262435,0.18704651509424652,3.56418497689753,53.271631391278746,1.3353505029375574,4.639152825638644,0.9981379386793413,1.5665138125298463,0.5004660058049197,1.515472237466202,0.3626819245451009,0.23047961009489037,0.14217932211326614,0.36366325634412383,0.49953410741320586,0.3740846364413768,7.194658965645444,0.8144358099325519,0.05199476976290802,6.34,-3.048742979406258,0
주식회사대전일보사,-0.004144100389030111,0.09849660518802153,0.0032724373562860094,-0.2210189185395179,0.7719259861494487,-1.398946473490924,-0.09006913826347734,0.2879222840375591,2.8880958665522876,89.14572422340383,0.40751777657157023,0.4857763160162804,14.53191804054587,0.17783145531419617,0.06438354859905344,0.17368907899322683,0.8485111272644166,-0.7003788267550937,0.49793093086420537,0.0484025237808222,0.9356164514009465,2.2958911370008153,-81.89324302631417,0.9104881580642707,-0.028035171793881614,10.09,-0.4829838086710426,0
주식회사덕일건설,0.20195124899600428,-0.22205036475309164,0.5205807212810921,-0.2562791466890683,1.1042681580801035,-1.1689005994201318,-0.07234259297216622,0.0574536105555673,202.18627022878542,2.7806044482032553,0.28228045046496175,0.33244583626565705,15.157847699347268,0.36777970179845804,0.061889430981602656,0.062066821404480686,0.8651378256730652,-0.2318306411477996,0.5472479489492108,0.005068451859607048,0.9381105690183973,3.3233281563536434,-110.37469678395368,0.3908844304551729,-0.030109511085305112,4.71,-1.869874281321083,0
주식회사동승,0.2113236246148992,0.5686492294750541,0.33119681851368393,0.04285196812665176,0.9314374326945218,0.0860327103482,0.04406704836402781,0.05081091493235734,13.63326180840988,11.578481543537501,1.0283552959291113,2.977591886848196,0.9523138840047428,1.3493649820991533,0.5122127175312198,1.1711184328270818,0.3737415869726228,0.16214498090530452,0.39547951916694846,0.172651660054045,0.48778728246878017,0.4743373077376609,7.417859862612443,0.9514668561531785,0.06394530451140222,3.28,1.6946681157925634,1
주식회사두진,-0.44190482078480375,0.3819719346302808,6.477742440735028,0.00584439962195198,0.7437943585741066,0.03427339974153196,0.003089369109050187,0.07224820105867714,2.1810816256261463,1.6948708927165366,0.5286033312038242,22.85013984984543,10.09398020493225,1.4991088210528472,0.09013897460853698,1.0972362141033285,0.1346516082532042,0.28810649463527205,0.376129169222073,0.026995096516757022,0.909861025391463,1.7212548080606584,70.24211768233461,0.6344285827322939,0.02450459731076049,9.02,1.6956632271204741,1
주식회사디오시스템,-0.2980941090176227,-0.03772137470107355,-0.9170780851309497,-4.923441413044032,1.2697759347951383,-0.3800219442166517,-0.37113213785891147,3.8932056166766125,0.13553670902527276,7.570581437781292,0.07538063454469957,3.071917647243157,0.023952817178376877,56.08782828658582,0.9766071236331759,54.86455620861543,0.42030012457130556,0.5693643018624179,0.0,7.859608660069935,0.023392491887485968,0.3103249532028624,0.7972169081999004,0.4418329443476546,0.3892603757032322,20.0,-119.22158924919661,0
주식회사미디아트,-0.15469769640181116,-0.48432431003383486,-0.1868063606909714,-0.14928919174505081,0.9743185041420961,-0.03496739595573448,-0.03266153292173124,0.37043447949577674,4.805065451905655,7197.2607802874745,0.21878029172740848,30.26644062948271,0.0705987388751446,5.132686166879402,0.9340567700001953,5.132078201219797,0.7497043919663701,0.20153057547645606,0.0,2.568022003991996,0.06594322999980479,0.3014130271019449,9.66683753978372,0.7395002118840434,0.031180106819989915,0.0,-2783.9124579124577,0
주식회사부산근대화체인,-0.09077428150515968,-0.09602056212398292,-0.09915360203278734,-0.011603950884897301,0.8182212979209315,-0.3454148504315283,-0.039939322007711164,0.18232372169435218,92.49929933967289,12.374002940348463,3.441872721099908,8.435597644699312,7.648490586916783,0.41575439859448815,0.11562711318814112,0.13276366894869754,0.6656356128403144,-0.46987096979636334,0.11573505444154687,0.030491435117150113,0.8843728868118589,0.2569452616275836,-44.054594685261065,0.9093849087292764,-0.005832428228276207,7.43,-0.35376186070139154,0
주식회사산광레미콘,0.32597736394424937,0.13910032562459734,0.08996634553941467,0.35513593609071,1.0057587939698494,0.2109350629711047,0.16595923269573287,0.07641420779109222,3.4917589808976803,26.072051108478593,0.46731185394131175,2.5226100969844607,0.27100529175035315,1.08490667618717,0.786778785651521,0.9864229756996901,0.8014117903966942,0.015541857357386892,0.11730818095805051,0.050860277329981274,0.21322121434847902,0.4562717862818365,-42.43477427240699,0.8584809574658753,-0.010752308551303526,5.42,-8.206162662022939,0
주식회사삼구,-0.022258082420666056,0.08152953114579005,-0.14325292258507608,1.7256532463526781,0.5684262851427461,0.12326419064455404,0.10124713447987503,0.5545324314349847,72.25125393490005,11.140868171275569,0.05867177238177477,0.20494415613750616,0.2174585609536965,1.425458735724267,0.8213831928839119,1.3862560834351538,0.8911512239053965,0.03248825007709195,0.0,0.07459892757395564,0.17861680711608804,3.0443397201951896,-25.662549677676303,0.42751027024067184,-0.11862966690497798,2.17,-50.94948748730261,0
주식회사새난,-0.06672426752634411,-0.0994839660658417,-0.3150598294295447,0.012758546187238987,0.7638711967622703,0.03566028540129642,0.013696280956677322,0.2786395964106723,3.6291234223906677,3.2955690977267698,1.0734985597635136,10.003005916463918,1.6036474343786895,0.9812717426567152,0.3840765939629691,0.5347051091868245,0.45324318986477363,-0.010435236030217822,0.23386402426887842,0.008165136258930984,0.6159234445136211,0.573753396231203,-120.27669038477433,0.904644970294067,-0.00477027921533027,9.22,-2.2457978379954593,0
주식회사서울신문사,-0.06889992051164788,-0.22785993089687903,0.04087357529584257,-0.1595107224459269,0.8068725897966522,-0.25131346467698235,-0.07427268738874969,0.21593937590818868,3.574081671368924,180.68270454649513,0.465628180036158,0.6903794720966352,2.3836592361548177,0.4690680792714967,0.29553803447902677,0.46176405106198265,0.8664631665668175,-0.1511485658388736,0.19667364424589864,0.031129219114241526,0.7044619655209732,1.5129281167352646,-19.26825181293276,0.4041174871116309,-0.07851922070687255,8.48,-0.3073029372851345,0
주식회사선진운수,0.0709054907050859,-0.17164714293109262,-0.0041371076526662475,-0.04282135250803018,0.9256512406953614,-0.33898579996870964,-0.06584019630384294,0.14978054204654503,738.8996989411032,224.35950553941154,1.5375552720222019,1.7720831911421415,4.148614660933564,0.36559375751770784,0.1942270039332632,0.34383507204897085,0.893414097374673,-0.18495600812560922,0.24293889497791926,0.15906358319827188,0.8057729960667368,0.5240611578190483,-30.305647372661596,0.3618164323873541,-0.017292524768561725,9.73,-9.813015386583727,0
주식회사성하,-0.030165251434591273,-0.05057473415270688,-0.06423419901635335,0.005496807571445707,1.0682157465567592,0.005519079060399939,0.003688854830680926,0.3138689072211127,3.572861249403409,16.69960484720759,0.6710904070652642,6.470794244296239,0.4961495494772164,10.923233590345674,0.6683823134821363,10.32391449124761,0.21760336904853206,0.7107697043056241,0.0,0.057932552919089914,0.3316175837127015,0.49414740580616195,-201.37907354226496,0.21599223731976724,-0.00245381705811876,44.03,-100.70529333387168,0
주식회사세광,-0.057591370009806145,0.15212848310295754,-0.08424802708383836,-0.2996853643693414,1.111305543611914,-0.48430649700903217,-0.17817269798860172,0.07931241735088512,5.710587140591214,25.101142101230508,0.5945325303541225,0.7041068163178441,1.7181855622958602,0.6195527970091941,0.367892438133612,0.5085202556712934,0.8531263399446246,-0.09019028021676129,0.4540138115297185,0.01886922786353194,0.6321074756789951,1.0632008231786607,177.01122293823764,0.3750372574380572,0.006006403467138524,7.69,-2.7117732099511436,0
주식회사세종,-0.1028755321717283,0.04815539314854554,-0.06877074198602137,-0.9180646051218918,1.2267415339953605,-0.5840475015573061,-0.1751236968486486,0.31093588437877995,2.6440114268183073,151.93091326380195,0.1907531298686734,0.2624428935959654,2.3350569458459507,0.5308506135429004,0.29984495504509173,0.5263093382055575,0.819958308979573,-0.15911528916808135,0.10311759707418164,0.3574390875914863,0.7001550449549082,3.670477362216492,13.008319302504667,0.4844026799954729,0.28216384275790074,9.08,-2.0863144305332857,0
주식회사세창,-0.030856764802435155,-0.05845314581779008,0.10679087975390283,-0.3278134986594575,0.43079148102248616,-0.5130972431603613,-0.02299475262848065,0.8306967410435087,97.95834341339784,845.5997229916898,0.07014583817479794,0.07144882807489676,21.313666576471608,0.38019124248769043,0.04481558405351627,0.37874278025838265,0.9906200803649234,-0.015291662944525438,0.0697750250536642,0.21687511995286812,0.9551844159464837,13.617121711002138,1032.6969872641005,0.025829130132064726,0.013185979894332466,8.63,-3.0677130112898707,0
주식회사시넥틱스,0.8670530029210998,0.3893588581577815,1.3664712528415923,0.020838306590392482,0.4487359059093319,0.044971902905711285,0.014837295565671893,0.5033760625992854,29.438897042221722,1.0205965274158837,0.7120202162930379,1.9214016512118834,2.03100197796923,1.4110599535397648,0.32992367694068836,0.7003314824658328,0.378457524691851,0.18106333496478053,0.47509926912530537,0.1267955300232611,0.6700756404454192,0.9410907515154653,-11.924586977648202,0.6573573396140305,-0.07892019684031602,6.83,1.633005328712936,1
주식회사씨프로,-0.0010589777833558897,0.031851668635387506,0.03594059892792381,-0.008180938476556683,0.825253688223151,-0.3879193083573487,-0.017453277332301932,0.12470467412566706,8.69136972393808,4.6426381506044425,2.133407723614605,9.377282433942705,21.226155619596543,0.873658760361772,0.04499203044624963,0.43332099282709957,0.2475938664063439,-0.10880667780273445,0.6887000116823687,0.027962914645902497,0.9550078398937203,0.4476443153939945,48.58204987830538,0.9017859809739384,0.009214191589595582,6.91,2.185081392077873,1
주식회사아이엠에스,-0.1169114826696751,-0.10483055267886704,0.20493716880658713,-0.10549224764563714,0.9475190148444129,-0.7379519055077003,-0.12359131987068384,0.1348481560035688,4.378522994779709,9.48439866353463,1.1715677941173834,58.577944560423845,4.970903994551031,0.5592608580800041,0.16747882747948836,0.4002335790743591,0.5883876899468833,-0.324381107162279,0.4354597058461149,0.03891990734333212,0.8325211725205116,0.7106043514517253,207.89972067634704,0.8840536931777099,0.0034180149407606756,6.63,-3.445566710466545,0
주식회사에코마이스터,0.09521553161918608,0.15790966986172772,-0.17580165469295359,0.025675501415329986,0.6411660856062206,0.01974912485910117,0.009296976913061488,0.2807855128376402,3.058703862994577,1.664165066061013,0.36209524256887826,1.1135218997501728,1.124252243884553,0.9711141895297233,0.470753867798708,0.6414829628815889,0.5890027124835099,-0.012225121127094854,0.34374219655348587,0.012960619256898152,0.5292460921900296,1.4616212254966472,-50.4049873677231,0.7996702760355225,-0.02899755166752801,7.63,1.1476617807869727,1
주식회사원창판지,-0.2897859596506404,-0.5211636938819694,0.19943261600238898,-0.021489915376567654,1.0270900928341566,-0.8820236170183854,-0.011947592498173136,0.11494583570605607,2.763397092634424,10.739345516479789,0.5559627522405532,1.6314127596782155,72.82438069872674,0.32746028901353136,0.013545660532947038,0.27290856478443337,0.6808266808520821,-0.6555198874983664,0.7132575959770359,0.006786743698165343,0.986454339467053,1.774317318006648,286.6965709088964,0.9880773672432495,0.00618883341499914,8.63,-1.0856390920363388,0
주식회사유유,0.005526786783417889,-0.14563706783442898,-0.3564803817533727,-0.0987524190459969,0.9432627847932593,-1.0441421468024639,-0.05817099115379098,0.18178787295486762,8.44023636303857,1.9398392036203496,0.5890588981592045,2.471272319509448,16.949531948375846,0.6683565388301603,0.05571175469923451,0.23040502006239266,0.5628727774789013,-0.21690576305604914,0.5359796658809189,0.005724732309876679,0.9442881661747534,1.6030454155359204,-8.72752862194172,0.692620122760397,-0.18367690155787436,8.28,-1.8697809966820114,0
주식회사유진사이언스,0.13958278458719398,0.3893361222881517,0.3689007232660258,-0.589792192855648,0.7258630631468581,-0.5279444579181402,-0.20521713723404464,0.6738359003648128,1.608628597954752,15.210384256357052,0.3479482090809426,0.6852140598530639,1.5726138909930982,0.7969442402050698,0.3887097101905071,0.7449013565372691,0.7457296618970309,-0.06478628502732696,0.36868436754732586,0.059729296597694145,0.611290289809493,1.7568427537653728,-117.59013526629185,0.5219396225477901,-0.014940392319363083,7.93,-4.187447993080342,0
주식회사이오시스템,-0.017190397114151785,-0.12617916431678997,0.06265586583372389,0.021163711391403262,0.834151382675188,0.06611496277636406,0.02084654822476983,0.07956551048749533,8.065687420014259,4.890363526707494,0.9850138210275224,2.729841969645318,2.1715064798020793,0.819743382604949,0.3153075695630948,0.4483889911731906,0.6291181828095529,-0.08155467093571886,0.43015208472895455,0.09468674957062628,0.6846924304369052,0.6951094652891922,34.8717887961338,0.6607879217205079,0.019933289609916954,7.08,2.428823355804324,1
주식회사일동,0.14503302500989018,-0.2150557886986653,1.2745417356711577,0.028172128468136902,0.8852615106320927,0.31138689994461916,0.018485521635942435,0.08673794894811034,39.38457757980326,1.392505367276011,0.6561634722363926,2.8305568400329126,15.84490738628507,0.9188074667024546,0.05936512306468295,0.23612885279904508,0.43857083112634876,-0.04961197872235942,0.4228229669627455,0.05253791152078158,0.940634876935317,1.4335373984311632,37.61837179364332,0.649605030154574,0.03810737493623793,1.62,2.3168229430758034,1
주식회사제주일보사,-0.024905384918139678,0.0017653413246310494,-0.0032337437913228153,-0.16455322672551387,0.6188445647033216,-7.353994872384612,-0.09963634423952338,0.4332429398764563,5.791845201018539,32.6512171162969,0.6054961438448343,0.7153066856361587,72.80836044836194,0.15352743962846604,0.013548601266187071,0.13997397972098152,0.8700036972310544,-0.7167340398582405,0.683059267145382,0.007770526229537741,0.9864514445596813,1.6291622243798654,-1121.3253633380216,0.8583599254913213,-0.0014528898370140203,12.24,-0.3867361434219606,0
주식회사천하제일,0.0828156719960799,0.17998461638098145,-0.11686638889272538,0.026820827369339703,0.8860767546652525,0.46297735702592324,0.0432886380374456,0.08605849531376754,4.300824745512683,8.577271376993739,1.6139933880985011,6.888529336556838,9.695124125305997,0.7034331725507398,0.0935005511187921,0.5182749209934835,0.3665625770337579,-0.2670566789387277,0.7795277180557794,0.09400900172382662,0.9064994488812079,0.5616500386963696,12.910168861541132,0.993375233726121,0.04350446881988525,5.47,1.0819553799759851,1
주식회사충남고속,0.03935889319698925,2.0303678640917244,0.1003660424902332,-0.038955485803731114,0.9137504078731664,-0.10506051799670366,-0.04595370980573024,0.1445696847738046,388.0236689302234,142.73367570806693,1.1796466879468064,1.4663951979910053,1.2862249520408258,0.27639294809536813,0.43740227710634433,0.2537993053721764,0.90761663270718,-0.24186310292082502,0.08040920280708153,0.24017719275474536,0.5625977228936557,0.47692052937720353,7.06801763472366,0.5941127320858807,0.06747585447922412,8.13,-11.065671695661589,0
주식회사케이미트,-0.21250058398071037,-0.3762102799394229,-0.27623578526044446,-0.023286115806806725,0.9416610599080956,-0.07356895533681772,-0.03837322404481296,0.08532511616936998,23.346722269655302,8.092345271193427,1.6479014517997095,3.4687130608752854,0.9171950537933046,1.2849073102603865,0.521595336907129,0.7409926800261872,0.5470059363280101,0.10044406853910659,0.30851703163781297,0.12439057434824172,0.478404663092871,0.29031145191989166,-6.7789972311072715,0.7369284085944918,-0.042825132098847696,2.68,-4.259956726742563,0
주식회사코리아로터리서비스,1.9461226080475664,0.11052909320802201,0.41401108634500317,-3.3072657367737057,3.5091567861395707,-1.4249325637779657,-0.5215303602802255,0.6065035812238289,4.926208068789681,40.883697531053954,0.1576923059073527,0.23359511249477521,1.7322140230001755,0.4486907634737345,0.36600353836919597,0.4205622796727925,0.7840946507118658,-0.26528429592900626,0.27205175947955157,0.03873551808860204,0.633996461630804,4.0204654119478045,-15.090292860445823,0.7589784396893877,-0.26642726215646323,6.59,-26.318467357145185,0
주식회사코스메틱랜드,-0.353497228089456,-0.1285872305203356,-0.0792532804556706,-0.31774756080653566,0.7932061451529071,-1.7934730803745862,-0.4222663780754226,0.40886194173549734,19.412883360838215,48.65304575041411,1.3289366470779125,34.08523589125277,3.2472552244125086,1.8851479819070522,0.23544617574478882,1.792115589974215,0.560972650891199,0.20613987644224013,0.1642786448882046,0.6706729725740778,0.7645538242552111,0.5753124695118647,6.588028276369719,0.30460572595190116,0.08732695813942166,12.03,-3.2530425171682165,0
"주식회사테크노플러스(구,주식회사금광)",0.1735310549490549,-0.31568309100052455,0.007881464846541899,0.19324236898217523,0.8795379508679714,0.08034921305006337,0.054578461999502066,0.10447542404191591,3.792871024997769,28.511590741934604,0.28243527693730774,2.287989139200458,0.4721780370212047,0.36830483993356017,0.6792656695404813,0.33565675862704797,0.9017116967469478,-0.16857841310827157,0.26094855685297225,0.07537923812744267,0.32073433045951877,1.135602938618437,55.02962654625415,0.8320491167221842,0.020636210163336773,4.98,0.4328459329369413,1
주식회사팔마,-0.05396379055737718,-0.07757318003737605,-0.06089209524929885,-0.15654350455756114,0.8372790659301393,-0.6046115920774144,-0.0871942189689217,0.23172253554086564,4.040989424045296,2.2766606844615036,0.5569967225108362,0.9194840606802044,5.934078878473742,0.5575040520714872,0.14421526168449206,0.2573996176520591,0.6194601169592348,-0.30203790563505517,0.5291199383232321,0.001876376656758786,0.8557847383155079,1.5364268831920442,1636.804006968641,0.7976045354809422,0.0009386749278782039,8.61,-0.7889934160949459,0
주식회사피에이치씨,0.2300489723414775,3.7493824768636754,8.939643653060584,1.3399419331634763,0.8150928887805683,0.18147885492996577,0.15434822300129397,0.14342179298472404,5.417670665553805,27.527765187151722,0.11519023263709076,0.7842668793972876,0.17577547315490868,1.4026801471238453,0.8505025175569807,1.3723320105102992,0.8423562453229474,0.04525622641531985,0.09405745762224359,0.014363752021022448,0.1494974824430193,1.2978312398588017,-8.691836777855157,0.75176870155368,-0.14931610809413537,8.76,0.721107625955695,1
주식회사학산,0.304369201911886,0.42247336982240596,-0.09207840095083873,0.0060243325168784605,0.8915545558259366,0.03456346836975213,0.023579081524146367,0.10609893228596334,15.162177299842677,18.150318813439956,3.9139741138266375,15.588345598763452,0.4658530415765816,2.491269656142125,0.6821966265625519,1.7682507124883207,0.33755044056254163,0.39654119876776067,0.012994284160911859,0.048236469237575595,0.31780337343744813,0.08119710662233692,-40.361024930138406,0.836707440900077,-0.002011770185788949,2.44,58.02900930487137,1
주식회사한국에이취엔드에스,-0.1142261022307513,-0.25699999031225434,0.2606643742781951,0.006508560075364996,0.814464122914853,0.025858430189002333,0.00810668115393917,0.1371747672939792,10.363986304490572,3.0784698874917273,1.2455414193107146,3.287384622577951,2.189767760440078,1.1922065946365126,0.31350244754559636,0.47204925769130823,0.454469102571983,0.08795005541435416,0.33606101510936986,0.0007317792824632835,0.6864975524544036,0.5511639691872413,-498.0708860759494,0.6665440253613357,-0.0011065974434474293,9.13,1.8490481310740607,1
주식회사호반,0.005236817952997458,0.6687574347710055,8.409278302327756,0.013155657782315925,0.8458804338966543,0.12826422264446183,0.005089193107881362,0.053315695854447315,26.229495922638378,6.371241553154611,0.3868444430594986,0.5522090844484085,24.203253231995827,1.02320304074681,0.03967741746650739,0.7844248869946303,0.77991596860764,0.004990816291354554,0.22223594849412662,0.3271429510022792,0.9603225825334926,2.482451537725179,15.264394910235499,0.22398015440932534,0.1626301961082373,18.65,0.6882204172060583,1
주식회사화인종합건설,-0.14596551217631548,0.029973728848082363,0.47155308927563777,-0.08815073346843744,0.9378451879307894,-0.48369874793572315,-0.15156612208726794,0.10037942118615246,5.990745336742791,661.664659715355,1.7193971748577286,2.924300089462493,2.1913381517884427,0.5405364540423463,0.3133481794900345,0.5369025035589416,0.6374938263884334,-0.30813531763403107,0.19143171352611982,0.08474615976372703,0.6866518205099655,0.3993561409490989,2387.1983243185914,0.9766834823907156,0.00016729072607031602,16.29,-1.2440903641869372,0
주식회사흥아포밍,-0.00998821592680055,0.029356633628372333,0.2962371952539151,0.03187987935485908,0.8738376524443179,0.04660647126106428,0.02029427999927375,0.10280320953634073,7.556395470477142,15.113889240359343,0.6365858469342208,1.1026524961952213,1.296532520992738,1.6773475796981931,0.43543910212803183,1.5130007467654423,0.6243582527639372,0.15169191605393212,0.38424003427525033,0.13272893677921144,0.5645609568208715,0.8868575378164326,-10.599627684182334,0.39667973391594386,-0.08366874424654339,6.07,0.6144324171595039,1
주식회사흥진,0.14925730036161458,0.3001257766793996,-0.059249806874132435,0.23360283479806793,0.9630009697525332,0.1608497579375265,0.11874513373301003,0.2549126515314127,6.4542923784974064,19.756170336277314,0.5083206025117644,2.2433497349325044,0.354579786816239,2.2730881291037632,0.7382363222401007,2.0199667500713696,0.7774902115756106,0.12462102398298565,0.04114725914665043,0.37745931921610776,0.2617636777598992,0.5149578365827522,8.02899071374459,0.3739585464228977,0.06413730628697965,6.04,-39.02759759064057,0
중도석유주식회사,0.005285971846548066,0.14421949041130913,0.0694837996173396,0.005872959017957051,0.9380300081317214,0.02701382037026316,0.011554826110837869,0.0540359438650232,26.07697705909312,47.73827082221036,1.9674624112833148,2.9977336716595766,1.3378820339776039,0.5065707406724737,0.4277375784862119,0.41871051468921755,0.7771029722385673,-0.2171146228631898,0.49027659128030504,0.13275910815109637,0.5722624215137881,0.29086320441594565,13.841529268840295,0.7688983831240802,0.021013805538866982,5.88,0.5438427823014799,1
중화실업(주),-0.3046806335884045,-0.5522601109384738,0.071903751987839,-0.758156851817852,1.0267891110920095,-0.34118055528774494,-0.2623943646654833,0.30743010314011626,27.96581600046479,1.764772832262358,0.3460950910571258,0.5254417079259428,0.30025869923960863,1.3851058498071935,0.7690777232136959,0.46167900660603034,0.6979572936970352,0.08397799569257422,0.04717721426949156,0.014445230287833,0.2309222767863041,0.6672220518383154,479.2624510352546,0.9443208063126283,0.001392185117772213,13.98,-8.316618309413187,0
지이라이팅코리아주식회사,-0.07032074409155621,-0.0425085794708877,0.10285960606176843,0.01872240077883251,0.8099707060204275,0.13789303838097802,0.03585432355002712,0.15757626118362716,3.7731586501996563,3.5052111213765516,1.9150494625969074,136.70935945038013,2.8459246341983664,1.329927517656762,0.2600154726518314,0.7127997862462909,0.04635214453501904,0.2365803139607335,0.0831392322833183,0.013136453272338854,0.7399844388925785,0.3864048701327645,-18.502447277914783,0.9690305685040793,-0.020883987092561094,8.64,3.7145032275800816,1
창덕금속주식회사,0.05118416450711903,0.21580942783228405,0.08847974293555495,-0.04321143167517032,0.8527232857398751,-0.03615166945801984,-0.0197864875459006,0.20498980140180165,4.451019954142892,6.365004194459001,0.4578993747450885,0.5878576516468799,0.8270887834010646,0.8651010547911951,0.5473187778748954,0.6057336162815282,0.7953878007889142,-0.03190608489459647,0.22286686977121437,0.1532333394114245,0.4526812221251047,0.9886041499338392,23.07049622437972,0.5224833830924865,0.04285144716086049,5.87,-1.8318614909167608,0
카고텍코리아(주),0.013546589954669118,-0.029768517563847446,0.22867543607377736,-0.031105676868908014,0.8222555498957489,-0.23407741286252678,-0.05039095350021448,0.19145266233893218,4.331061424619456,4.655957174687317,1.6199921870397638,6.382908281234583,3.645226902910866,0.986535318947069,0.21527473703671268,0.5723310125031287,0.3185895577727225,-0.009300198476947958,0.3896092758046621,0.04441039424409647,0.7847252629632873,0.4844006466458506,-46.055846260093496,0.8801942199438783,-0.010517679860017563,5.79,-1.1218349546748363,0
카페24주식회사,-0.49343637776588206,-0.5574336404775032,-0.5579956118677767,-0.06069307560833294,0.8894673621496633,-8.304808202346022,-0.7935915203777846,0.15027765686041136,86.1684770888918,37763.32083333333,13.075486987988914,100.62477039758251,9.464839894449183,0.8511945698904695,0.09555807925264347,0.8507880231325106,0.35518363104404066,-0.11272649112000821,0.42988399548301,0.578428798417178,0.9044419207473565,0.06917080194245714,-4.269863146479914,0.837580437945641,-0.016199770243100584,9.22,-9.56735846159298,0
케이비아이정무산업주식회사,-0.195874603861151,-0.37001990150409203,-0.01555752566705751,-7.041477666510348,0.8480293491477874,-1.8847623554398816,-0.10943547310393045,0.4081677117873847,0.08117428683079328,0.2477911948526291,0.015541549414324146,0.040738979294655246,16.222590090765593,0.3595312902541499,0.05806327401864385,0.2944016848239949,0.7063854502393205,-0.5230446888639353,0.7395397473347733,0.00014326627197624846,0.941936693732259,60.60764397558111,-3434.2336272780717,0.8670001328738407,-0.01764808412979694,10.77,-0.05190018041709473,0
케이에프앤씨(주),-0.09670760346618322,-0.1246914460424156,-0.04620926611415137,0.010946389745856055,0.8378404090052678,0.05621278326297641,0.012252702935392367,0.12523104378319752,5.499732366575229,8.169284688723728,1.1193373541290945,1.9733275106292365,3.587786348806661,0.6757260072125201,0.2179700456757565,0.47229225611823755,0.6186832384775957,-0.1829900099387063,0.40128942630403985,0.027997238384712683,0.7820299543242435,0.698654388187291,56.36093780828815,0.7215922719337923,0.012396074574978959,8.66,1.2431153330759273,1
코오롱개발(주),0.20476011140628952,1.0022544146011823,0.053981693652563736,-0.024658005679452616,0.8961005667543177,-0.007783225724242225,-0.0028067646949978963,0.1713154615601932,84.64547273246902,48.13860720045114,0.11382772522178297,0.1357841105730386,1.7730239510683519,0.5068617530951822,0.36061715212186823,0.49877556980697435,0.8671819106692067,-0.12922198080614547,0.0027951021313548183,0.00016496047508616826,0.6393828478781317,5.617109949551855,94233.22657054583,0.4098328114470852,5.9608591937014036e-05,20.84,-13.175038690868956,0
코오롱마트주식회사,0.36826542914340105,1.4328836814516288,-0.27270935729220674,0.0019674005660372507,0.7928756701302428,0.013953610806094974,0.0029025296500999175,0.17649991825473446,60.70269857081475,33.299896229870875,1.4753119929950052,2.63456593051906,3.807396474180593,0.2330917100594573,0.20801279972866127,0.18765589742343183,0.8197917540967744,-0.5929133329802885,0.5142552566207456,0.037557713332707215,0.7919872002713387,0.5368269247669704,44.711284709955486,0.9761793613116175,0.012006519791354588,6.51,1.678339123069301,1
코오롱플라스틱(주),-0.10609065323114616,-0.30891052117284223,0.059566279334756216,0.00019767600890576963,0.9564054441903937,0.0005046428917233252,0.00011983501532882269,0.061513374337277306,4.870097533003638,9.402518313261572,0.6062193181264953,0.8645218673545595,3.2111472205231872,0.4487771846243787,0.23746498225625115,0.33063736092832946,0.7657594523942871,-0.2877123404444438,0.4809404844075508,0.02027843276244576,0.7625350177437489,1.2578533790383701,78.82338129105422,0.6844969423103398,0.015957871362987645,3.68,-0.5444025990222926,0
토피아넷주식회사,-0.15374258122882695,-0.30447015767315155,-0.20781756970523266,-0.042586704180049915,0.410625588198686,-0.08262738366598099,-0.04756071218563868,0.6175470581335062,7.9310058305932145,8.24734721772598,1.1167972046993693,25.525290850494844,0.7373015928170346,1.88852465140605,0.5756047217699837,1.6288793626777993,0.5955654403558528,0.19028085011060397,0.17500630022680816,0.1862701147815042,0.424394278194015,0.3800101544024349,-1.6664663980711385,0.5046102658237095,-0.2280334934099361,8.46,-1.6519296403255448,0
티온텔레콤주식회사,-0.35455461608498584,-0.18608436687134436,-0.09175716548716209,-0.6175017478765895,0.3125890032603955,-2.249003383403674,-0.2715232062224329,1.2753645620617329,3.0883916103052282,0.486394878761362,0.4397124496507467,1.3400715540937669,7.2829140635636165,0.6785240698563905,0.12073045697757281,0.3062306745565243,0.48496897561892616,-0.2440150393644321,0.5790636229011227,0.008020585361737977,0.8792695430224272,1.9996466866489917,169.18366677599212,0.8632689142584634,0.011819383778320793,7.67,-5.305790018140658,0
퍼스텍주식회사,0.14481726790275665,0.348390693435212,0.34167924266385286,0.07793162489839325,0.8403888613501803,0.18072515648546755,0.06288452351007669,0.093784495004774,1.55149605063691,204.42109948208892,0.8069191883534459,1.9309463052513176,1.8739210603465568,1.1356044824043385,0.3479566693037189,1.1289435128362604,0.43446101990298835,0.06753198130493729,0.4054035141785627,0.031036909077253302,0.6520433306962811,0.8080652190547163,-10.680144574710859,0.7637636570261062,-0.07566051315148914,7.0,1.9802937752082548,1
풍성주택(주),13.789620140361992,14.663792128179944,3.267832997938463,0.017691880102220302,0.8049013995660628,0.180795796309878,0.003012651870712151,0.18997324349489414,1.1685835844832586,0.227312585246359,0.1702844385845724,156.60032216494847,59.012176669832165,1.06288355871461,0.016663284944681823,0.36850185385547407,0.07704275658972369,0.054605074592793096,0.11444005430025919,0.02913234556711158,0.9833367150553182,5.774671621370384,40.56547281598657,0.8830669652852671,0.14235435261818583,1.07,0.9991062732741335,1
풍전약품(주),-0.1046856615677185,-0.1059099779917907,0.2081405215074286,0.0067163442613089736,0.9525379038795485,0.09598672539033884,0.013214867114347752,0.04588756694450925,2.569171544643724,15.539084397070232,1.9675684569171055,367.38535190815446,6.263540719688612,1.166211536708868,0.1376739029340597,1.020069986997619,0.03752406428613871,0.13717460279270272,0.0,0.03482373609598469,0.8623260970659403,0.43826993365053246,44.6977583502869,0.9570640802003345,0.009805188220310814,5.11,4.55511881365017,1
(주)해운대그랜드호텔,-0.01589473771532248,0.08603745710937839,0.04643289627231488,0.021503723759626864,0.6724806340565184,0.008699384071609292,0.004989798638837948,0.30151117958838686,53.79688610400031,5.273357787915671,0.23204346812742593,0.2595667148017648,0.7434338940850033,0.882313642946161,0.5735806808578908,0.6242863316904619,0.8988142640330052,-0.013496540279875036,0.08240028401729894,0.06417516393687034,0.42641931914210923,1.837669995985159,420.6372503596771,0.26894251582602186,0.004368776170949697,6.69,1.094793785847002,1
(주)헤럴드,-0.11096239681728494,-0.09746529285050204,0.038514445033347715,-0.14405343358187966,0.6977399000610602,-18.25308686138785,-0.12616041563100977,0.38678121922608044,4.01444235962078,118.84282422712428,0.8757890214348861,1.3702338412755088,143.68157183995422,0.5622628160994089,0.00691173041519276,0.5527921581563254,0.6947333901580893,-0.23765851538625152,0.41208215822096383,0.06970818662108799,0.9930882901889152,1.1339355322836164,129.55417515603412,0.5467037831297774,0.008752597366452394,9.04,-1.9604062669841775,0
한국거울공업(주),-0.006506933858537587,0.007002833246428541,-0.18737113614872106,0.015056996822252247,0.8601798730255685,0.10732088527401158,0.014633927499914413,0.10459733141960109,3.044145069294821,6.297981272283092,0.9719021444095284,2.1697878554683356,6.33370349652472,0.6300630802328742,0.1363567535112209,0.44920616960480253,0.5375557583721734,-0.2715207471744138,0.456089188565908,0.006701802220974693,0.8636432464887791,0.888611319006276,-35.69968509447166,0.8498474246006582,-0.0248912929247066,7.94,1.025483252051761,1
한국마그넷주식회사,-0.0640851815390762,-0.0587717505497959,0.05172620267908099,0.023824586452346613,0.8419918305728712,0.0966446760394407,0.026848266667239475,0.12384408906352956,4.095812103481148,5.603906696000828,1.1269142791183704,3.7440455420114613,2.5996616555275613,1.3504250985530297,0.27780388705822445,0.9695428477114411,0.3996733406811142,0.15578022726417112,0.40461438225787905,0.16221799439339374,0.7221961129417755,0.640861622151756,11.830364649887956,0.6155480818692175,0.054170910290396286,7.04,1.2212662948950133,1
한국미라이공업주식회사,-0.023153130044364006,-0.16520318883326165,0.01829655727237818,-0.08939743081965983,0.9096229959122178,-1.0645263138017638,-0.08960730422433626,0.12904785199239735,5.535216766638625,7.669742179957908,1.002347644700213,1.6821127341096112,10.879905583775516,1.494397545293033,0.08417575316134736,1.036974243876566,0.6116289032676793,0.1284863706394617,0.7441770476594,0.03048713955298772,0.9158242468386526,0.91367925258363,-1145.826028160051,0.28377139717577793,-0.0007973978860043889,1.88,-2.8339903309780587,0
한국샤프,-0.2157700873692277,-0.2366397862799645,-0.10951954205168155,0.0021433131478885026,0.9633541558228114,0.06044232245580456,0.010511751895001437,0.07189227350265892,22.745056487111682,13.024336063221492,4.904440541204699,21.03370633517455,4.749976127627801,0.9154774427763407,0.17391376551898102,0.45804739146570594,0.2739897989514512,-0.06702976599509532,0.3804232164387895,0.10353999191701369,0.8260862344810189,0.16843638485177836,-8.70808260051099,0.9599965886634876,-0.019342534123630677,15.15,-5.998926077033028,0
한국소프트중심(주),-0.4658412375272528,-0.3907078995091986,0.1272993354046213,-0.31060607494834647,0.9456613153215052,-2.39122075000327,-0.8043989404184646,0.18324101159787404,6.584725405778956,12.91031434711986,2.5897720788372713,37.56035751207479,1.9726801340132407,1.7478558234004526,0.33639677157258047,1.2452651584542345,0.34029232150361916,0.2822694083232038,0.06222923212521879,0.1829393155555141,0.6636032284274195,0.2562400119493748,-6.456252232153778,0.5687709974944143,-0.03968866189478074,10.81,-9.524765864034348,0
한국제대주식회사,-0.0017620666854367673,-0.3120369378824585,-0.015283064411311435,0.0020965261186097783,0.850689021960277,0.003090576129653131,0.002187693737248683,0.15152457447848985,5.53044857771525,10.664439883535817,1.0434850860333467,1.7175264110338053,0.41270968464714947,1.3067837127788324,0.7078595205141307,0.9514522545789459,0.6938820797744707,0.07186496506816087,0.04354342909551401,0.09705714579953796,0.2921404794858693,0.2799661283098907,-2.8815467164845328,0.8018500894590582,-0.09715828194222284,0.02,-627.9302325581396,0
한국지케이엔주식회사,-0.015987447375256095,0.15581880141206927,0.5939035361873052,0.004461603047484163,0.855743022647151,0.025019383640418984,0.007138699333410817,0.11056076154065511,11.691834202319805,7.251010575045883,1.6000301365752903,2.5842615031458163,2.504754014940948,0.5324358526953642,0.2853267464941942,0.2523635549312551,0.641020103159537,-0.31524197425103007,0.40893099882893397,0.007843415945838613,0.714673313851371,0.4466624081100498,145.28452083026644,0.9433986942343136,0.0030743977786310646,6.63,1.5501343775862697,1
한도관광(주),0.020316184238199145,0.09299388796282265,0.1411281413806415,-0.030985120953610917,0.9330550813160721,-0.009219834487406669,-0.006346446779195224,0.039822033803000124,20.14229740236683,28.041965068693365,0.20482239810187433,0.21229865809813855,0.4527553461302028,0.12493235277331978,0.6883471485159314,0.10062221014176549,0.9649761651058544,-0.2453185593429473,0.23697186404236717,0.05766885824805397,0.3116528514840686,1.521576030610964,107.34140274889036,0.8995341865223515,0.014175108500961835,5.61,0.4362040141953523,1
한성공업주식회사,-0.06089016754853506,-0.04282051476885769,-0.07850861164948417,-0.10853704880958612,0.8915672146774856,-0.08481916164411997,-0.061864502709662816,0.20874749969331227,8.45551324413534,3.891509161372346,0.5699851192581797,0.748595697892308,0.3710473361789716,0.9750294129354994,0.7293694197218173,0.3627339212971768,0.7920513020059523,-0.0053255840278465605,0.1586448620170834,0.014527889212750618,0.2706305802781826,0.4748028871883551,-130.9794555726759,0.788064237983263,-0.0036250180237228395,7.91,-4.852371088629382,0
한성여객운수(주),-0.03500581449806524,-0.0259381553107213,-0.09551529787795579,0.0037801991556455825,0.8565705961446386,0.006373770384747576,0.0031469735915437523,0.12284356224892348,265.47130960987494,219.52999870750938,0.8324888351037981,1.0234652934792696,1.02536498376839,0.48679116976748904,0.4937381489415521,0.47821103321057357,0.8157123649847864,-0.1942887370731231,0.27995209721620173,0.05275148244953417,0.5062618090752894,0.608130448995351,28.206599565393333,0.747787736111922,0.021559863945509617,7.16,0.9918961935193847,1
한일염공(주),0.0224690518703846,0.14995421471281728,0.12904667473466763,0.0190099975126986,0.8067636611432131,0.08457303093990294,0.019073944616530118,0.15625982843787195,7.016625815041752,37.989037913573746,1.0033638670277996,2.224936033563549,3.433955987615122,0.6149290738900073,0.22553223414783302,0.5752912640566306,0.6694311951583003,-0.20700344353247419,0.4503486394546862,0.10114946938804874,0.7744677658521669,0.7718712934583973,55.900330309374276,0.694118299142727,0.013807991637733802,5.64,1.9372400145389927,1
현대모직주식회사,0.013519328684640874,0.13628870591806974,0.05256439414537771,0.02533889318185555,0.8701070455803451,0.015669071381360485,0.011948017394723207,0.1369925051195911,2.376233626705156,2.3053242713659428,0.47152878024202094,1.2015280930629115,0.31143694085017515,3.1328327663709925,0.7625223667649033,2.1816429367330454,0.4138362887804434,0.3990603139047071,0.1388676062217595,0.17691872212994647,0.23747763323509674,0.5036333797339091,25.81087770626097,0.7878780905986947,0.019512446863120127,6.0,-0.4522188768163372,0
현대아산주식회사,-0.09126583924033044,-0.2978278980190313,0.9920123305376495,-0.12507148433291876,1.2992702900958113,-0.05228292244923939,-0.024106918462410667,0.25005329748728444,53.45918038494739,67.14701759942255,0.19274512164773067,0.6760710407928228,1.168793266993576,1.5941593433214214,0.4610859021091575,1.5618376470350737,0.8160525555352564,0.0685590767740395,0.0,0.3706654125057039,0.5389140978908424,2.795993451267655,13.452545593218398,0.2141127280624159,0.20784121725461027,713.14,-1.5499474070624204,0
현대합성공업(주),0.10346309521089996,0.2276574457017239,-0.0022156749550633183,0.00802832344983393,0.8935666174974591,0.0509527590015728,0.015034508350930146,0.10371372549205071,8.000790821176981,50.47699782935381,1.8726834369436303,4.473406799970064,2.389053889375803,1.117600032887084,0.295067600764584,1.0488290521561134,0.46126210382816746,0.05668896961613376,0.15824875903448798,0.11083222925053504,0.7049323992354161,0.37642902443027015,18.211227767116352,0.6838229127765143,0.020670161794910963,7.47,0.4836627417998318,1
화남산업주식회사,-0.12515214767885147,-0.034012586030190785,-0.008704083991256906,-0.19980169284384058,0.8092416577919229,-0.15076351624865592,-0.12927077570428888,0.2365521427311343,8.177560499292726,5.932103181093531,0.6469953976081839,2.7658550098772747,0.16626140306864376,4.926481719836499,0.8574407052902719,4.249932360993482,0.35730027384330454,0.512241569056698,0.06233395399194532,0.036331722359661985,0.14255929470972808,0.22034050819641382,47.23592641261498,0.9151150569707126,0.004664680571133437,6.91,-6.888341816035997,0
후지테크코리아(주),0.05769948841655517,0.11804450753241882,-0.13263053255089977,0.06850763558645975,0.86857701531011,0.2679512990701905,0.08623701755860225,0.07661418136511446,3.3121082087842684,7.0417463114199155,1.2587942470991749,3.312199822058954,2.107149419773296,1.352158381539207,0.3218384007013612,0.9920068752271921,0.4170584167378925,0.15182227710617807,0.07108982824350066,0.1006646352135494,0.6781615992986387,0.5387390360747409,25.653744815808732,0.6357176616927251,0.02100040520176809,5.58,11.769839261549293,1
휘닉스중앙주식회사,-0.06613286186636717,1.5773881841042015,0.19165021609268373,-0.04426671629185336,0.1106303830205515,-0.05725256275791832,-0.006522219137046505,0.9981591536997008,14.86837960479827,4.700058788947678,0.14733912255982773,0.17436726243868894,7.778080213944534,0.38127900074184673,0.11392012554310417,0.36032567857093223,0.9368927578897183,-0.10240736002488779,0.09320563034369457,0.011775164740711632,0.8860798744568958,6.013880489189821,4221.548789474389,0.1867942235304896,0.0014245673304035386,10.34,-1.2842257502473355,0
