구분,총자산증가율2002,유동자산증가율2002,매출액증가율2002,매출액순이익률2002,매출원가대매출액비율2002,자기자본순이익률2002,총자산순이익률2002,매출액대판매관리비2002,매출채권회전율2002,재고자산회전율2002,총자본회전율2002,유형자산회전율2002,부채비율2002,유동비율2002,자기자본배율2002,당좌비율2002,고정비율2002,순운전자본비율2002,차입금의존도2002,현금비율2002,부채/자산2002,부채/매출액2002,부채/현금흐름2002,유동부채/부채2002,현금흐름/매출액2002,차입금평균금리2002,이자보상배율2002,업종,정상기업여부
(주)건잠디지털,-0.4207777327578285,-0.3212749962943201,-0.4993244421756521,-1.48866228959892,0.8882394549572707,-2.2045015299199533,-0.7621278541420272,0.7717604115077319,1.4625601346441608,4.836829014258614,0.5119548331860829,5.836993276158905,1.892561291309438,1.755435602535341,0.3457143684403342,1.4500602486358338,0.4595545167819268,0.2325757542245866,0.2654931670294644,0.0939846063919067,0.6542856315596658,1.2780143660092165,-4.800855415838619,0.4705433134143512,-0.2662055519924403,11.85,-5.377087053071464,0,0
(주)게스템프카테크,-0.024956121873149,0.1168382199148616,0.5578824379527926,0.0312757833148679,0.8973946586202398,0.1496129296251009,0.0371390953712823,0.0507041928886778,9.65188136807232,28.51552803312173,1.187471309587537,1.4677587599768458,3.0284485418658758,0.3529239006304644,0.2482345306942737,0.2810782043023723,0.8164285603249014,-0.3365730995504,0.5079110469995957,0.0263259649615084,0.7517655025218333,0.633080981790588,-536.4818308957736,0.6918973236742695,-0.0011800604332368,7.72,1.496305722621945,0,1
(주)경동개발,0.0650353534137007,0.1382449126772898,0.21010897121215,0.1943746838750711,0.9018335044251752,0.1239000226435395,0.0842569366895766,0.1615450266433641,5.590368653749311,4.15619992978018,0.4334769066105873,0.9201404931909472,0.470502340952862,3.021002471947269,0.6800397198633604,2.463852510225973,0.4899944534720257,0.3411855585891515,0.0006002351727861,0.5503378497849989,0.3199602801366396,0.7381253193819501,8.508285629494024,0.527627869854568,0.0867537070950267,6.16,-479.6239436619719,0,0
(주)경인일보,-0.4925818410310192,-0.1195204566936642,0.0903960529553377,-0.0196162979616707,0.6831014339263175,-0.0654650321102523,-0.0241589365154758,0.7441001505717163,4.202426248913924,69.42348710536058,1.2315747121440124,3.3127069594691263,1.7097646483038105,1.3733423123834478,0.369035739183458,1.340251848939634,0.4970607997944156,0.136723730347433,0.1470413980931113,0.0733725277231574,0.6309642608165419,0.51232317016165,28.12551002432881,0.5804060429416801,0.0182156046136936,7.54,-49.67869821291702,1,0
(주)국일인토트,-0.075674116066279,-0.0550836399778741,0.0166706457758387,0.0402110195804088,0.7217211341194995,0.3363099139308522,0.033990011220297,0.1797381256799337,8.980763369789521,2.619847397874215,0.8452909569310517,2.600839702011229,8.894375985136957,0.893595772778739,0.1010675267434598,0.5796687413200428,0.3371547087146059,-0.0789278047020139,0.581436057883069,0.015810603389222,0.8989325827442166,1.0634593631616722,162.83923046410155,0.8251711192964396,0.0065307319380639,8.48,1.5509877474465352,0,1
(주)나다텔,-0.291410595642287,-0.3496137742272505,0.0226033797018027,-0.3814343074297706,0.741033837869928,-0.4234570844511129,-0.3140731594518463,0.4912179849726192,5.370547499462052,2.5315915195077694,0.823400395124849,19.48045859945364,0.3482753037227857,4.120231442984935,0.7416882866865939,2.863885687801533,0.2095618121348509,0.598595035653168,0.1214020193169019,0.0886146031799293,0.2583117133134061,0.3137133706065799,-2.367448754964104,0.7426808089775638,-0.1325111557108811,7.39,-28.73449401523395,0,0
(주)다농,-0.0348491404170979,-0.1521295785861444,-0.006326047983854,-0.0309293099320375,0.8588089016578611,-0.2533428620240768,-0.0291625038327616,0.1741382779807202,62.70880922555449,9.472020126910996,0.9428759935750866,1.0719574401955425,7.687280882222014,0.2294229144601863,0.1151108170159938,0.0553627763810451,0.887320268751726,-0.3784639925369517,0.587462167491478,0.0222968712814109,0.8848891829840061,0.9385000668314688,235.4262343404569,0.5550340028309086,0.0039863869439217,5.07,-1.0250608928514306,1,0
(주)다다,0.134575213888955,0.0997025771311234,0.2745868850446271,0.1112982905329328,0.7748050959020781,0.114052330602164,0.0883677844415507,0.113281651706962,2.6585969237226803,3.0289562164830643,0.7939725221152699,3.361366714949144,0.2906550879704566,3.464974261567465,0.7748003392389603,2.4642228050765063,0.296800331257175,0.5002545338993946,0.0,0.986499573175292,0.2251996607610396,0.283636592562513,3.773359372387896,0.9011786880921476,0.0751681895549268,0.0,3083.195232690125,0,1
(주)대양강관,-0.0933443134314586,-0.1521278109272948,-0.3196568680001699,-0.1409378783229989,1.0157811975996631,-0.4096302514690957,-0.0778755777439913,0.0901435932746806,3.661433188517336,2.138625676964794,0.5525525051932275,0.918410168369245,4.260060513653161,0.5023564476673251,0.1901118812995348,0.1601284406165655,0.6147565692582289,-0.3816292401090475,0.1242107485229385,0.00883015850285,0.8098881187004652,1.465721557840458,-406.02829023225166,0.9468871726150664,-0.0036099000811053,6.64,-6.930121278727109,0,0
(주)덕산종합건설,0.2833125699305668,-0.4033008950804507,0.1049227261771061,0.5780016636402209,0.6825930877387315,2.775089712289509,0.1318811845077076,0.0845841118548464,3632.339792387543,2.2786992118121643,0.2281674825590079,0.2758996058215487,20.042347493681493,0.822292601655594,0.0475232148076765,0.3702049009072578,0.8756824835249332,-0.0268665221807199,0.3195747499157967,0.1094424150334035,0.9524767851923236,4.17446331313226,-22.33483493623518,0.1587272687441509,-0.1869037011041335,7.29,2.220444216307313,1,1
(주)도드람푸드,-0.1217252016800904,0.0525296982293131,0.0100371963538967,0.0123164999383207,0.8674343488623848,0.4116050973998387,0.0610584117580959,0.1012055199491522,13.020141939211292,26.63885314332983,4.957448306245106,100.65225137791428,5.7411694072645485,1.153931473014166,0.1483422147680135,0.9418513699476496,0.1216666379305732,0.1171673980497903,0.4717673827106618,0.034493602318153,0.8516577852319864,0.1717935785954878,-70.49742610510152,0.8937462643076755,-0.0024368773171855,6.94,4.1193410062603775,0,1
(주)동성에이엠,0.0163161389186018,0.227513288567985,0.867363564201959,0.0306494270498001,0.949501542156836,0.2335444088573812,0.058083738014353,0.0179397298455916,15.359125401173118,50.76236593031776,1.895100287518482,2.318048029445729,3.020822640575751,0.3062393628919179,0.2487053246041232,0.2396955111032616,0.836868137320971,-0.3695621095736617,0.2921671155747766,0.0006096266727777,0.7512946753958768,0.3964405896321462,-59.83605943991547,0.7090346700141331,-0.0066254461497457,7.9,2.160289014188217,1,1
(주)동일와이앤드케이,0.0204185349068079,0.0694534698317195,0.1543294982679895,0.0148048870444532,0.9440454029314136,0.0400368647959654,0.0131450377604933,0.0147982075803205,5.310906561457951,18.095274277809786,0.8878850423528377,1.29815332873772,2.045777846016831,0.4722480991243256,0.3283233546753147,0.3834087345393323,0.7537653162484028,-0.2751748977971315,0.4565400746507362,0.0026737931552032,0.6716766453246853,0.756490551462367,-446.463621561402,0.7762806481036449,-0.001694405803583,6.15,1.2994624457001387,0,1
(주)디앤씨테크,-0.0934464509775765,0.0122305100351647,0.2173727264275147,-0.5179753543489986,0.6424077568785393,-0.4363763469501578,-0.2887676928741405,0.7390525658076712,11.747119116792565,1.1384376310471005,0.5574931132332914,7.995428198995153,0.5111674807068965,1.149443330216585,0.6617400207237243,0.1580983896028057,0.6352425970704851,0.0474234436635238,0.1026814875636696,0.0029176935135717,0.3382599792762756,0.6067518526183581,431.43556555993246,0.938136281876866,0.0014063556671107,2.8,-103.56553502363558,1,0
(주)로티스,-0.5106600278017329,-0.5627796169449035,0.8218614548081309,-1.3605015892130683,1.330578520612714,-41.058574100187016,-1.3853009439489905,0.4920290811990701,11.761336752709711,24.156513394978912,1.018228096852328,1.9382773500024408,28.638739711779824,3.094692225662983,0.0337396262366227,2.646518218132256,0.6127226190936126,0.2621349264500577,0.1197165740477209,1.154614491729816,0.9662603737633771,0.9489625917320492,-1.960434617117148,0.129512145850426,-0.484057251104612,8.33,-15.536731455895652,1,0
(주)범양이엔씨,0.096281326237322,0.1049015128282648,0.2585593801375225,-0.0126599447214688,0.9136943729036178,-0.0449686393113058,-0.0189041771807458,0.0700624079476383,2.9125670344366434,13.268839449879076,1.4932274663638898,54.69793486616815,1.3787673423367524,1.4093824976368503,0.4203857948619988,1.2257563410030914,0.2107973004781327,0.2292392397477145,0.0835700864282942,0.0172628646591836,0.5796142051380012,0.3881620303632648,-7.102727270734717,0.9660968534075698,-0.054649716308636,0.13,201.595639246779,1,1
(주)삼도휴먼텍,-0.0357837402166032,-0.0710990536810733,0.1511412938147357,0.0025893558819151,0.8877991982123385,0.0171976358745734,0.0031231918858405,0.0838373379729831,5.273238200485562,6.854819840224806,1.2061655594172385,3.2959296220289422,4.506429480859537,0.7463372875075246,0.1816058851704213,0.5338967517596526,0.4511882780548197,-0.1865283597195015,0.6459451372647838,0.0409307235409882,0.8183941148295787,0.6785089397055802,-16.13762362919593,0.8985158474872563,-0.0420451582770856,7.64,0.662602856572476,0,1
(주)삼정,-0.0042555255733673,-0.0318277167614446,0.2002683740491934,-0.0106886576336753,0.9029190245857968,-0.0366525918048786,-0.0177394591214286,0.0938237377232358,17.47581271719366,9.615815118725484,1.659652664478585,4.112989900553126,1.066161744503449,1.2906053156516295,0.4839892146199451,0.8812708514997165,0.5086452255255298,0.1106382467214568,0.2211582434124105,0.1752910835348587,0.5160107853800548,0.3109149260108413,13.300860255683608,0.7378073066294654,0.0233755501549596,6.25,0.4229126926179217,0,1
(주)삼화고속,-0.0270724564431813,-0.1012596394186518,0.0618370978049036,-0.0131283087300477,0.9464456802432688,-0.066034263915768,-0.0262269123704052,0.0724547250468635,89.22198679130955,64.31736499136467,1.997737325477244,4.345551469943373,1.517805488620231,0.4617608198106472,0.3971712685986734,0.3636160596010453,0.8616892946918323,-0.1612181836194037,0.0753673187609824,0.0270377753987295,0.6028287314013265,0.3017557532281254,1022.911894592051,0.4968722844899763,0.0002949968172463,22.3,-1.3837467653795938,1,0
(주)세호,-0.0630585538959538,0.0717906942311104,0.135031322501094,0.0067225207100374,0.9229888395278693,0.0795571533014863,0.0164817993580319,0.0631769530246609,16.547293862635833,56.1308946814948,2.4517290565461263,5.014476971537011,3.826970136771904,0.6063608435000322,0.2071692949541971,0.5519397642478987,0.5508090917649622,-0.2916071051099878,0.5634534117210985,0.0190135038399476,0.7928307050458029,0.3233761507736516,3021.1805054151623,0.934370993240264,0.000107036355555,6.36,0.8440196378895751,0,1
(주)신동,-0.0245613185603017,-0.06518670605011,-0.6608975842259182,-0.0290249194739634,0.7212395510593709,-0.0096564893559277,-0.0088147637396963,0.3601392928777979,103.1812539184953,2.7245127844935726,0.3036964063794771,0.6743975055658844,0.0954904341270957,25.124986641731237,0.9128331648069716,19.30526983702912,0.652916613266923,0.3332691152398301,0.0,1.922682340368688,0.0871668351930284,0.2870196464692804,4.249389390920254,0.1584808197137776,0.0675437386563256,2.93,-270.0171370967742,1,0
(주)신라명과,-0.0460404148181214,0.15893405457719,-0.0457582287175448,0.0200305824916914,0.5929635657903721,0.0704590540117876,0.0295401421932849,0.3816551107042403,5.456611387090913,31.88302869795511,1.4747520300789054,2.813529583833242,1.3851968467438291,0.9831392540544672,0.4192526085908415,0.9185908410632676,0.5822488884049499,-0.0071643931773935,0.1132930758949263,0.0739338530826528,0.5807473914091584,0.3937932476540385,-29.028217703918862,0.7316701868831419,-0.0135658775771436,8.78,3.278502770175556,0,1
(주)씨제이헬로비전아라방송,0.4092245746227192,1.0956084715336245,0.2614162111460431,0.2363187232364823,0.5749397804395352,0.1340538897780057,0.0970356477663923,0.1919077409300266,3.5491247514932214,259.48605609253684,0.4106134564263431,1.2953081847439492,0.3814911618947776,3.416356246634555,0.7238555175615129,3.4085975899111647,0.5993933767349598,0.2833452505204158,0.0,2.4492656875834444,0.2761444824384871,0.6725168844728853,1.1089127023041998,0.4246377537916043,0.6064651284771727,8.78,16.707843260582425,1,1
(주)씨트리,0.5121242032573967,0.5133835883607826,1.900187024097444,0.0341883013438886,0.6015648880796978,0.0363457402376268,0.0207283919580421,0.3650662890505259,2.0874023103533927,2.6017415706767237,0.6063007269516605,8.628673731788865,0.7534278737683523,2.7573617919444304,0.5703114539013604,2.1233878325074675,0.3902820950945385,0.3885942545064684,0.137788906610881,0.5857914999493161,0.4296885460986396,0.708705312393429,6.538757119004598,0.5146137880720513,0.1083853245341702,8.15,1.597377871339236,1,1
(주)아시안스타,-0.2886437932674925,-0.1425592721059974,-0.3859142693192564,0.4148422776572289,0.5528721063665902,0.0636460284115807,0.0585833799167574,1.2286046808146451,18.749530608680463,2.501407938719764,0.1412184414944395,0.7318451916824957,0.0864178287769843,4.53336084278125,0.9204561758027594,3.6773367246619935,0.8347026626424727,0.12883491067452,0.0,0.4247368563465649,0.0795438241972406,0.563267965256313,18.502773102815176,0.4583941877447742,0.0304423538096898,3.4,-118.43907173740403,1,0
(주)아싸,-0.4860466660867267,-0.291836606385486,-0.1966674655206941,-0.2634436395958275,0.7558858386375014,-2.534273569375169,-0.2243924640347323,0.4667341820002247,2.783915810431258,1.1694154688980585,0.8517664893295316,17.251884851128708,10.293935968942726,1.0148804985172983,0.0885431102412739,0.4052064760415229,0.083515826545224,0.0134377805112478,0.5624498805400088,0.0327239910486213,0.9114571073147107,1.0700786174766803,-11.933702113841518,0.9907722323917556,-0.0896686214611918,2.55,-20.15945414594657,0,0
(주)어나더필,-0.1084887592052346,-0.5906514292304673,0.8575831414469748,0.5687697728334026,1.0564978594570968,0.4399278258843312,0.0569188913193991,0.3269422862626935,34.109140134667115,2.146146488862644,0.1000736924465061,0.1286119412646489,6.729030128427588,0.071588758291557,0.1293823394893975,0.0094466331154783,0.943247119137016,-0.7360095893540385,0.7753408888164246,0.0001682222316203,0.8706176605106024,8.69976553504295,7388.467717224776,0.910574763383597,0.0011774789940221,3.02,-2.002312008042235,0,0
(주)에스코알티에스,-0.1723272329088436,-0.2026631834117089,0.2611707688220471,0.0072241508534624,0.780221504727913,0.0193904538223353,0.0086047370668383,0.2327919884058592,2.3458121905334446,6.194843586548711,1.1911070576155272,9.147067072864838,1.253463011196258,1.4973087110960217,0.4437615099511898,1.227611028012039,0.1671390411011783,0.276622320382405,0.0,0.213077053659224,0.5562386385164166,0.466992983510608,-1.5965298942502404,1.0,-0.2925050042548163,260.72,-8.008821724455354,0,0
(주)연합뉴스,-0.028243455048514,0.1320871392449307,0.0284497977785701,-0.0093130527373232,0.9314257879455828,-0.0312855402319173,-0.0113715332562258,0.179973747897942,5.163317101285105,60.4276102037105,1.2210317687403391,2.5018599127069177,1.7512157075934598,2.5787694729878456,0.3634756878714422,2.442817322284356,0.6430016240095738,0.2185608848808403,0.1046411967813675,0.5096969877348542,0.6365243339288071,0.5213003872826903,-34.45414811091208,0.217489707353544,-0.0151302648843489,0.02,-4912.982677165354,1,0
(주)열림기술,-0.097580203321876,-0.0976823155900122,0.4562079508708676,0.0263406362392803,0.8670964559576834,0.1063913569070303,0.0488993064265828,0.113487454518655,5.127725918434774,8.785895928451438,1.8564208541653224,21.14318872767273,1.1757232296692333,1.542521786267201,0.4596172832847062,1.1584464631368894,0.2641781210564615,0.2587966041665915,0.3131839805166895,0.171655052877552,0.5403827167152937,0.291088475710029,8.336916262650517,0.8827544997673799,0.0349156050678005,6.72,1.560802220317434,0,1
(주)올메디쿠스,-0.0250168645522242,0.2685907511652249,1.1024935866194656,-0.2856096046068421,0.8405389536535011,-0.6864483740293664,-0.1296914944827039,0.2901463115587532,9.60108342980125,2.140269629543148,0.4540866006982914,1.4547789717092188,4.29293184902503,0.4781071996612725,0.188931170047692,0.1809345652681629,0.7130907749854306,-0.3131846978919204,0.2995361881758541,0.0223080177600618,0.8110686371713012,1.7861540858594929,54.44595136723047,0.7398805667044274,0.0328060037708245,9.25,-1.181431587027442,0,0
(주)이화테크,0.0914052379196527,0.2315482458306902,-0.1052199788940255,0.0112521428911391,0.6790747559566163,0.0111782912172353,0.003843738678533,0.3434418027136253,4.957877224642929,53.00179898135601,0.3416005925022452,0.7281741551236635,1.9081818906329548,7.882167060554364,0.343857446888356,7.815176936440611,0.4850316594613182,0.449634906178112,0.0,0.580567511307968,0.656142553111644,1.9207886857143883,-44.94136474741037,0.0995718564455996,-0.0427398833237495,3.57,-223.8690476190476,1,0
(주)제일니트,-0.0418083603334462,-0.0310739245741219,0.0691524637828639,-0.0457306782948179,0.946949132881334,-0.1704069671397877,-0.046501442431324,0.1370169724193052,42.0979834478153,4.287743614508519,1.0168544216977735,2.034842272666225,2.6645522854791968,1.0821124876411157,0.2728846314903199,0.5480144691215854,0.5450034900493806,0.0345258886915847,0.4045249158128653,0.0284516803372954,0.7271153685096802,0.7150633886172856,256.2410100241086,0.5782722240087501,0.002790589174426,13.66,-3.089896044261325,0,0
(주)중소기업유통센터,-0.043706826063705,-0.2414419592953741,-0.0549013456183981,-0.0604420828840388,0.8126838427000083,-0.0808719687434429,-0.0489904191610414,0.2308481124803888,19.7405200819696,58.18175874058972,0.8105349257243835,0.8882482463248884,0.6507711125638737,0.5171324886504163,0.605777501428931,0.4276040542180933,0.9346045780337592,-0.0610623493041471,0.2405340084984615,0.0317825558279015,0.394222498571069,0.4863732407567117,138.65785193884602,0.3207776616726778,0.0035077223103904,5.14,-2.311438700884982,1,0
(주)칩트론,0.0770376924742031,0.3704727222384998,0.7391433423346779,0.0484482080129837,0.8190767773845788,0.1479976937731252,0.043508170793584,0.075848749370051,7.810285227956875,4.937005091018336,0.8980346761623097,1.49931333617515,2.4016068952949365,1.0226176855202795,0.2939787079404115,0.5966295968182169,0.6423403164096961,0.0079105166684189,0.3757643520274996,0.1116547473875747,0.7060212920595885,0.786184888847191,35.40408856353814,0.495380480525743,0.0222060479663601,7.11,2.541078306151972,0,1
(주)코오롱스포렉스,-0.0313732342829852,-0.1610714203869317,0.0917673134494757,-0.0791851928454813,0.9035643920387916,-0.1134711359540288,-0.0211678794476978,0.0885387316565041,29.85036640535432,44.12029964033867,0.2673211832546011,0.2801420841967923,4.36053398954534,0.12195316367319,0.1865485814495918,0.0990924433915928,0.9707950013385332,-0.2102721725887214,0.2138970806332102,0.0275564036990933,0.8134514301124125,3.042974074140873,-909.5155064313876,0.2943963983407028,-0.0033457088445697,8.95,0.0927691003052146,1,1
(주)해운대그랜드호텔,-0.0158947377153224,0.0860374571093783,0.0464328962723148,0.0215037237596268,0.6724806340565184,0.0086993840716092,0.0049897986388379,0.3015111795883868,53.79688610400031,5.273357787915671,0.2320434681274259,0.2595667148017648,0.7434338940850033,0.882313642946161,0.5735806808578908,0.6242863316904619,0.8988142640330052,-0.013496540279875,0.0824002840172989,0.0641751639368703,0.4264193191421092,1.837669995985159,420.6372503596771,0.2689425158260218,0.0043687761709496,6.69,1.094793785847002,1,1
(주)헤럴드,-0.1109623968172849,-0.097465292850502,0.0385144450333477,-0.1440534335818796,0.6977399000610602,-18.25308686138785,-0.1261604156310097,0.3867812192260804,4.01444235962078,118.84282422712428,0.8757890214348861,1.3702338412755088,143.68157183995422,0.5622628160994089,0.0069117304151927,0.5527921581563254,0.6947333901580893,-0.2376585153862515,0.4120821582209638,0.0697081866210879,0.9930882901889152,1.1339355322836164,129.55417515603412,0.5467037831297774,0.0087525973664523,9.04,-1.9604062669841773,1,0
S&T전장주식회사,-0.0235750018226973,-0.1028049760957891,0.118144466643511,-0.0499670824632462,1.0322850700677646,-3.511919945762324,-0.1344874935906942,0.0130550540998259,30.397511140682056,12.262879784245964,2.691521837193873,4.135162578630285,25.11335888991648,0.4199606616536805,0.0382945783695822,0.1421250855249922,0.6575273934668068,-0.4730147421737967,0.0999905808466483,0.0011642739269422,0.9617054901333512,0.357309190972794,-50.24190662286258,0.8479595438244961,-0.0071117761046552,8.39,-11.16624252529178,0,0
SMEC(주),0.1243541519102438,0.2377267735031886,0.0146880743204512,0.0027629874871587,0.8653833352525774,0.0152629658777371,0.0024399578528839,0.1002428624733777,4.084509099296627,2.2416791972220507,0.8830868269306077,3.781986996662991,5.255422158962898,0.7726094828076321,0.1598613187259324,0.3459715085749029,0.3826393379357965,-0.1816984691035106,0.4966944918379478,0.0054455970818246,0.8401387167932957,0.951365925945709,-103.93891908756542,0.951103806068625,-0.0091531250690053,9.54,0.7223511214230471,0,1
경남섬유공업(주),-0.2054165001612467,-0.2721662423142901,0.0127246271796121,-0.3812085768637097,0.888194402036078,-1.0081225555353677,-0.276803019072615,0.0834898055817556,3.054820137910654,2.18232143324707,0.7261195992753806,2.0072172611074106,2.6420215318204394,0.9649153440731344,0.2745727863668496,0.5054750231363525,0.3793345381493229,-0.0225676110432644,0.4144390415982773,0.0119144711563604,0.7254272136331503,0.999046457852231,111.48262782870408,0.8866955372027516,0.0089614541503927,7.31,0.6550324831089309,0,1
경인포장주식회사,-0.1181994107261133,-0.2632679193353103,-0.1106381571259118,-0.1610095949475999,1.019321975191599,-0.1578836598403318,-0.1015134220897566,0.1397447162684338,5.34743803924549,13.288898677045564,0.6304805755383331,1.3437076891409752,0.555298285869552,0.9767443049474616,0.6429634465809665,0.7995060305761568,0.7334875616901355,-0.0063455010299507,0.0798720887613596,0.1226316457027904,0.3570364997631899,0.5662926244132674,-10.26993039371537,0.7642298182981084,-0.0551408434822311,7.18,-15.427768423137875,0,0
계성제지주식회사,0.0630507999342778,0.1354129427011993,0.071249036241354,0.0473199030399325,0.9182490235918828,0.3311055154372719,0.0731392656324579,0.0430145511365779,4.621416395710118,6.210154298404994,1.5456343089024691,4.561128790987309,3.527055509432583,1.037409294225224,0.220894132602615,0.6473332053863187,0.3921930763068197,0.0219177020597351,0.2335577456953141,0.0619690970752662,0.779105867397385,0.5040686939400405,-46.025870218961344,0.7520020582358828,-0.0109518558050506,13.06,1.9269433021492308,1,1
금동조명주식회사,-0.0961345669107206,-0.1773645139249851,-0.2247014427433092,-0.1878330897557225,0.9457055557629886,-12.674784859400717,-0.1422322510643868,0.1360466687428431,3.631844399864148,15.029067398951373,0.757226808382699,1.2034463596439955,88.11329719209037,0.3314260515482989,0.0112216698462455,0.2725364990453992,0.7318373565419485,-0.5409549325601753,0.659885467692552,0.0081408173541878,0.9887783301537544,1.305788859041597,-91.38977331878316,0.818300271500094,-0.0142881288750633,6.66,-1.3293261025972207,0,0
남지리산관광개발주식회사,0.3071891861588841,-0.0114568799586229,-0.0625921115520069,0.2162320955717124,0.1364145574922604,0.1024848449853411,0.0452751903854714,0.8874746123936931,61.77678675076423,0.1110331640619125,0.2093823780681812,0.3272448411199724,1.2635983220123146,2.4390116762205536,0.4417744925305523,0.2259117657512198,0.716494898091673,0.1672674042079038,0.0786906505277388,0.1794229531354632,0.5582255074694477,2.66605772949848,-267.0486244000376,0.208227134276527,-0.0099834168233899,5.98,-0.8575861487436056,1,0
농협대구경북유통주식회사,0.1418610899521002,0.2983641121921818,0.3796467591813726,-0.0206960897697717,0.9029006307998968,-0.1773385837649989,-0.0651951948252033,0.1123106522638481,23.129365965072832,18.97351358076512,3.150121378021183,7.166269408343385,1.7201173988430658,2.417224648757302,0.3676311913689185,1.750777696350426,0.4562855066364835,0.3187811204380663,0.3961019850427855,0.6100169601541071,0.6323688086310815,0.2007442675203574,6.966408351319941,0.3556996642708769,0.0288160350925053,3.87,-4.073454706187581,1,0
대림보일러주식회사,0.0509955141999639,0.1544450153712561,-0.0243947734027399,0.002204022507816,0.8383838802621105,0.0021708565482297,0.0013715628480227,0.152451950254381,4.080576089914748,6.482327279822715,0.6222998373014841,1.531137581427134,0.5827612649025564,2.423677107382011,0.6318072233474614,2.094035353709383,0.4082418060701892,0.3476009372439607,0.0841289527079476,0.7060749112711485,0.3681927766525386,0.5916645876835754,6.522249467459384,0.6631231246052702,0.0907148048591963,7.73,0.7890946342371987,0,1
대성정기주식회사,0.0737768710058608,0.0062959571340849,0.3390312665911466,0.0251960873246767,0.9181081398329436,0.0893137460380027,0.0449149164971927,0.0770511769063677,5.462477187007184,38.4672235382122,1.7826147337250928,7.563265548355821,0.988509675701723,3.6153467317013552,0.5028891798814663,3.3917948071070203,0.3119309392808979,0.4977500922268873,0.0,0.1084325982178359,0.4971108201185337,0.278866100853846,47.32637632910327,0.3828501830775564,0.0058924034013218,0.0,42.20968671920046,0,1
대양개발주식회사,0.0238605823780375,0.0883563613159009,0.145677727142011,-0.0780570183168068,0.8345771968769755,-0.0173396261466915,-0.0072141229960266,0.2198275513619174,23.72060825710944,5.197226137736609,0.0924211960895937,0.1056011942011481,1.4035667476478944,0.5579278247055923,0.4160483585399031,0.4755701838307621,0.8994596001229935,-0.0796628368589632,0.0375540539031123,0.1646947586766473,0.5839516414600969,6.318373556797623,47.115602789850925,0.3085927394353997,0.1341036340971668,10.67,-1.25453681178872,1,0
대양산업주식회사,-0.0398145244283745,-0.0666723818076652,0.2609561935947077,0.0167863190455876,0.955686120194808,0.0624013456104446,0.0201959128712815,0.1005572652820982,21.57828096842984,118.57179171857734,1.2031174205872226,8.255356250611849,2.0898006942374407,0.7940996507607327,0.3236454706819848,0.7759162768511059,0.5765106948630955,-0.1098056090860265,0.3573771035087498,0.0436064715708359,0.6763545293180152,0.562168345121208,-115.21693436578416,0.7884842802201169,-0.0048792163080512,8.06,-2.3357157245229097,1,0
동남주택산업주식회사,-0.0196018510022911,0.7097278472144342,10.162515186837425,0.3238990465239644,0.5137194680976025,0.4384846027916694,0.1317381612554504,0.0428993000512157,711.1527911687917,15.325573944522862,0.4067259927722679,0.6635450360281999,2.328455485712768,3.3754061706362166,0.3004396515105028,3.2347605237487183,0.6728017672305474,0.2302622741829396,0.0871273866707773,1.914936661093612,0.6995603546852626,1.7199794631196756,4.855631139102554,0.1385669698651307,0.3542236660582855,0.07,1771.6304705094649,1,1
동우공영(주),0.1850838557879262,0.0739043978146441,-0.0969507789333805,0.0444761191448164,0.961322799435232,0.4042963535744232,0.1338253568721255,0.0510303403379456,7.120258951451912,1717.075649950277,3.008926125869557,60.56862808858314,2.021074354098241,1.5416780206824203,0.3310080728875306,1.5378341288880564,0.3243623148779135,0.2373894412877371,0.0,0.3801764072745065,0.6689919271124694,0.2223357766615608,18.150978526950077,0.6550874922002938,0.0122492446526473,0.0,-27010.95652173913,1,0
동은개발진흥(주),0.0855758959821227,0.2697254465933217,0.3445706520816954,-0.0903962734114596,1.0898841251387503,-0.1651901105975728,-0.0196915094218056,0.1662071003521413,19.056805884003367,4.030627365113195,0.217835411557014,0.590276510397074,7.388900366096223,2.711371510575995,0.1192051349234643,2.2373932791806497,0.6630489681902201,0.2126777514808149,0.0790340662597557,0.0661146017768446,0.8807948650765356,4.043396152998775,159.42989685378117,0.141092194398938,0.0253615929809395,9.75,-7.223268644652245,1,0
동일산업주식회사,0.0016078386944865,-0.0284181906617933,0.0830462428804621,-0.0261331192881491,0.8195210541453691,-0.0958295028259919,-0.0297765771932982,0.2023029488810935,3.293606802071267,3.801611829783627,1.1394191739981594,6.30991546240917,2.218284700887652,1.1760048143364883,0.3107245296614637,0.7961392406715704,0.2395775191892692,0.1138073616199421,0.3678230557379152,0.0400757396429106,0.6892754703385363,0.6049358182379067,-8.788707357061623,0.9381083132582008,-0.0688310343786618,7.26,-0.959363669915981,0,0
동일산업주식회사,0.0016078386944865,-0.0284181906617933,0.0830462428804621,-0.0261331192881491,0.8195210541453691,-0.0958295028259919,-0.0297765771932982,0.2023029488810935,3.293606802071267,3.801611829783627,1.1394191739981594,6.30991546240917,2.218284700887652,1.1760048143364883,0.3107245296614637,0.7961392406715704,0.2395775191892692,0.1138073616199421,0.3678230557379152,0.0400757396429106,0.6892754703385363,0.6049358182379067,-8.788707357061623,0.9381083132582008,-0.0688310343786618,7.26,-0.959363669915981,0,0
동일산업주식회사,0.0016078386944865,-0.0284181906617933,0.0830462428804621,-0.0261331192881491,0.8195210541453691,-0.0958295028259919,-0.0297765771932982,0.2023029488810935,3.293606802071267,3.801611829783627,1.1394191739981594,6.30991546240917,2.218284700887652,1.1760048143364883,0.3107245296614637,0.7961392406715704,0.2395775191892692,0.1138073616199421,0.3678230557379152,0.0400757396429106,0.6892754703385363,0.6049358182379067,-8.788707357061623,0.9381083132582008,-0.0688310343786618,7.26,-0.959363669915981,0,0
리얼텔레콤(주),-0.1635909682146941,-0.2307677554562121,-0.2308298141637597,-0.2799642238142618,0.1434466378179335,-0.5037838839021886,-0.1438952122504639,1.1349718408864302,4.785495013113718,0.5614773268907459,0.5139771442580074,0.7448957178203982,2.5010468800400574,0.8016065057459076,0.2856288516732339,0.395102314324283,0.7410605851925021,-0.0640861756180072,0.2570503643375319,0.0444544822909348,0.7143711483267661,1.3898889402135832,341.7207900832118,0.4521817421967713,0.0040673233252069,5.0,-6.3406931885002304,1,0
미농상사(주),-0.2033418923585722,-0.2717879097247865,-0.0783909262283019,-0.4496009264634819,0.8419966869653721,-0.5536291551517257,-0.1312398841184988,0.3019393456889678,1.230270291002742,3.676461116036004,0.2919030553402532,2.683177558652687,3.21845202676226,0.4454690804818019,0.2370537803099111,0.3454150324072521,0.7023526998915941,-0.3705187144362674,0.6258490015741488,0.0002222382413879,0.7629462196900889,2.61369727288661,-1304.228988806678,0.8757707913096212,-0.0020040171590404,2.85,-2.70192554740358,0,0
미화콘크리트주식회사,0.0099399757046831,0.4671586593941323,0.5078900287622152,0.0220374883088214,0.782983359711531,0.1917403134940405,0.0250639508779666,0.1658158502745449,8.382985674777814,16.343303232886548,1.1373324639693057,1.8057910576090832,6.650043459931783,0.3952131514516234,0.1307182116333908,0.3301545905209077,0.669000707891242,-0.5065216529635226,0.4877547800292992,0.0045215053596213,0.8692817883666092,0.7643163418837127,-1929.5390089849657,0.9634631212578288,-0.0003961134438457,8.6,1.2979133168971309,0,1
발레오전장시스템스코리아주식회사,-0.057963475658609,0.0445177230586276,0.0967410461117736,0.0053173067280858,0.8717778109335091,0.009850733746015,0.0064645839989266,0.1168467769810737,4.4224149291457575,25.085266045516835,1.2157628531716993,2.351491527238747,0.5238001003081686,1.3788206974730817,0.6562540583884744,1.2177795020164854,0.6382514680251317,0.099387709688234,0.0784661973117217,0.1612017880730185,0.3437459416115256,0.2827409479692165,13.848510128041235,0.7632404940016244,0.0204167051440939,9.16,1.830042811305588,0,1
보문관광주식회사,-0.0814156473849724,0.1114243927694593,0.2463791380661833,0.7016740224741483,0.6195239787963582,0.191516213272396,0.0815907099421621,0.3943267616521552,11.290461091490478,6.043135006281609,0.1162800778265497,0.1272605673240499,1.3472796884582672,0.0566489640871654,0.4260250792767849,0.034908147342886,0.9689388697486038,-0.5172477532720994,0.313003119215293,0.001064888917824,0.5739749360834354,4.936141657383567,-201.96859748023155,0.9552836701632408,-0.024440144254934,6.09,-0.0861654115566541,1,0
삼성건설주식회사,-0.0708945460970538,-0.0697953725301544,-0.9470640564841156,-127.81742409591956,0.7899052407658094,-2.0683240115247656,-0.0403793991598698,28.89970992071166,0.0021069166271373,0.00295063242182,0.000315914668485,0.090312259308485,50.22225824450416,1.0138802712364936,0.0195227628431882,0.916018116771168,0.1238033174045992,0.01199534899807,0.2676210784205104,0.0002825907399297,0.9804772371568116,3103.614155869271,-1085.044777532131,0.8814088761639134,-2.860355830593696,23.38,-0.1190797641939091,1,0
삼양물산주식회사,-0.0637681498777629,0.1783576266299427,1.5078382689107002,0.0491528315120119,0.8372113074787435,0.0659272522185831,0.0563314217024646,0.2038424430579493,3297.221651140379,9.923056404287308,1.1460463206213956,1.4765876525534962,0.1703459672436882,1.4756114188755851,0.8544481956520307,0.746741540124127,0.8042444658894867,0.0630948724278649,0.0,0.5142609696853396,0.1455518043479693,0.1270034218765694,30.809108527131784,0.9114318480816512,0.0041222686389878,2.97,-17.51105385638298,0,0
삼윤상사주식회사,-0.4138696987748824,0.2626311439163963,-0.2797479771881596,-1.7380858646967248,0.0,-0.2278010580937918,-0.1908482128200335,0.9257374823839434,20.346274346781307,0.0,0.1098036735103039,0.1302885669200379,0.1936242667810787,35.21490366477162,0.8377845757918131,21.992974878686564,0.8518837366688715,0.1439101426233218,0.0009159918385893,1.7754563076482757,0.1622154242081868,1.4773223793187993,76.10142472083173,0.0259288906069796,0.0194125456223476,0.8,6.9438516378547135,1,1
삼한화섬주식회사,0.0115560852793026,-0.0183894003814249,0.257634597344076,0.0028294216047174,0.8802770367658111,0.0157145062676443,0.0043433561931986,0.1166643943338301,3.003996365396764,19.068855794310068,1.5350685758379283,15.30169248404676,2.61805595299208,0.8199472271344851,0.2763915148986571,0.7190968798623076,0.4238559926193931,-0.1265158494527305,0.3982380454784388,0.0047078794976945,0.7236084509369283,0.4713850979210758,-54.934121113405055,0.9710497738923844,-0.008580916347928,8.98,0.1370934516321789,0,1
상진물산주식회사,-0.0632092318004675,-0.2125786804853855,-0.1130863121916075,-0.8645650325871351,1.1326910361764428,-0.0161963296352939,-0.0144005565669623,1.819854538585057,8.550660259257764,2.137423356623413,0.0166564179953819,0.0169016202614458,0.1247016432997786,0.1641429220170633,0.8891246900520972,0.0557262529348676,0.9866362413416953,-0.0680516230961129,0.0600733137264727,0.0025623931128438,0.1108753099479028,6.656611882497402,-141.31451774613996,0.7342967680782364,-0.0471049400207802,6.75,-8.70108386825213,0,0
서울냉열주식회사,-0.2272145574350204,-0.3997854159406055,0.046543271066406,-0.238510894141965,1.157738886417664,-0.0944126724839867,-0.0912418470947456,0.091229380854768,4.330575120524144,20.01280927999708,0.3825479226975569,0.4701049445939256,0.034751980859356,7.620631714798116,0.9664152564924064,6.702403499656404,0.8163348446220491,0.1595641146438473,0.0,2.483767158875685,0.0335848444958137,0.0877925156644126,0.9486322275151896,0.717616564730787,0.0925464190631315,0.0,-559.3730723606168,0,0
서울도시가스엔지니어링주식회사,-0.4083350703204177,-0.5379045674832901,-0.4087993276312959,-0.0582344209467096,0.8924079003108988,-0.766215572934376,-0.1059260331700873,0.1790691341104989,14.080829706630746,68.08825364048955,1.818959155909188,117.79804286220332,6.233496337052951,0.7564910631930369,0.1382457325481161,0.7261211183180808,0.4061538345830475,-0.1911547345413571,0.0,0.1460410829209915,0.8617542674518839,0.4737622967796355,-10.956510778311676,0.9109335800325936,-0.0432402528839239,0.0,-25.74603120874657,1,0
서원풍력기계주식회사,0.0398626552067667,0.2542306333085624,0.3450484788566895,0.0465384172575408,0.8330368925110205,0.0266044154846876,0.0219225420914316,0.1124810121264477,2.775956476946136,9.688858692290754,0.4710633361275174,0.6368569091473065,0.2135643473156305,1.7430625821271193,0.8240189341520878,1.446213931770483,0.762179757159745,0.1013820877913211,0.0161568852647467,0.1617844349130932,0.1759810658479122,0.3735825999420891,15.803613728749884,0.775300197163527,0.0236390616952671,9.02,13.212832086664948,0,1
서진종합건설주식회사,-0.2587791777180646,-0.2904595598269783,1.7870253389255748,-0.6459347514166593,1.0681314283919607,-1.1564124159830893,-0.1069066156699911,0.253235513681654,8.022618749757726,2.0977240720412182,0.1655068339883003,0.2083709152865514,9.817033246593516,0.1883037831254616,0.0924467899102481,0.0441561319401517,0.8899110841797742,-0.4745458881022337,0.7819770347749878,0.0065702223288326,0.907553210089752,5.483478767734186,-83.72277347247419,0.6441879481806663,-0.0654956655196929,12.47,-0.6005811960900608,1,0
세안홀딩스(주),-0.0377144420916756,-0.5582399097671557,0.015513441504512,-0.635762556299674,0.204980816204075,-0.069549570481878,-0.0344420093167718,0.9939982508391504,236.1322774638395,60.023626603233794,0.0541743280970093,0.0545459858271622,1.0193238271496072,0.0189037011043704,0.4952152698879162,0.0183134946311397,0.9940744673782982,-0.3075333286344046,0.3076728037957892,0.0170230428681063,0.5047847241650765,9.317784675818494,-85.15636863437538,0.6209753311663172,-0.1094197043068502,7.96,-0.4474198348996466,1,0
스카니아코리아(주),0.0209107091670114,-0.0514339266118214,0.5387498803387237,0.0052577878690067,0.8942517227788033,0.0836138274591217,0.0089043334566826,0.108768614986442,4.368275664153136,4.184976037585809,1.6935512954357452,16.052215037807432,8.39023984130414,1.01128538417796,0.1064935516919848,0.5696749782249511,0.1712957007561579,0.0092478804126458,0.5943584792553542,0.0203026814182101,0.8935064402480734,0.5275933729649311,236.77369334965115,0.91712423532587,0.0022282600972305,8.3,-0.0938601740274514,0,0
신동아건설(주),-0.1978208593805062,-0.2890402158852506,-0.2105796511304992,-0.3051943078975049,1.0404737713244323,-0.414083649695436,-0.2016808194138537,0.1057330362573423,3.506158622077351,2.271435905129774,0.6608275914555566,8.30329950333948,1.053163265098238,2.214604612948864,0.4870533274187296,1.2812484237709785,0.2817632769681888,0.3939184592513339,0.1781755501959847,0.3245349314709243,0.5129466725812704,0.7762186071126967,-44.36711268677073,0.6322650698725271,-0.0174953599661252,10.25,-4.386490048867282,1,0
신동페인트공업(주),-0.4258394597905479,0.087345619265167,-0.0069277994478186,-0.0265193206334604,0.828343091101561,-0.0558757062146892,-0.0278597119699383,0.1695844281182297,4.396518700737803,6.792155084183852,1.0505439545380582,8.709292155751195,1.0056096155976515,3.173068789009237,0.4986015185722023,2.354111191374488,0.5035959293966552,0.3399611745896272,0.2973347492504407,0.0976047384108275,0.5013984814277976,0.4772751099674558,-40.38993548387097,0.3120131029679747,-0.0118166841380087,5.39,0.0695702515514575,0,1
신명산업개발주식회사,-0.3452719008385987,-0.6109184912281601,2.1099095148929643,-0.1568573368984245,0.819776317619273,-0.1551230792381525,-0.0531685234631957,0.1375038377634381,8.072521410313023,1.9573300957479096,0.3389610235294624,6742.631168831169,1.917573578012408,1.090256814882833,0.3427505676416388,0.7185722949518348,0.5835763440627146,0.0344735958663127,0.3098866988725251,0.1053747134327154,0.6572494323583612,1.9390118235857676,17.157710308248713,0.5811341041413282,0.11301110630441,8.58,0.4260697174954568,1,1
신성교통주식회사,0.2077369662275515,-0.142684263039298,-0.1946725755689116,0.0137023459125254,0.9298964878693374,0.1728925185876201,0.0133691997019535,0.1326888344211436,1251.68369721822,73.02015629997358,0.9756869215900132,1.1510157429779042,11.932151695090411,0.1293965132462232,0.0773266524842607,0.1037796557702494,0.9372376704858374,-0.422276470524713,0.2684499206289213,0.0357690418355595,0.9226733475157392,0.9456653841501932,-81.81967219394106,0.5256885346746203,-0.0115579219372651,10.51,-2.2120237715229925,1,0
신신상사(주),0.3177502226491945,0.8747149928526705,0.3021543793615258,0.0020443366985199,0.649853933673663,2.973369666191862,0.0018749602882622,0.2741846785755208,5.008678911209752,2.214100732992648,0.9171484763833928,2.973187621702242,1584.8307425527962,0.5270325329177975,0.0006305843197302,0.2545002097672253,0.4794320437512343,-0.4671660520614195,0.6562936255528841,0.0032009715518002,0.9993694156802696,1.0896484499664656,595.9539357242664,0.9883572508948912,0.0018284105274717,9.53,1.14036302269611,0,1
신일정공(주),-0.224433778096446,-0.5657490332129798,0.3160812076689938,0.011697441086928,0.8971577590734127,0.101485629681704,0.0123365734197032,0.075661827288177,24.42564117942528,10.875659032984206,1.0546386451554324,1.3413967919497989,7.226403412767521,0.3384093556595362,0.1215598056433729,0.1984834147896994,0.789592976592039,-0.411345950879326,0.2633679256536213,0.0053575077605898,0.878440194356627,0.8329300262149627,1724.6510962821735,0.7077920367050842,0.0004829556702863,16.21,0.5498753465613969,0,1
써모메트릭스코리아(주),-0.0588941458170604,0.3075021064934359,0.302948746901699,-0.055727084031226,0.7792007132286529,-0.1590159558176836,-0.0605839160886173,0.2863858275841111,4.781004029294746,4.518089229853517,1.0871538883080598,3.35363385644465,1.6247223039376943,0.7919844198847,0.3809926857785173,0.4705696310901602,0.5380057543382751,-0.1213432974290643,0.0,0.0432549388399142,0.6190073142214827,0.5693833420260725,41.18640049587516,0.9423758486996962,0.0138245473061695,6.15,-2.987413386555501,0,0
아남텔레콤(주),-0.2510158570500551,-0.2632011565996991,-0.3866314785292644,-3.2250010378550207,3.294910952039237,-0.7853459094972567,-0.3763367840157043,1.0639518850412473,4.446621528075369,14.639398959839529,0.1166935388851873,0.1435476270845189,1.0868167632119765,0.5406353585895385,0.4791987574706007,0.4516141990285924,0.8404930393197162,-0.1355292367949676,0.2607106653612057,0.0317057687768562,0.5208012425293993,4.462982676717057,-14.447268704389415,0.5665045700547383,-0.3089153228915234,6.64,-13.632972065425395,1,0
아마다코리아주식회사,0.5569826517926824,0.3375801488692198,0.6597910458515884,-0.0847411719506461,0.7780289254957157,-4.115310196240704,-0.0581422255698416,0.2819005560713223,2.3419811652047926,3.760124588374788,0.6861154292709586,1.3633129853108494,69.78005968824336,0.8804733646626292,0.0141282729119554,0.6189002018668319,0.522125713250286,-0.0648727196052506,0.4264108537859082,0.1510689145418376,0.9858717270880444,1.4368890204605895,-15.135537027640112,0.5505249402958928,-0.0949347894188743,1.59,-6.753163436626669,1,0
아이디스파워텔주식회사,0.0053179600826936,0.1619121964658651,0.1808619024717122,-0.0429740208078287,0.9642727581648668,-0.0381277619757724,-0.0227629424044384,0.133502412104298,2.482057083822542,9.594723652247826,0.5296907754159138,0.9489163606587804,0.6749926959567945,1.3947245527799617,0.5970175332846094,1.1986724557936714,0.6212899301031782,0.1071797027415453,0.1545080749666191,0.3133145128692217,0.4029824743252538,0.7607881674149063,31.605378047943468,0.6738019255301902,0.024071478159851,8.12,-4.916455123768849,1,0
애경자산관리주식회사,0.059005363495636,0.2521399422627398,-0.1333902605794241,0.001870125185365,0.7447969184588572,0.1423262682519844,0.0027089291084885,0.2646959598068231,52.53576963883529,6.564878887960915,1.4485282213659885,23.59117369141855,51.53967945805465,0.3001545329373696,0.0190332335819586,0.1236030458075669,0.7206095112733492,-0.6514316647570298,0.4334539760514415,0.0148371321753848,0.9809667578644288,0.6772161863297073,99.2550082089016,0.9488824631632644,0.0068229925980598,10.1,-0.3181473650379499,1,0
에스제이오일주식회사,-0.0878121005402141,-0.2003553264285425,0.3124360053107938,-0.0061068889294494,0.9526963843676428,-0.616960341602083,-0.0251701076398189,0.0561120986076964,30.787238751648324,91.27532615032442,4.121592504890688,7.674835900516718,23.51162772171008,0.4771859679151193,0.040796962045338,0.4300256778331571,0.5647112672832965,-0.4769105641292869,0.3236830623085671,0.0286103982338458,0.9592029837867236,0.2327263024300757,-10.77214187296402,0.9509970862234906,-0.0216044594635513,2.1,-5.521104832199285,1,0
에스케이에스페인트(주),-0.1416314597226956,-0.2571091713927257,-0.1131408193357136,0.0089438959449524,0.7793708015663069,0.0331693480182466,0.0088914007055692,0.2063078816109849,11.406629429282171,6.947633361676307,0.9941306070971384,5.238060304536855,2.7304974903977457,0.7651525220895877,0.2680607620227563,0.6075392058428853,0.4586155324501068,-0.1661665787060914,0.5751753516883422,0.0795789855832731,0.7319392379772436,0.7362606409579384,64.92139190523199,0.9666800323635372,0.0113408018428299,9.04,0.2918300631229312,0,1
에스케이에프자동차부품주식회사,-0.0084986992996478,0.1836882181397541,0.1515789027676801,-0.064578067822739,0.8495406749027093,-0.3396585259014936,-0.0670330230868972,0.1764768984210211,4.712222063204244,6.860080018897254,1.0380153099485248,1.9784093259317532,4.067032788617966,0.5756674107512999,0.1973541600611489,0.4087944695534158,0.5565501847595201,-0.3268731298463999,0.5793831118839794,0.0691735177783297,0.8026458399388511,0.7732504831539088,23.567043494293284,0.959729567832266,0.0328106698382064,5.42,-0.8399927762579679,0,0
에스트라오토모티브시스템주식회사,-0.2013236267908662,0.0675170711778358,-0.1171010931832402,-0.2412877257789921,0.9534283060743288,-0.8659660832649575,-0.2553995059435304,0.2618511230425308,6.826704167569011,12.13745951449268,1.0584852798416444,1.7161126160479316,2.390633360510297,0.58631950522011,0.2949301489737289,0.411195497807252,0.7216227617098379,-0.1964103761301411,0.2619796886096682,0.0687553598667938,0.7050698531568681,0.6661121005502794,807.9089202359329,0.6733908908813702,0.0008244891025039,11.23,-6.070633621174568,0,0
에이치디씨리조트주식회사,-0.0965195723674046,-0.0817115586529204,0.3367297408795217,0.0141815542304175,0.8975441703536101,0.0067207248097657,0.0015611435697902,0.0562029993153829,33.87008094337823,36.723925554964254,0.1100826851856481,0.1165802942338953,3.305001115732598,0.100411634383363,0.2322879769637008,0.089042822127617,0.9762373582328416,-0.2128896177151222,0.2306927198391206,0.009012465172765,0.7677120230362992,6.973958000221352,-2184.4795839282074,0.3082565474933699,-0.0031925031717076,10.95,0.15026868929727,1,1
영산콘크리트공업(주),-0.009766350686556,-0.1067387460686454,1.5462658852429976,0.0361306953842572,0.773571487259778,0.043253273259599,0.0290877999769233,0.1760063783177283,4.114100475686245,48.76008462908973,0.805071689530708,2.293813322503659,0.4869901915550111,2.356780422658951,0.6724993921810983,2.301396210949348,0.4564948029091937,0.3128917755495595,0.0964748365560621,0.0961793842049816,0.3275006078189016,0.4067968257706443,41.77112089579314,0.7041618123309537,0.0097387098322184,14.87,5.657821989151394,0,1
우국물산(주),-0.0727835343260653,-0.1229023212306964,-0.1535248447667978,-0.0412375110237457,0.950278316928742,-0.2094872689222183,-0.0605344585584492,0.0795110367613821,12.698993653183758,4.226762244276869,1.467946465624265,2.859262047550031,2.460628440575666,0.8993886478227997,0.2889648562888343,0.2507074503518604,0.5424177236102268,-0.0511880727773729,0.3448443956173013,0.0075643397821981,0.7110351437111657,0.4843740288640486,-15.391619695196104,0.7155347434891588,-0.0314699842158409,7.23,-1.9274180464023856,1,0
우리자원주식회사,0.3655451891819858,1.108585899209091,-0.3345900828748475,0.0013340868072295,0.9592169024803894,0.066823750107508,0.0042751090111789,0.0234013190933548,89.8966009337166,8.543584512569542,3.2045208662673352,7.833475367300346,14.63088961480479,0.6598963530622656,0.0639758918692989,0.2541504260979631,0.4148578076463604,-0.30157619144565,0.4982273647050347,0.1182288814651864,0.9360242119483996,0.2920949031106457,9.167707553769564,0.947324306677091,0.0318612806306787,8.77,1.1308490009274093,0,1
원일종합건설주식회사,0.0887048123893381,0.0097514270444729,3.913802321182295,-0.0625253556717774,0.8348759525562592,-0.1513516505701614,-0.0149119973114596,0.2143978673342984,3.148706478792949,0.3765276819638664,0.2384952016864824,0.8753235354559674,9.149656317171193,0.8971493142508251,0.0985255017390571,0.1747982103123962,0.3432182321476805,-0.0752945492987486,0.3243971283511004,0.0285500362250238,0.9014744793892252,3.779843254768172,47.199366835332725,0.8120876575178846,0.0800824991562945,1.3,-1.7887328798602813,1,0
유경산업주식회사,0.0776782404866797,0.2294653525253363,-0.2493943676665028,0.6370769909722123,0.8135006626079538,0.1532703408983968,0.103480586021167,0.2249860977320397,137.67853586735356,26.844074250850834,0.1624302674363586,0.778228855925925,0.4811506852797024,1.242742611916855,0.6751507526806152,1.2228831443964585,0.6919721184153215,0.060166515416857,0.1060570339129177,0.057905176070512,0.3248492473193848,1.9999305083128247,61.8876142102344,0.7630042803335465,0.0323155211884399,4.46,-1.3351623178287808,1,0
유로써키트주식회사,-0.0862436050764772,-0.1260965087502543,0.1122828666396713,-0.1004175147552254,0.9594230077683576,-2.331896512578331,-0.0707525304250681,0.1136157737921227,7.38992105685265,3.844564801543016,0.7045835639084702,1.1694874953226626,31.9584903732631,0.4985717707113478,0.0303411965511447,0.2371108516948423,0.6647132793436756,-0.3372076730353741,0.7128627067744898,0.0024352372156448,0.9696588378930436,1.3762155229879989,-724.3431107680432,0.6935371157477933,-0.0018999497648686,5.41,-1.268481287781023,0,0
유진아이티디(주),-0.2586842244735833,-0.1167008480661961,-0.1457284880669363,-0.0013552336254896,0.9165719242267004,-0.0077545291024852,-0.0008912010988925,0.2902617753162199,4.233881016220632,11.58287256769806,0.6575996065405838,1.4930370945298002,7.701211333919122,0.5818079698233178,0.1149265270804069,0.5151069926323972,0.5461017833722653,-0.3262530363115702,0.6151446952823673,0.0028945929962761,0.885073472919593,1.3459154538970528,-171.63935135541885,0.881453660977793,-0.0078415319288292,7.36,-2.7647806976895515,1,0
유진화학공업주식회사,0.0577452295535835,0.5407870552616734,-0.2343935773179011,-0.2648145629244798,1.0028184386906982,-0.130759323515164,-0.0841526101402638,0.2562628758537782,7.453159662865317,8.957884561935987,0.3177793895128893,0.4499998451180912,0.5538356243165493,0.4565671862911323,0.6435687175339718,0.3411763270120524,0.8592411002603364,-0.1675394273545398,0.2512321417430906,0.0010239986921879,0.3564312824660282,1.1216312140708269,-4238.853277835588,0.8649586673795605,-0.0002646072276046,1.27,-43.40492665375034,0,0
제니코식품주식회사,0.0333080757498519,0.3695826357673608,0.0452838878581194,0.0035537469757585,0.7561078908521633,0.0016790723004439,0.0012143406419539,0.1845014986695006,5.611678362035824,8.704309280048308,0.3417071193412106,0.4539617612664018,0.3827028779520778,2.496146094434728,0.7232211749505437,2.1392333595006185,0.792407414910881,0.1244273466633889,0.2060583037761852,0.1938221913381496,0.2767788250494562,0.8099884649259519,223.8256028462248,0.3004754370601495,0.003618837410135,6.82,1.5432907763922563,0,1
제일흥업주식회사,-0.0768930946627828,-0.2592402476928688,0.0835427879290826,-0.3072590485503317,0.7680683511071741,-0.4091697057593008,-0.1182340664620593,0.2834396594424229,56.95497584221051,30.33458410250374,0.3848025534801836,0.5060202753374404,2.460675235175142,0.7186780490240128,0.2889609489604102,0.6884363150160729,0.768459236392301,-0.0906351591467786,0.2876907710859974,0.1361148480724442,0.7110390510395898,1.8478023199401836,-124.71103228686792,0.453105806612778,-0.0148166708755144,8.72,-0.4061777734976887,1,0
주식회사건화,0.0635459277641513,0.2238101276325285,0.0572317719096072,0.0072151362578415,0.8641761346846073,0.0714055928473943,0.0103789390136753,0.1088868031262049,14.877719681148951,93.23865482426174,1.4384952193238725,1.95976167527774,5.879854051193494,0.3204036334221392,0.1453519059194273,0.3024068846433964,0.7626324390855862,-0.5034716061673045,0.490944452378304,0.0157219321910386,0.8546479928690403,0.5941264047236428,191.23074484226737,0.8668354378212866,0.0031068560926941,6.27,1.2726033772104772,0,1
주식회사건화,0.0635459277641513,0.2238101276325285,0.0572317719096072,0.0072151362578415,0.8641761346846073,0.0714055928473943,0.0103789390136753,0.1088868031262049,14.877719681148951,93.23865482426174,1.4384952193238725,1.95976167527774,5.879854051193494,0.3204036334221392,0.1453519059194273,0.3024068846433964,0.7626324390855862,-0.5034716061673045,0.490944452378304,0.0157219321910386,0.8546479928690403,0.5941264047236428,191.23074484226737,0.8668354378212866,0.0031068560926941,6.27,1.2726033772104772,1,1
주식회사게인,-0.1731973571087877,-0.0934156300059673,0.4794966922939389,-0.8989555670361609,1.4405722578221694,-4.572596508482912,-0.281755272603044,0.2333073844797657,3.1895493207476058,2.4854390636891104,0.3134251379431195,0.5296462371919444,15.22896518044969,0.9933413672266228,0.0616182232743129,0.5119195131036852,0.625166435003521,-0.0025126096051106,0.5069504730462885,0.0567047505180578,0.938381776725687,2.993958247522522,46.40840145487847,0.402124363410243,0.0645132810797945,7.5,-3.878777925054005,0,0
주식회사경남도민일보,0.0704673744999033,0.2086279072861619,0.2621153532076034,0.007298337667059,0.754296041124951,0.0609342213934894,0.0131762264636096,0.2359056932520233,5.170164392392823,295.2795314025382,1.8053736432448768,3.834063195201397,3.624557839968722,1.3945073455426436,0.2162368889317996,1.3816416558626878,0.5001223124405009,0.141415692711129,0.3668272653189453,0.1902053849170407,0.7837631110682003,0.4341279236022903,26.160496919300705,0.4573594872364408,0.0165947888888149,7.19,0.6858755527969587,1,1
주식회사경동,-0.12637354770027,-0.14795582902797,0.0351214417848402,0.0467179320467925,1.015149244142406,0.1231247419568191,0.0415992829526342,0.1371061572556804,4.859899940932484,12.138289004501384,0.8904350241994552,4.62185058223319,1.9597804098782,1.779396174550295,0.3378629046566731,1.5141239509994977,0.500476952422205,0.2187968918614947,0.176941459044871,0.4865035003220825,0.6621371017706941,0.7436108012103273,14.21115983733198,0.4239698318755727,0.0523258347469219,7.79,-4.304478883264725,1,0
주식회사경북레미콘,-0.1037063609927323,-0.1091244869328964,0.3315760757736862,0.128470982068707,0.934820509519148,0.4216204064493258,0.0752405944560833,0.1077285387035191,2.173592006846039,6.196150292273783,0.5856621724573118,6.982947132832228,4.603629390453828,1.36250461456659,0.1784557704161466,1.1186616590519376,0.5062794193692256,0.1313580789904948,0.3074744552460633,0.1149720422988669,0.8215442295838534,1.402761298611504,30.44987530055922,0.4410748546354361,0.0460678831937857,19.55,-0.3174522323477404,0,0
주식회사남흥,0.1314750623593418,0.5936130357748151,-0.0118346461847749,0.0092169152616997,0.9687079704095068,0.0152809483966711,0.0044692867952816,0.2189382894501833,3.3765654551153803,5.841538862296897,0.484900497442295,2.971228499742682,2.4191022184576503,1.6466072182355425,0.2924744380561684,1.341302741938444,0.5663143268134248,0.1703042982091835,0.5712968061618554,0.0136771921131034,0.7075255619438316,1.459114943531337,-53.83904364151884,0.3722570450370538,-0.027101427604225,7.72,-2.225413480129555,0,0
주식회사대동남,-0.0261212974053463,0.0037796081230639,0.1407768496275184,-0.0103847718232854,0.7961933105369449,-0.0595949424806923,-0.0112416429087247,0.2132072437652823,2.603498346624572,9.033150312628695,1.0825122689280422,11.22358983206046,4.301266958255245,1.0566032753443246,0.1886341766730757,0.9358364557021084,0.1652115380529401,0.044720437905567,0.4664075457459311,0.257489958954513,0.8113659513215833,0.7495212521933248,64.26004845560432,0.9737505286666276,0.0116638762373662,9.64,-0.2132501844028699,0,0
주식회사대연콘크리트,0.0265700376410609,0.1137452779586496,0.2087959435187771,0.0111950542346284,0.8284173106535982,0.0298708026703647,0.0149493213026243,0.1870465150942465,3.56418497689753,53.271631391278746,1.3353505029375574,4.639152825638644,0.9981379386793412,1.5665138125298463,0.5004660058049197,1.515472237466202,0.3626819245451009,0.2304796100948903,0.1421793221132661,0.3636632563441238,0.4995341074132058,0.3740846364413768,7.194658965645444,0.8144358099325519,0.051994769762908,6.34,-3.048742979406258,0,0
주식회사대전일보사,-0.0041441003890301,0.0984966051880215,0.003272437356286,-0.2210189185395179,0.7719259861494487,-1.398946473490924,-0.0900691382634773,0.2879222840375591,2.888095866552288,89.14572422340383,0.4075177765715702,0.4857763160162804,14.53191804054587,0.1778314553141961,0.0643835485990534,0.1736890789932268,0.8485111272644166,-0.7003788267550937,0.4979309308642053,0.0484025237808222,0.9356164514009464,2.2958911370008157,-81.89324302631417,0.9104881580642707,-0.0280351717938816,10.09,-0.4829838086710426,1,0
주식회사덕일건설,0.2019512489960042,-0.2220503647530916,0.5205807212810921,-0.2562791466890683,1.1042681580801037,-1.1689005994201318,-0.0723425929721662,0.0574536105555673,202.18627022878545,2.7806044482032557,0.2822804504649617,0.332445836265657,15.157847699347268,0.367779701798458,0.0618894309816026,0.0620668214044806,0.8651378256730652,-0.2318306411477996,0.5472479489492108,0.005068451859607,0.9381105690183972,3.3233281563536434,-110.37469678395368,0.3908844304551729,-0.0301095110853051,4.71,-1.869874281321083,1,0
주식회사동승,0.2113236246148992,0.5686492294750541,0.3311968185136839,0.0428519681266517,0.9314374326945218,0.0860327103482,0.0440670483640278,0.0508109149323573,13.63326180840988,11.5784815435375,1.0283552959291111,2.977591886848196,0.9523138840047428,1.3493649820991531,0.5122127175312198,1.1711184328270818,0.3737415869726228,0.1621449809053045,0.3954795191669484,0.172651660054045,0.4877872824687801,0.4743373077376609,7.417859862612443,0.9514668561531784,0.0639453045114022,3.28,1.6946681157925634,1,1
주식회사동승,0.2113236246148992,0.5686492294750541,0.3311968185136839,0.0428519681266517,0.9314374326945218,0.0860327103482,0.0440670483640278,0.0508109149323573,13.63326180840988,11.5784815435375,1.0283552959291111,2.977591886848196,0.9523138840047428,1.3493649820991531,0.5122127175312198,1.1711184328270818,0.3737415869726228,0.1621449809053045,0.3954795191669484,0.172651660054045,0.4877872824687801,0.4743373077376609,7.417859862612443,0.9514668561531784,0.0639453045114022,3.28,1.6946681157925634,0,1
주식회사두진,-0.4419048207848037,0.3819719346302808,6.477742440735028,0.0058443996219519,0.7437943585741066,0.0342733997415319,0.0030893691090501,0.0722482010586771,2.1810816256261463,1.6948708927165366,0.5286033312038242,22.85013984984543,10.09398020493225,1.4991088210528472,0.0901389746085369,1.0972362141033285,0.1346516082532042,0.288106494635272,0.376129169222073,0.026995096516757,0.909861025391463,1.7212548080606584,70.24211768233461,0.6344285827322939,0.0245045973107604,9.02,1.695663227120474,1,1
주식회사디오시스템,-0.2980941090176227,-0.0377213747010735,-0.9170780851309496,-4.923441413044032,1.2697759347951385,-0.3800219442166517,-0.3711321378589114,3.893205616676613,0.1355367090252727,7.570581437781292,0.0753806345446995,3.071917647243157,0.0239528171783768,56.08782828658582,0.976607123633176,54.86455620861543,0.4203001245713055,0.5693643018624179,0.0,7.859608660069935,0.0233924918874859,0.3103249532028624,0.7972169081999004,0.4418329443476546,0.3892603757032322,20.0,-119.2215892491966,1,0
주식회사미디아트,-0.1546976964018111,-0.4843243100338348,-0.1868063606909714,-0.1492891917450508,0.974318504142096,-0.0349673959557344,-0.0326615329217312,0.3704344794957767,4.805065451905655,7197.2607802874745,0.2187802917274084,30.26644062948271,0.0705987388751446,5.132686166879402,0.9340567700001952,5.132078201219797,0.7497043919663701,0.201530575476456,0.0,2.568022003991996,0.0659432299998047,0.3014130271019449,9.66683753978372,0.7395002118840434,0.0311801068199899,0.0,-2783.9124579124577,0,0
주식회사부산근대화체인,-0.0907742815051596,-0.0960205621239829,-0.0991536020327873,-0.0116039508848973,0.8182212979209315,-0.3454148504315283,-0.0399393220077111,0.1823237216943521,92.49929933967287,12.374002940348465,3.441872721099908,8.435597644699312,7.648490586916783,0.4157543985944881,0.1156271131881411,0.1327636689486975,0.6656356128403144,-0.4698709697963633,0.1157350544415468,0.0304914351171501,0.8843728868118589,0.2569452616275836,-44.054594685261065,0.9093849087292764,-0.0058324282282762,7.43,-0.3537618607013915,1,0
주식회사산광레미콘,0.3259773639442493,0.1391003256245973,0.0899663455394146,0.35513593609071,1.0057587939698494,0.2109350629711047,0.1659592326957328,0.0764142077910922,3.4917589808976803,26.072051108478597,0.4673118539413117,2.5226100969844607,0.2710052917503531,1.08490667618717,0.786778785651521,0.98642297569969,0.8014117903966942,0.0155418573573868,0.1173081809580505,0.0508602773299812,0.213221214348479,0.4562717862818365,-42.43477427240699,0.8584809574658753,-0.0107523085513035,5.42,-8.206162662022939,0,0
주식회사삼구,-0.022258082420666,0.08152953114579,-0.143252922585076,1.725653246352678,0.5684262851427461,0.123264190644554,0.101247134479875,0.5545324314349847,72.25125393490005,11.140868171275567,0.0586717723817747,0.2049441561375061,0.2174585609536965,1.425458735724267,0.8213831928839119,1.3862560834351538,0.8911512239053965,0.0324882500770919,0.0,0.0745989275739556,0.178616807116088,3.0443397201951896,-25.662549677676303,0.4275102702406718,-0.1186296669049779,2.17,-50.94948748730261,1,0
주식회사새난,-0.0667242675263441,-0.0994839660658417,-0.3150598294295447,0.0127585461872389,0.7638711967622703,0.0356602854012964,0.0136962809566773,0.2786395964106723,3.629123422390668,3.2955690977267698,1.0734985597635136,10.003005916463918,1.6036474343786895,0.9812717426567152,0.3840765939629691,0.5347051091868245,0.4532431898647736,-0.0104352360302178,0.2338640242688784,0.0081651362589309,0.6159234445136211,0.573753396231203,-120.27669038477433,0.904644970294067,-0.0047702792153302,9.22,-2.2457978379954597,0,0
주식회사서울신문사,-0.0688999205116478,-0.227859930896879,0.0408735752958425,-0.1595107224459269,0.8068725897966522,-0.2513134646769823,-0.0742726873887496,0.2159393759081886,3.574081671368924,180.68270454649516,0.465628180036158,0.6903794720966352,2.3836592361548177,0.4690680792714967,0.2955380344790267,0.4617640510619826,0.8664631665668175,-0.1511485658388736,0.1966736442458986,0.0311292191142415,0.7044619655209732,1.5129281167352646,-19.26825181293276,0.4041174871116309,-0.0785192207068725,8.48,-0.3073029372851345,1,0
주식회사선진운수,0.0709054907050859,-0.1716471429310926,-0.0041371076526662,-0.0428213525080301,0.9256512406953614,-0.3389857999687096,-0.0658401963038429,0.149780542046545,738.8996989411032,224.35950553941157,1.537555272022202,1.7720831911421415,4.148614660933564,0.3655937575177078,0.1942270039332632,0.3438350720489708,0.893414097374673,-0.1849560081256092,0.2429388949779192,0.1590635831982718,0.8057729960667368,0.5240611578190483,-30.3056473726616,0.3618164323873541,-0.0172925247685617,9.73,-9.813015386583729,1,0
주식회사성하,-0.0301652514345912,-0.0505747341527068,-0.0642341990163533,0.0054968075714457,1.0682157465567592,0.0055190790603999,0.0036888548306809,0.3138689072211127,3.572861249403409,16.69960484720759,0.6710904070652642,6.470794244296239,0.4961495494772164,10.923233590345674,0.6683823134821363,10.32391449124761,0.217603369048532,0.7107697043056241,0.0,0.0579325529190899,0.3316175837127015,0.4941474058061619,-201.37907354226496,0.2159922373197672,-0.0024538170581187,44.03,-100.70529333387168,1,0
주식회사세광,-0.0575913700098061,0.1521284831029575,-0.0842480270838383,-0.2996853643693414,1.111305543611914,-0.4843064970090321,-0.1781726979886017,0.0793124173508851,5.710587140591214,25.101142101230508,0.5945325303541225,0.7041068163178441,1.7181855622958602,0.6195527970091941,0.367892438133612,0.5085202556712934,0.8531263399446246,-0.0901902802167612,0.4540138115297185,0.0188692278635319,0.6321074756789951,1.0632008231786607,177.01122293823764,0.3750372574380572,0.0060064034671385,7.69,-2.711773209951144,0,0
주식회사세종,-0.1028755321717283,0.0481553931485455,-0.0687707419860213,-0.9180646051218918,1.2267415339953605,-0.5840475015573061,-0.1751236968486486,0.3109358843787799,2.6440114268183077,151.93091326380195,0.1907531298686734,0.2624428935959654,2.3350569458459507,0.5308506135429004,0.2998449550450917,0.5263093382055575,0.819958308979573,-0.1591152891680813,0.1031175970741816,0.3574390875914863,0.7001550449549082,3.670477362216492,13.008319302504669,0.4844026799954729,0.2821638427579007,9.08,-2.0863144305332857,1,0
주식회사세창,-0.0308567648024351,-0.05845314581779,0.1067908797539028,-0.3278134986594575,0.4307914810224861,-0.5130972431603613,-0.0229947526284806,0.8306967410435087,97.95834341339784,845.5997229916898,0.0701458381747979,0.0714488280748967,21.313666576471608,0.3801912424876904,0.0448155840535162,0.3787427802583826,0.9906200803649234,-0.0152916629445254,0.0697750250536642,0.2168751199528681,0.9551844159464836,13.617121711002138,1032.6969872641005,0.0258291301320647,0.0131859798943324,8.63,-3.0677130112898707,1,0
주식회사시넥틱스,0.8670530029210998,0.3893588581577815,1.3664712528415923,0.0208383065903924,0.4487359059093319,0.0449719029057112,0.0148372955656718,0.5033760625992854,29.43889704222172,1.0205965274158837,0.7120202162930379,1.9214016512118837,2.03100197796923,1.4110599535397648,0.3299236769406883,0.7003314824658328,0.378457524691851,0.1810633349647805,0.4750992691253053,0.1267955300232611,0.6700756404454192,0.9410907515154652,-11.924586977648202,0.6573573396140305,-0.078920196840316,6.83,1.633005328712936,0,1
주식회사씨프로,-0.0010589777833558,0.0318516686353875,0.0359405989279238,-0.0081809384765566,0.825253688223151,-0.3879193083573487,-0.0174532773323019,0.124704674125667,8.69136972393808,4.6426381506044425,2.133407723614605,9.377282433942703,21.226155619596543,0.873658760361772,0.0449920304462496,0.4333209928270995,0.2475938664063439,-0.1088066778027344,0.6887000116823687,0.0279629146459024,0.9550078398937204,0.4476443153939945,48.58204987830538,0.9017859809739384,0.0092141915895955,6.91,2.185081392077873,0,1
주식회사아이엠에스,-0.1169114826696751,-0.104830552678867,0.2049371688065871,-0.1054922476456371,0.9475190148444128,-0.7379519055077003,-0.1235913198706838,0.1348481560035688,4.378522994779709,9.48439866353463,1.1715677941173834,58.577944560423845,4.970903994551031,0.5592608580800041,0.1674788274794883,0.4002335790743591,0.5883876899468833,-0.324381107162279,0.4354597058461149,0.0389199073433321,0.8325211725205116,0.7106043514517253,207.89972067634704,0.8840536931777099,0.0034180149407606,6.63,-3.445566710466545,1,0
주식회사에코마이스터,0.095215531619186,0.1579096698617277,-0.1758016546929535,0.0256755014153299,0.6411660856062206,0.0197491248591011,0.0092969769130614,0.2807855128376402,3.058703862994577,1.664165066061013,0.3620952425688782,1.1135218997501728,1.124252243884553,0.9711141895297232,0.470753867798708,0.6414829628815889,0.5890027124835099,-0.0122251211270948,0.3437421965534858,0.0129606192568981,0.5292460921900296,1.4616212254966472,-50.4049873677231,0.7996702760355225,-0.028997551667528,7.63,1.147661780786973,1,1
주식회사원창판지,-0.2897859596506404,-0.5211636938819694,0.1994326160023889,-0.0214899153765676,1.0270900928341566,-0.8820236170183854,-0.0119475924981731,0.114945835706056,2.763397092634424,10.739345516479789,0.5559627522405532,1.6314127596782155,72.82438069872674,0.3274602890135313,0.013545660532947,0.2729085647844333,0.6808266808520821,-0.6555198874983664,0.7132575959770359,0.0067867436981653,0.986454339467053,1.774317318006648,286.6965709088964,0.9880773672432496,0.0061888334149991,8.63,-1.0856390920363388,0,0
주식회사유유,0.0055267867834178,-0.1456370678344289,-0.3564803817533727,-0.0987524190459969,0.9432627847932592,-1.044142146802464,-0.0581709911537909,0.1817878729548676,8.44023636303857,1.9398392036203496,0.5890588981592045,2.471272319509448,16.949531948375846,0.6683565388301603,0.0557117546992345,0.2304050200623926,0.5628727774789013,-0.2169057630560491,0.5359796658809189,0.0057247323098766,0.9442881661747534,1.6030454155359204,-8.72752862194172,0.692620122760397,-0.1836769015578743,8.28,-1.8697809966820116,0,0
주식회사유진사이언스,0.1395827845871939,0.3893361222881517,0.3689007232660258,-0.589792192855648,0.7258630631468581,-0.5279444579181402,-0.2052171372340446,0.6738359003648128,1.608628597954752,15.210384256357052,0.3479482090809426,0.6852140598530639,1.5726138909930982,0.7969442402050698,0.3887097101905071,0.7449013565372691,0.7457296618970309,-0.0647862850273269,0.3686843675473258,0.0597292965976941,0.611290289809493,1.7568427537653728,-117.59013526629184,0.5219396225477901,-0.014940392319363,7.93,-4.187447993080342,0,0
주식회사이오시스템,-0.0171903971141517,-0.1261791643167899,0.0626558658337238,0.0211637113914032,0.834151382675188,0.066114962776364,0.0208465482247698,0.0795655104874953,8.065687420014259,4.890363526707494,0.9850138210275224,2.729841969645318,2.17150647980208,0.819743382604949,0.3153075695630948,0.4483889911731906,0.6291181828095529,-0.0815546709357188,0.4301520847289545,0.0946867495706262,0.6846924304369052,0.6951094652891922,34.8717887961338,0.6607879217205079,0.0199332896099169,7.08,2.428823355804324,0,1
주식회사일동,0.1450330250098901,-0.2150557886986653,1.2745417356711577,0.0281721284681369,0.8852615106320927,0.3113868999446191,0.0184855216359424,0.0867379489481103,39.38457757980326,1.392505367276011,0.6561634722363926,2.8305568400329126,15.84490738628507,0.9188074667024546,0.0593651230646829,0.236128852799045,0.4385708311263487,-0.0496119787223594,0.4228229669627455,0.0525379115207815,0.940634876935317,1.4335373984311632,37.61837179364332,0.649605030154574,0.0381073749362379,1.62,2.3168229430758034,1,1
주식회사제주일보사,-0.0249053849181396,0.001765341324631,-0.0032337437913228,-0.1645532267255138,0.6188445647033216,-7.353994872384612,-0.0996363442395233,0.4332429398764563,5.791845201018539,32.6512171162969,0.6054961438448343,0.7153066856361587,72.80836044836194,0.153527439628466,0.013548601266187,0.1399739797209815,0.8700036972310544,-0.7167340398582405,0.683059267145382,0.0077705262295377,0.9864514445596811,1.6291622243798654,-1121.3253633380216,0.8583599254913213,-0.001452889837014,12.24,-0.3867361434219606,1,0
주식회사천하제일,0.0828156719960799,0.1799846163809814,-0.1168663888927253,0.0268208273693397,0.8860767546652525,0.4629773570259232,0.0432886380374456,0.0860584953137675,4.300824745512683,8.577271376993739,1.6139933880985011,6.888529336556838,9.695124125305997,0.7034331725507398,0.0935005511187921,0.5182749209934835,0.3665625770337579,-0.2670566789387277,0.7795277180557794,0.0940090017238266,0.906499448881208,0.5616500386963696,12.910168861541132,0.993375233726121,0.0435044688198852,5.47,1.0819553799759851,0,1
주식회사충남고속,0.0393588931969892,2.0303678640917244,0.1003660424902332,-0.0389554858037311,0.9137504078731664,-0.1050605179967036,-0.0459537098057302,0.1445696847738046,388.0236689302234,142.73367570806693,1.1796466879468064,1.4663951979910053,1.2862249520408258,0.2763929480953681,0.4374022771063443,0.2537993053721764,0.90761663270718,-0.241863102920825,0.0804092028070815,0.2401771927547453,0.5625977228936557,0.4769205293772035,7.06801763472366,0.5941127320858807,0.0674758544792241,8.13,-11.065671695661589,1,0
주식회사케이미트,-0.2125005839807103,-0.3762102799394229,-0.2762357852604444,-0.0232861158068067,0.9416610599080956,-0.0735689553368177,-0.0383732240448129,0.0853251161693699,23.346722269655302,8.092345271193427,1.6479014517997097,3.4687130608752854,0.9171950537933046,1.2849073102603863,0.521595336907129,0.7409926800261872,0.5470059363280101,0.1004440685391065,0.3085170316378129,0.1243905743482417,0.478404663092871,0.2903114519198916,-6.778997231107272,0.7369284085944918,-0.0428251320988476,2.68,-4.259956726742563,0,0
주식회사코리아로터리서비스,1.9461226080475664,0.110529093208022,0.4140110863450031,-3.3072657367737057,3.5091567861395707,-1.4249325637779655,-0.5215303602802255,0.6065035812238289,4.926208068789681,40.883697531053954,0.1576923059073527,0.2335951124947752,1.7322140230001757,0.4486907634737345,0.3660035383691959,0.4205622796727925,0.7840946507118658,-0.2652842959290062,0.2720517594795515,0.038735518088602,0.633996461630804,4.0204654119478045,-15.090292860445825,0.7589784396893877,-0.2664272621564632,6.59,-26.318467357145185,1,0
주식회사코스메틱랜드,-0.353497228089456,-0.1285872305203356,-0.0792532804556706,-0.3177475608065356,0.7932061451529071,-1.7934730803745862,-0.4222663780754226,0.4088619417354973,19.41288336083821,48.65304575041411,1.3289366470779125,34.08523589125277,3.2472552244125086,1.885147981907052,0.2354461757447888,1.792115589974215,0.560972650891199,0.2061398764422401,0.1642786448882046,0.6706729725740778,0.7645538242552111,0.5753124695118647,6.588028276369719,0.3046057259519011,0.0873269581394216,12.03,-3.2530425171682165,1,0
"주식회사테크노플러스(구,주식회사금광)",0.1735310549490549,-0.3156830910005245,0.0078814648465418,0.1932423689821752,0.8795379508679714,0.0803492130500633,0.054578461999502,0.1044754240419159,3.792871024997769,28.511590741934604,0.2824352769373077,2.287989139200458,0.4721780370212047,0.3683048399335601,0.6792656695404813,0.3356567586270479,0.9017116967469478,-0.1685784131082715,0.2609485568529722,0.0753792381274426,0.3207343304595187,1.135602938618437,55.02962654625415,0.8320491167221842,0.0206362101633367,4.98,0.4328459329369413,0,1
주식회사팔마,-0.0539637905573771,-0.077573180037376,-0.0608920952492988,-0.1565435045575611,0.8372790659301393,-0.6046115920774144,-0.0871942189689217,0.2317225355408656,4.040989424045296,2.276660684461504,0.5569967225108362,0.9194840606802044,5.934078878473742,0.5575040520714872,0.144215261684492,0.2573996176520591,0.6194601169592348,-0.3020379056350551,0.5291199383232321,0.0018763766567587,0.8557847383155079,1.5364268831920442,1636.804006968641,0.7976045354809422,0.0009386749278782,8.61,-0.7889934160949459,0,0
주식회사피에이치씨,0.2300489723414775,3.749382476863675,8.939643653060584,1.3399419331634763,0.8150928887805683,0.1814788549299657,0.1543482230012939,0.143421792984724,5.417670665553805,27.52776518715172,0.1151902326370907,0.7842668793972876,0.1757754731549086,1.4026801471238453,0.8505025175569807,1.3723320105102992,0.8423562453229474,0.0452562264153198,0.0940574576222435,0.0143637520210224,0.1494974824430193,1.2978312398588017,-8.691836777855157,0.75176870155368,-0.1493161080941353,8.76,0.721107625955695,0,1
주식회사학산,0.304369201911886,0.4224733698224059,-0.0920784009508387,0.0060243325168784,0.8915545558259366,0.0345634683697521,0.0235790815241463,0.1060989322859633,15.162177299842677,18.15031881343996,3.9139741138266375,15.588345598763452,0.4658530415765816,2.491269656142125,0.6821966265625519,1.7682507124883209,0.3375504405625416,0.3965411987677606,0.0129942841609118,0.0482364692375755,0.3178033734374481,0.0811971066223369,-40.361024930138406,0.836707440900077,-0.0020117701857889,2.44,58.02900930487137,0,1
주식회사학산,0.304369201911886,0.4224733698224059,-0.0920784009508387,0.0060243325168784,0.8915545558259366,0.0345634683697521,0.0235790815241463,0.1060989322859633,15.162177299842677,18.15031881343996,3.9139741138266375,15.588345598763452,0.4658530415765816,2.491269656142125,0.6821966265625519,1.7682507124883209,0.3375504405625416,0.3965411987677606,0.0129942841609118,0.0482364692375755,0.3178033734374481,0.0811971066223369,-40.361024930138406,0.836707440900077,-0.0020117701857889,2.44,58.02900930487137,1,1
주식회사한국에이취엔드에스,-0.1142261022307513,-0.2569999903122543,0.2606643742781951,0.0065085600753649,0.814464122914853,0.0258584301890023,0.0081066811539391,0.1371747672939792,10.363986304490572,3.078469887491728,1.2455414193107146,3.287384622577951,2.189767760440078,1.1922065946365126,0.3135024475455963,0.4720492576913082,0.454469102571983,0.0879500554143541,0.3360610151093698,0.0007317792824632,0.6864975524544036,0.5511639691872413,-498.0708860759494,0.6665440253613357,-0.0011065974434474,9.13,1.8490481310740607,0,1
주식회사호반,0.0052368179529974,0.6687574347710055,8.409278302327756,0.0131556577823159,0.8458804338966543,0.1282642226444618,0.0050891931078813,0.0533156958544473,26.229495922638375,6.371241553154611,0.3868444430594986,0.5522090844484085,24.203253231995827,1.02320304074681,0.0396774174665073,0.7844248869946303,0.77991596860764,0.0049908162913545,0.2222359484941266,0.3271429510022792,0.9603225825334926,2.482451537725179,15.2643949102355,0.2239801544093253,0.1626301961082373,18.65,0.6882204172060583,1,1
주식회사화인종합건설,-0.1459655121763154,0.0299737288480823,0.4715530892756377,-0.0881507334684374,0.9378451879307894,-0.4836987479357231,-0.1515661220872679,0.1003794211861524,5.990745336742791,661.664659715355,1.7193971748577286,2.924300089462493,2.1913381517884427,0.5405364540423463,0.3133481794900345,0.5369025035589416,0.6374938263884334,-0.308135317634031,0.1914317135261198,0.084746159763727,0.6866518205099655,0.3993561409490989,2387.1983243185914,0.9766834823907156,0.0001672907260703,16.29,-1.2440903641869372,1,0
주식회사흥아포밍,-0.0099882159268005,0.0293566336283723,0.2962371952539151,0.031879879354859,0.8738376524443179,0.0466064712610642,0.0202942799992737,0.1028032095363407,7.556395470477142,15.113889240359343,0.6365858469342208,1.102652496195221,1.296532520992738,1.6773475796981931,0.4354391021280318,1.5130007467654425,0.6243582527639372,0.1516919160539321,0.3842400342752503,0.1327289367792114,0.5645609568208715,0.8868575378164326,-10.599627684182334,0.3966797339159438,-0.0836687442465433,6.07,0.6144324171595039,0,1
주식회사흥진,0.1492573003616145,0.3001257766793996,-0.0592498068741324,0.2336028347980679,0.9630009697525332,0.1608497579375265,0.11874513373301,0.2549126515314127,6.4542923784974064,19.756170336277314,0.5083206025117644,2.2433497349325044,0.354579786816239,2.2730881291037632,0.7382363222401007,2.0199667500713696,0.7774902115756106,0.1246210239829856,0.0411472591466504,0.3774593192161077,0.2617636777598992,0.5149578365827522,8.02899071374459,0.3739585464228977,0.0641373062869796,6.04,-39.02759759064057,1,0
중도석유주식회사,0.005285971846548,0.1442194904113091,0.0694837996173396,0.005872959017957,0.9380300081317214,0.0270138203702631,0.0115548261108378,0.0540359438650232,26.07697705909312,47.73827082221036,1.9674624112833148,2.9977336716595766,1.337882033977604,0.5065707406724737,0.4277375784862119,0.4187105146892175,0.7771029722385673,-0.2171146228631898,0.490276591280305,0.1327591081510963,0.5722624215137881,0.2908632044159456,13.841529268840295,0.7688983831240802,0.0210138055388669,5.88,0.5438427823014799,1,1
중화실업(주),-0.3046806335884045,-0.5522601109384738,0.071903751987839,-0.758156851817852,1.0267891110920095,-0.3411805552877449,-0.2623943646654833,0.3074301031401162,27.96581600046479,1.764772832262358,0.3460950910571258,0.5254417079259428,0.3002586992396086,1.3851058498071935,0.7690777232136959,0.4616790066060303,0.6979572936970352,0.0839779956925742,0.0471772142694915,0.014445230287833,0.2309222767863041,0.6672220518383154,479.2624510352546,0.9443208063126284,0.0013921851177722,13.98,-8.316618309413187,0,0
지이라이팅코리아주식회사,-0.0703207440915562,-0.0425085794708877,0.1028596060617684,0.0187224007788325,0.8099707060204275,0.137893038380978,0.0358543235500271,0.1575762611836271,3.773158650199656,3.505211121376552,1.9150494625969077,136.70935945038013,2.8459246341983664,1.329927517656762,0.2600154726518314,0.7127997862462909,0.046352144535019,0.2365803139607335,0.0831392322833183,0.0131364532723388,0.7399844388925785,0.3864048701327645,-18.502447277914783,0.9690305685040792,-0.020883987092561,8.64,3.7145032275800816,1,1
창덕금속주식회사,0.051184164507119,0.215809427832284,0.0884797429355549,-0.0432114316751703,0.8527232857398751,-0.0361516694580198,-0.0197864875459006,0.2049898014018016,4.451019954142892,6.365004194459001,0.4578993747450885,0.5878576516468799,0.8270887834010646,0.8651010547911951,0.5473187778748954,0.6057336162815282,0.7953878007889142,-0.0319060848945964,0.2228668697712143,0.1532333394114245,0.4526812221251047,0.9886041499338392,23.07049622437972,0.5224833830924865,0.0428514471608604,5.87,-1.8318614909167608,0,0
카고텍코리아(주),0.0135465899546691,-0.0297685175638474,0.2286754360737773,-0.031105676868908,0.8222555498957489,-0.2340774128625267,-0.0503909535002144,0.1914526623389321,4.331061424619456,4.655957174687317,1.6199921870397638,6.382908281234583,3.645226902910866,0.986535318947069,0.2152747370367126,0.5723310125031287,0.3185895577727225,-0.0093001984769479,0.3896092758046621,0.0444103942440964,0.7847252629632873,0.4844006466458506,-46.055846260093496,0.8801942199438783,-0.0105176798600175,5.79,-1.1218349546748363,0,0
카페24주식회사,-0.493436377765882,-0.5574336404775032,-0.5579956118677767,-0.0606930756083329,0.8894673621496633,-8.304808202346022,-0.7935915203777846,0.1502776568604113,86.1684770888918,37763.32083333333,13.075486987988914,100.62477039758252,9.464839894449184,0.8511945698904695,0.0955580792526434,0.8507880231325106,0.3551836310440406,-0.1127264911200082,0.42988399548301,0.578428798417178,0.9044419207473564,0.0691708019424571,-4.269863146479914,0.837580437945641,-0.0161997702431005,9.22,-9.56735846159298,1,0
케이비아이정무산업주식회사,-0.195874603861151,-0.370019901504092,-0.0155575256670575,-7.041477666510348,0.8480293491477874,-1.8847623554398816,-0.1094354731039304,0.4081677117873847,0.0811742868307932,0.2477911948526291,0.0155415494143241,0.0407389792946552,16.222590090765593,0.3595312902541499,0.0580632740186438,0.2944016848239949,0.7063854502393205,-0.5230446888639353,0.7395397473347733,0.0001432662719762,0.941936693732259,60.60764397558111,-3434.233627278072,0.8670001328738407,-0.0176480841297969,10.77,-0.0519001804170947,1,0
케이에프앤씨(주),-0.0967076034661832,-0.1246914460424156,-0.0462092661141513,0.010946389745856,0.8378404090052678,0.0562127832629764,0.0122527029353923,0.1252310437831975,5.499732366575229,8.169284688723728,1.1193373541290943,1.9733275106292365,3.587786348806661,0.6757260072125201,0.2179700456757565,0.4722922561182375,0.6186832384775957,-0.1829900099387063,0.4012894263040398,0.0279972383847126,0.7820299543242435,0.698654388187291,56.36093780828815,0.7215922719337923,0.0123960745749789,8.66,1.2431153330759273,0,1
코오롱개발(주),0.2047601114062895,1.0022544146011825,0.0539816936525637,-0.0246580056794526,0.8961005667543177,-0.0077832257242422,-0.0028067646949978,0.1713154615601932,84.64547273246902,48.13860720045114,0.1138277252217829,0.1357841105730386,1.773023951068352,0.5068617530951822,0.3606171521218682,0.4987755698069743,0.8671819106692067,-0.1292219808061454,0.0027951021313548,0.0001649604750861,0.6393828478781317,5.617109949551855,94233.22657054584,0.4098328114470852,5.960859193701404e-05,20.84,-13.175038690868956,1,0
코오롱마트주식회사,0.368265429143401,1.4328836814516288,-0.2727093572922067,0.0019674005660372,0.7928756701302428,0.0139536108060949,0.0029025296500999,0.1764999182547344,60.70269857081475,33.299896229870875,1.4753119929950052,2.63456593051906,3.807396474180593,0.2330917100594573,0.2080127997286612,0.1876558974234318,0.8197917540967744,-0.5929133329802885,0.5142552566207456,0.0375577133327072,0.7919872002713387,0.5368269247669704,44.711284709955486,0.9761793613116176,0.0120065197913545,6.51,1.678339123069301,1,1
코오롱플라스틱(주),-0.1060906532311461,-0.3089105211728422,0.0595662793347562,0.0001976760089057,0.9564054441903936,0.0005046428917233,0.0001198350153288,0.0615133743372773,4.870097533003638,9.402518313261572,0.6062193181264953,0.8645218673545595,3.2111472205231872,0.4487771846243787,0.2374649822562511,0.3306373609283294,0.7657594523942871,-0.2877123404444438,0.4809404844075508,0.0202784327624457,0.7625350177437489,1.25785337903837,78.82338129105422,0.6844969423103398,0.0159578713629876,3.68,-0.5444025990222926,0,0
토피아넷주식회사,-0.1537425812288269,-0.3044701576731515,-0.2078175697052326,-0.0425867041800499,0.410625588198686,-0.0826273836659809,-0.0475607121856386,0.6175470581335062,7.9310058305932145,8.24734721772598,1.1167972046993693,25.525290850494844,0.7373015928170346,1.88852465140605,0.5756047217699837,1.628879362677799,0.5955654403558528,0.1902808501106039,0.1750063002268081,0.1862701147815042,0.424394278194015,0.3800101544024349,-1.6664663980711385,0.5046102658237095,-0.2280334934099361,8.46,-1.6519296403255448,0,0
티온텔레콤주식회사,-0.3545546160849858,-0.1860843668713443,-0.091757165487162,-0.6175017478765895,0.3125890032603955,-2.249003383403674,-0.2715232062224329,1.2753645620617329,3.088391610305228,0.486394878761362,0.4397124496507467,1.3400715540937669,7.282914063563616,0.6785240698563905,0.1207304569775728,0.3062306745565243,0.4849689756189261,-0.2440150393644321,0.5790636229011227,0.0080205853617379,0.8792695430224272,1.999646686648992,169.18366677599212,0.8632689142584634,0.0118193837783207,7.67,-5.305790018140658,1,0
퍼스텍주식회사,0.1448172679027566,0.348390693435212,0.3416792426638528,0.0779316248983932,0.8403888613501803,0.1807251564854675,0.0628845235100766,0.093784495004774,1.55149605063691,204.4210994820889,0.8069191883534459,1.9309463052513176,1.8739210603465568,1.1356044824043383,0.3479566693037189,1.1289435128362604,0.4344610199029883,0.0675319813049372,0.4054035141785627,0.0310369090772533,0.6520433306962811,0.8080652190547163,-10.68014457471086,0.7637636570261062,-0.0756605131514891,7.0,1.9802937752082548,0,1
풍성주택(주),13.789620140361992,14.663792128179944,3.267832997938463,0.0176918801022203,0.8049013995660628,0.180795796309878,0.0030126518707121,0.1899732434948941,1.1685835844832586,0.227312585246359,0.1702844385845724,156.60032216494847,59.012176669832165,1.06288355871461,0.0166632849446818,0.368501853855474,0.0770427565897236,0.054605074592793,0.1144400543002591,0.0291323455671115,0.9833367150553182,5.774671621370384,40.56547281598657,0.8830669652852671,0.1423543526181858,1.07,0.9991062732741336,1,1
풍전약품(주),-0.1046856615677185,-0.1059099779917907,0.2081405215074286,0.0067163442613089,0.9525379038795484,0.0959867253903388,0.0132148671143477,0.0458875669445092,2.569171544643724,15.539084397070232,1.9675684569171052,367.38535190815446,6.263540719688612,1.166211536708868,0.1376739029340597,1.020069986997619,0.0375240642861387,0.1371746027927027,0.0,0.0348237360959846,0.8623260970659403,0.4382699336505324,44.6977583502869,0.9570640802003344,0.0098051882203108,5.11,4.55511881365017,1,1
한국거울공업(주),-0.0065069338585375,0.0070028332464285,-0.187371136148721,0.0150569968222522,0.8601798730255685,0.1073208852740115,0.0146339274999144,0.104597331419601,3.044145069294821,6.297981272283092,0.9719021444095284,2.169787855468336,6.33370349652472,0.6300630802328742,0.1363567535112209,0.4492061696048025,0.5375557583721734,-0.2715207471744138,0.456089188565908,0.0067018022209746,0.8636432464887791,0.888611319006276,-35.69968509447166,0.8498474246006582,-0.0248912929247066,7.94,1.025483252051761,0,1
한국마그넷주식회사,-0.0640851815390762,-0.0587717505497959,0.0517262026790809,0.0238245864523466,0.8419918305728712,0.0966446760394407,0.0268482666672394,0.1238440890635295,4.095812103481148,5.603906696000828,1.1269142791183704,3.744045542011461,2.5996616555275613,1.3504250985530295,0.2778038870582244,0.9695428477114412,0.3996733406811142,0.1557802272641711,0.404614382257879,0.1622179943933937,0.7221961129417755,0.640861622151756,11.830364649887956,0.6155480818692175,0.0541709102903962,7.04,1.2212662948950133,0,1
한국미라이공업주식회사,-0.023153130044364,-0.1652031888332616,0.0182965572723781,-0.0893974308196598,0.9096229959122178,-1.0645263138017638,-0.0896073042243362,0.1290478519923973,5.535216766638625,7.669742179957908,1.002347644700213,1.6821127341096112,10.879905583775516,1.494397545293033,0.0841757531613473,1.036974243876566,0.6116289032676793,0.1284863706394617,0.7441770476594,0.0304871395529877,0.9158242468386526,0.91367925258363,-1145.826028160051,0.2837713971757779,-0.0007973978860043,1.88,-2.8339903309780587,0,0
한국샤프,-0.2157700873692277,-0.2366397862799645,-0.1095195420516815,0.0021433131478885,0.9633541558228114,0.0604423224558045,0.0105117518950014,0.0718922735026589,22.74505648711168,13.024336063221492,4.904440541204699,21.03370633517455,4.749976127627801,0.9154774427763408,0.173913765518981,0.4580473914657059,0.2739897989514512,-0.0670297659950953,0.3804232164387895,0.1035399919170136,0.8260862344810189,0.1684363848517783,-8.70808260051099,0.9599965886634876,-0.0193425341236306,15.15,-5.998926077033028,0,0
한국소프트중심(주),-0.4658412375272528,-0.3907078995091986,0.1272993354046213,-0.3106060749483464,0.9456613153215052,-2.39122075000327,-0.8043989404184646,0.183241011597874,6.584725405778956,12.91031434711986,2.589772078837272,37.56035751207479,1.9726801340132407,1.7478558234004526,0.3363967715725804,1.2452651584542345,0.3402923215036191,0.2822694083232038,0.0622292321252187,0.1829393155555141,0.6636032284274195,0.2562400119493748,-6.456252232153778,0.5687709974944143,-0.0396886618947807,10.81,-9.524765864034348,1,0
한국제대주식회사,-0.0017620666854367,-0.3120369378824585,-0.0152830644113114,0.0020965261186097,0.850689021960277,0.0030905761296531,0.0021876937372486,0.1515245744784898,5.53044857771525,10.664439883535817,1.0434850860333469,1.717526411033805,0.4127096846471494,1.3067837127788324,0.7078595205141307,0.951452254578946,0.6938820797744707,0.0718649650681608,0.043543429095514,0.0970571457995379,0.2921404794858693,0.2799661283098907,-2.8815467164845328,0.8018500894590582,-0.0971582819422228,0.02,-627.9302325581396,0,0
한국지케이엔주식회사,-0.015987447375256,0.1558188014120692,0.5939035361873052,0.0044616030474841,0.855743022647151,0.0250193836404189,0.0071386993334108,0.1105607615406551,11.691834202319804,7.251010575045883,1.6000301365752905,2.5842615031458163,2.504754014940948,0.5324358526953642,0.2853267464941942,0.2523635549312551,0.641020103159537,-0.31524197425103,0.4089309988289339,0.0078434159458386,0.714673313851371,0.4466624081100498,145.28452083026644,0.9433986942343136,0.003074397778631,6.63,1.5501343775862697,0,1
한도관광(주),0.0203161842381991,0.0929938879628226,0.1411281413806415,-0.0309851209536109,0.933055081316072,-0.0092198344874066,-0.0063464467791952,0.0398220338030001,20.14229740236683,28.041965068693365,0.2048223981018743,0.2122986580981385,0.4527553461302028,0.1249323527733197,0.6883471485159314,0.1006222101417654,0.9649761651058544,-0.2453185593429473,0.2369718640423671,0.0576688582480539,0.3116528514840686,1.521576030610964,107.34140274889036,0.8995341865223515,0.0141751085009618,5.61,0.4362040141953523,1,1
한성공업주식회사,-0.060890167548535,-0.0428205147688576,-0.0785086116494841,-0.1085370488095861,0.8915672146774856,-0.0848191616441199,-0.0618645027096628,0.2087474996933122,8.45551324413534,3.891509161372346,0.5699851192581797,0.748595697892308,0.3710473361789716,0.9750294129354994,0.7293694197218173,0.3627339212971768,0.7920513020059523,-0.0053255840278465,0.1586448620170834,0.0145278892127506,0.2706305802781826,0.4748028871883551,-130.9794555726759,0.788064237983263,-0.0036250180237228,7.91,-4.852371088629382,0,0
한성공업주식회사,-0.060890167548535,-0.0428205147688576,-0.0785086116494841,-0.1085370488095861,0.8915672146774856,-0.0848191616441199,-0.0618645027096628,0.2087474996933122,8.45551324413534,3.891509161372346,0.5699851192581797,0.748595697892308,0.3710473361789716,0.9750294129354994,0.7293694197218173,0.3627339212971768,0.7920513020059523,-0.0053255840278465,0.1586448620170834,0.0145278892127506,0.2706305802781826,0.4748028871883551,-130.9794555726759,0.788064237983263,-0.0036250180237228,7.91,-4.852371088629382,0,0
한성여객운수(주),-0.0350058144980652,-0.0259381553107213,-0.0955152978779557,0.0037801991556455,0.8565705961446386,0.0063737703847475,0.0031469735915437,0.1228435622489234,265.47130960987494,219.52999870750935,0.8324888351037981,1.0234652934792696,1.02536498376839,0.486791169767489,0.4937381489415521,0.4782110332105735,0.8157123649847864,-0.1942887370731231,0.2799520972162017,0.0527514824495341,0.5062618090752894,0.608130448995351,28.206599565393333,0.747787736111922,0.0215598639455096,7.16,0.9918961935193849,1,1
한일염공(주),0.0224690518703846,0.1499542147128172,0.1290466747346676,0.0190099975126986,0.8067636611432131,0.0845730309399029,0.0190739446165301,0.1562598284378719,7.016625815041752,37.98903791357375,1.0033638670277996,2.224936033563549,3.433955987615122,0.6149290738900073,0.225532234147833,0.5752912640566306,0.6694311951583003,-0.2070034435324741,0.4503486394546862,0.1011494693880487,0.7744677658521669,0.7718712934583973,55.90033030937428,0.694118299142727,0.0138079916377338,5.64,1.9372400145389927,0,1
현대모직주식회사,0.0135193286846408,0.1362887059180697,0.0525643941453777,0.0253388931818555,0.8701070455803451,0.0156690713813604,0.0119480173947232,0.1369925051195911,2.376233626705156,2.3053242713659428,0.4715287802420209,1.2015280930629115,0.3114369408501751,3.1328327663709925,0.7625223667649033,2.181642936733045,0.4138362887804434,0.3990603139047071,0.1388676062217595,0.1769187221299464,0.2374776332350967,0.5036333797339091,25.81087770626097,0.7878780905986947,0.0195124468631201,6.0,-0.4522188768163372,0,0
현대아산주식회사,-0.0912658392403304,-0.2978278980190313,0.9920123305376496,-0.1250714843329187,1.2992702900958113,-0.0522829224492393,-0.0241069184624106,0.2500532974872844,53.45918038494739,67.14701759942255,0.1927451216477306,0.6760710407928228,1.168793266993576,1.5941593433214214,0.4610859021091575,1.5618376470350737,0.8160525555352564,0.0685590767740395,0.0,0.3706654125057039,0.5389140978908424,2.795993451267655,13.452545593218398,0.2141127280624159,0.2078412172546102,713.14,-1.5499474070624204,1,0
현대합성공업(주),0.1034630952108999,0.2276574457017239,-0.0022156749550633,0.0080283234498339,0.8935666174974591,0.0509527590015728,0.0150345083509301,0.1037137254920507,8.000790821176981,50.47699782935381,1.8726834369436305,4.473406799970064,2.389053889375803,1.117600032887084,0.295067600764584,1.0488290521561134,0.4612621038281674,0.0566889696161337,0.1582487590344879,0.110832229250535,0.7049323992354161,0.3764290244302701,18.211227767116352,0.6838229127765143,0.0206701617949109,7.47,0.4836627417998318,0,1
화남산업주식회사,-0.1251521476788514,-0.0340125860301907,-0.0087040839912569,-0.1998016928438405,0.8092416577919229,-0.1507635162486559,-0.1292707757042888,0.2365521427311343,8.177560499292726,5.932103181093531,0.6469953976081839,2.7658550098772747,0.1662614030686437,4.926481719836499,0.8574407052902719,4.249932360993482,0.3573002738433045,0.512241569056698,0.0623339539919453,0.0363317223596619,0.142559294709728,0.2203405081964138,47.23592641261498,0.9151150569707126,0.0046646805711334,6.91,-6.888341816035997,0,0
후지테크코리아(주),0.0576994884165551,0.1180445075324188,-0.1326305325508997,0.0685076355864597,0.86857701531011,0.2679512990701905,0.0862370175586022,0.0766141813651144,3.3121082087842684,7.041746311419916,1.2587942470991749,3.312199822058954,2.107149419773296,1.352158381539207,0.3218384007013612,0.992006875227192,0.4170584167378925,0.151822277106178,0.0710898282435006,0.1006646352135494,0.6781615992986387,0.5387390360747409,25.65374481580873,0.6357176616927251,0.021000405201768,5.58,11.769839261549292,0,1
휘닉스중앙주식회사,-0.0661328618663671,1.5773881841042017,0.1916502160926837,-0.0442667162918533,0.1106303830205515,-0.0572525627579183,-0.0065222191370465,0.9981591536997008,14.86837960479827,4.700058788947678,0.1473391225598277,0.1743672624386889,7.778080213944534,0.3812790007418467,0.1139201255431041,0.3603256785709322,0.9368927578897184,-0.1024073600248877,0.0932056303436945,0.0117751647407116,0.8860798744568958,6.013880489189821,4221.548789474389,0.1867942235304896,0.0014245673304035,10.34,-1.2842257502473355,1,0
