구분,총자산증가율2016,유동자산증가율2016,매출액증가율2016,매출액순이익률2016,매출총이익률2016,자기자본순이익률2016,총자산순이익률2016,매출원가대매출액비율2016,매출액대판매관리비2016,매출채권회전율2016,재고자산회전율2016,총자본회전율2016,유형자산회전율2016,부채비율2016,유동비율2016,자기자본배율2016,당좌비율2016,고정비율2016,순운전자본비율2016,차입금의존도2016,현금비율2016,부채/총자산2016,부채/매출액2016,부채/현금흐름2016,유동부채/부채2016,총부채/총자산2016,유동부채/총부채2016,유동자산/총자산2016,현금흐름/매출액2016,이자보상배율2016,차입금평균금리2016,정상기업여부
(주)HJ중공업,-0.1112786803315233,-0.0235760541576679,-0.09700035917499526,-0.11888154393942141,0.02123009123543377,-0.37360629055734973,-0.0636256616615276,0.9787699087645663,0.049424673271789316,20.851246284862995,4.079259449105274,0.5352021815425732,2.7150198612606977,4.871943502054887,0.8996157269427633,0.1703013660894472,0.64363177289322,0.5487040337382697,-0.05035818755726283,0.33946698769362826,0.058365286562730025,0.33946698769362826,0.6342780343592921,93.51200083848653,1.4777700689757207,0.8296986339105528,0.6046221282233362,0.4512959662617303,0.006782851705363614,-0.648046929254802,5.72,0
(주)국보,-0.021382218626566064,-0.02664049107706069,-0.04677239744420739,-0.04794586662140865,0.08864341202349262,-0.27411574120808124,-0.0514983312955692,0.9113565879765074,0.08630633167457746,4.699540890690787,211.27743637797073,1.074093241492778,2.2024928000546353,4.322808286857138,0.47450237036240067,0.18787075513652032,0.46763962956862887,0.6796549803959314,-0.35477284297348705,0.34532028460800357,0.13283959656629232,0.34532028460800357,0.32149935524040385,-400.1312222998105,1.9550484143805982,0.8121292571622583,0.8312936258882371,0.32034503190284724,-0.0008034848002926168,0.14274055145037912,4.92,1
(주)나노엔텍,-0.1324636780956763,-0.12835447972062772,-0.10601825750757388,-0.6664426720922529,0.21571717780346164,-0.5786086732677541,-0.3237724319567207,0.7842828221965383,0.651876359858497,2.0891779112845024,2.6561311299594177,0.48582188013300287,1.4376865218679136,0.7870844338751422,3.5653761730989686,0.5595706509689552,2.499056023988326,0.5203571181818177,0.3451148941581076,0.06563417688856985,1.4562911215840126,0.06563417688856985,0.13509926080439452,3.4219816695848566,2.0496636666666666,0.44042934903104486,0.30544737301462643,0.4796428818181822,0.039479831819433535,-42.06923287421326,3.01,0
(주)뉴인텍,-0.13465007515506922,-0.21852309245586582,-0.04381907964269061,-0.2015586947722684,-0.017465434822650616,-0.5057762646586111,-0.21661278915645632,1.017465455701457,0.17612225359657277,4.936344287319597,6.28339395774218,1.074688389906458,2.815006666144754,1.3349326077570434,1.0661139545119622,0.42827788548493,0.6831213988323969,0.5155809253935545,0.030040748015458044,0.34364820134291346,0.13419914852211606,0.34364820134291346,0.319765435795603,18.48222231071947,1.3222194232804398,0.5717221145150699,0.7947538061849986,0.48441907460644557,0.017301243888303564,-9.051264955329252,5.44,0
(주)대창솔루션,-0.048199917686968075,-0.1889467834933608,-0.17341685554768616,-0.16974505187914074,0.014080261810360616,-0.1436276084293097,-0.05714269920442708,0.9859197381896394,0.13666903598080096,3.8343504675843016,3.4561798049848975,0.33663837956886633,0.5465015263524509,1.5134900946048113,0.4564798444913061,0.39785316924323394,0.24161059303722954,0.7959877876936248,-0.24291269526259585,0.44550311852354946,0.040469656411908694,0.44550311852354946,1.3233877821480322,-24.573497874474075,1.0031914233286034,0.6021468307567661,0.74221914779039,0.20401221230637528,-0.053854269705848924,-3.083971891050536,3.72,0
(주)듀오백,-0.12170178306074311,-0.288246452827125,-0.06777177137257819,-0.16982721851375998,0.25306042157075676,-0.17275558750728756,-0.14481248535556593,0.7469395784292433,0.4092426573909874,11.188850318475726,4.597750812268793,0.8527048056424049,3.429295897525822,0.19296058681067035,2.513045036557459,0.8382506606303379,1.5664035529411806,0.6322493131455266,0.2214139990893216,0.01163590357687234,0.38509689130203534,0.01163590357687234,0.013645875454057235,-0.45369044536310815,12.576306326223984,0.16174933936966207,0.904712738459561,0.3677506868544735,-0.030077502388519223,-inf,0.0,0
(주)디에스앤엘,-0.12327145211028326,-0.24370505709334836,-0.06786142032323232,-0.45301376408107763,0.10793044612816807,-3.706719372498565,-0.7878995101057729,0.892069553871832,0.14802461427095592,5.543374526934623,283.27296426442047,1.7392396712360367,6.68004268191552,3.70455838109023,0.7354445144913502,0.21255979504450007,0.7273343174194823,0.5033289982885055,-0.1786634154119963,0.007719008497023688,0.03940490823898221,0.007719008497023688,0.004438151121252869,-0.032907657135951174,87.4897835186102,0.7874401702149243,0.8576326277570891,0.49667096697091884,-0.1348668215095826,-1.3290472091637422,13.05,0
(주)룽투코리아,0.261421143151261,-0.005048745990440511,3.649810596398143,0.026583296124337595,0.7462889073668494,0.02700061357406645,0.015123221674174021,0.25371109263315067,0.6513253784803881,10.178927739857503,218.8173423939939,0.5688994172670852,32.32882522765617,0.7853744354752562,1.4367278967071202,0.5601065928627479,1.4328289724408816,0.756937652227748,0.07388462920123107,0.07673862877830544,0.6215422624886006,0.07673862877830544,0.1348896245085771,8.64560058340158,2.2045965801626193,0.4398933991755498,0.3845879908361766,0.243062347772252,0.015602111525663992,2.5505964172116378,12.17,1
(주)마니커,-0.04873246695072106,-0.3086412409441539,-0.16287041257735832,0.004991882337442316,0.07717891748760125,0.011794849889228819,0.005412457257076041,0.9228210825123987,0.09238475544141059,9.09920884358883,55.821954060743494,1.0842517694135423,3.1664118355949142,1.1792042558504605,0.5322088311304831,0.4588830979543669,0.48933579765459934,0.7774946407054428,-0.1955736846437515,0.3376932581374643,0.05148139739893089,0.3376932581374643,0.311452807976618,-4.467100657445169,1.2380437982215262,0.5411169020456331,0.7726224081299377,0.22250535929455714,-0.06972146630668148,-0.7979902577185762,5.82,0
(주)미래아이앤지,0.08639525141638615,-0.6401569774560713,0.07283295937253176,-0.23846953784750868,0.29979593308900654,-0.04759882072323459,-0.044970472760472065,0.7002040669109935,0.46712215190729867,3.6782066577648975,8.674936911181533,0.18857952745825676,2.400389928102885,0.058446082538691504,6.694832439807563,0.9447812377948359,6.292148410891235,0.7469369906736334,0.21526327313634794,0.0,3.642905073757752,0.0,0.0,-0.0,inf,0.055218762205164106,0.6845455035068182,0.25306302851310525,-2.2044328823146317,-137.98045138014933,0.0,0
(주)바른손,0.08882324241944682,-0.5104095010998154,-0.434531805696775,0.5034616403749067,0.4272762044213828,0.4442738013423344,0.28708657413788813,0.5727237955786172,0.5354766659170723,39.829972893601976,16.674481446710057,0.5702253183064887,25.35140174611655,0.5475255249273656,0.3361393402906563,0.6461928956208562,0.26977697045753146,0.900794424596637,-0.19592672097581404,0.04621250908749827,0.08682085218125224,0.04621250908749827,0.08104254161275183,3.6880490908141588,6.3864157607278305,0.35380710437914376,0.8341615889739453,0.09920557540336303,0.02197436628883408,-6.27944067707512,7.17,0
(주)바이오니아,-0.11496522185984034,-0.28359713833269545,0.04175443505874973,-0.664355177697356,0.5317151082895637,-0.552133354659598,-0.2263223021639195,0.46828489171043625,1.0868790752139679,1.2614858921363932,1.2943682140540194,0.340664617002533,1.1266543617050324,1.439588804905766,0.8844533283354419,0.4099051438460044,0.583442393863266,0.6378639020399194,-0.04731015133113717,0.1972986028406226,0.18731075574950795,0.1972986028406226,0.5791578960463499,-2.0227435586281386,2.075261777813843,0.5900948561539956,0.6938651388351801,0.3621360979600806,-0.28632294666118985,-6.558202989139753,7.26,0
(주)바이오톡스텍,0.057918516558238785,0.20548902337030342,0.3346155382172331,0.05212319962014121,0.3313226871270897,0.04538273356162468,0.024164868606638457,0.6686772679426035,0.2323705607284317,5.009682549150467,17.335398937223502,0.4636106145199263,1.1465330995761576,0.8780459476265204,0.8213097101279841,0.5324683356463151,0.7781409925215811,0.6597689859474694,-0.07402320680589884,0.28097085493005064,0.5962307461196824,0.28097085493005064,0.6060492278007891,2.8642076892025985,1.4743672291617598,0.46753166435368493,0.8860452723156066,0.3402310140525307,0.21159402304709074,4.5441447129510415,3.58,1
(주)블루베리엔에프티,-0.04787015816832816,-0.11293751631545954,-0.12088273380123658,-0.06930542309604741,0.0878277781853455,-0.04725152103935118,-0.042631431839127966,0.9121722218146545,0.15687972676660228,5.426764447130816,2.749249550555813,0.6151240398611649,3.903385396714206,0.10837283668203704,6.646192584502656,0.9022234819409181,4.376273495762598,0.40243122588421343,0.5076573639311267,0.024324774020799585,2.0584630251246057,0.024324774020799585,0.039544502319060315,0.8953568892176534,3.6962912880724264,0.09777651805908191,0.9195607706451827,0.5975688142285387,0.044166189812437334,-inf,0.0,0
(주)비비안,-0.07623190325252015,-0.16552954716676802,0.03580631964986013,-0.011034155193196235,0.571087926828828,-0.01758713078324885,-0.013923268897851553,0.4289120683517849,0.5805766202794725,11.263419666292279,1.6740461171198806,1.2618337021792816,5.73172508970009,0.2631466651492061,2.9884716546868786,0.7916736999029425,1.2162485977762367,0.4548277651072258,0.3627471367534728,0.05763482348304534,0.26125070075769,0.05763482348304534,0.045675451038837904,9.09045043455074,3.1651888062599185,0.20832629401579267,0.8756700588427508,0.5451722348927742,0.005024553114027867,-569.0343930635838,0.0,0
(주)비엔지티,0.07969503874138259,-0.2657716322099203,-0.16904550159689172,-0.11548861734133806,0.08324442200069351,-0.5161277056490164,-0.20125993177563783,0.9167555779993065,0.10812076204098854,7.210017029596919,37.18608445206433,1.7426819751490672,5.950790721287801,1.5644832462726004,0.8876283452310166,0.3899421200854913,0.8136737473775064,0.48434741049565794,-0.06528040581138682,0.2038515646677809,0.4128289934437733,0.2038515646677809,0.11697576928822233,-3.0607825502746286,2.8497845,0.6100579138897695,0.9522588201289323,0.5156526234796028,-0.03821760199127072,-1.6549834044324887,12.25,0
(주)삼화네트웍스,0.25038771834767404,0.8421352817718027,1.313493170330145,0.16780931547019018,0.262305687379357,0.1953240529787919,0.17073955636778748,0.737694312620643,0.10875603294192958,6.2823500075467384,inf,1.0174617296387092,49.53362177910054,0.14398826367778456,9.084775427595542,0.8741348224344199,9.084775150309714,0.27059384975058137,0.6491173025984569,0.0,6.738906279331641,0.0,0.0,0.0,inf,0.12586515530262063,0.6378957500820721,0.7294061502494186,0.0015028226993489431,inf,0.0,1
(주)서울리거,1.4848861627593106,1.2006722112417938,2.280606275734772,-0.13378429027786254,0.047128560491073265,-0.06257456644646109,-0.0571667590856849,0.9528714395089267,0.06117062484770817,1.6163346596823478,16.305764703377317,0.42730547037288696,6.470702645027001,0.0945970603768292,8.260979468022432,0.9135781889051822,7.901853716142983,0.4255971498802375,0.5048707985823839,0.0,4.132090740196476,0.0,0.0,0.0,inf,0.0864218110948178,0.8045660077765723,0.5744028501197626,0.2762417491909868,-5.5527340407325,4.84,0
(주)성안,-0.012551212261170546,0.025183118332910235,-0.006029723156514488,-0.018105126958972803,0.05303843880582007,-0.0404341542420555,-0.013805698196510008,0.9469615663035219,0.08731086237926114,4.192692112382274,3.260730131377314,0.7625297645133595,7.491727784828548,1.9288018258101938,1.0482268109656458,0.34143655172959503,0.6056275480548748,0.47553213696291574,0.024129713363222314,0.41329267659483787,0.2563608704270113,0.41329267659483787,0.5420020251387799,64.32167509489334,1.2106146031819411,0.6585634443743796,0.7597417590482446,0.5244678630370843,0.008426428950103801,-13.231384662725535,2.23,0
(주)세동,0.009844840601909679,0.040941403769648534,-0.046303060436232606,-0.020544426014886853,0.05531307428020149,-0.13382187026015546,-0.020249378771840538,0.9446869257197985,0.08917686991022385,6.414812066862118,12.531166211942688,0.9856385745295332,2.0510068942594954,5.6086901612138655,0.49875741323475514,0.1513159151973805,0.38660371432529184,0.6695620884195131,-0.3320843944788645,0.3666874495133615,0.030693313393703434,0.3666874495133615,0.3720303354486602,59.889381296956685,1.8067766075402862,0.8486840848026195,0.7806465537920813,0.3304379115804868,0.006211958236869699,-1.79198742848327,4.1,0
(주)센트럴인사이트,0.06062645998400042,-0.1910649765899752,-0.03565225823964853,-0.1879541688893374,0.13994976249297933,-0.46933315284867383,-0.20349104742125712,0.8600502375070207,0.20600086002463683,8.076502885563633,8.579072231400595,1.0826631227374768,6.717485514899916,1.3064068851986568,0.5914487565537422,0.4335748416367858,0.3142682210631293,0.7684039043299665,-0.15997814149549763,0.22105879302089898,0.060349352410017196,0.22105879302089898,0.20418058801334193,23.8983313570874,1.7713578899732414,0.5664251583632143,0.6913079890325744,0.2315960956700335,0.008543717340030486,-2.465369131371641,12.19,0
(주)셀루메드,-0.14888797026568054,-0.2816719639406075,-0.446501513352048,-3.8203501694315625,0.06182051096026979,-0.841505097705384,-0.5372024617825774,0.9381794890397303,1.6080568437390208,1.3943730310361206,0.7401810481110775,0.14061602679277663,1.2493293791996545,0.5664580071227733,1.1401053426866972,0.6383828966068311,0.6044464147723493,0.6206505764681509,0.046617517690675465,0.13849883256650922,0.2789349291553961,0.13849883256650922,0.9849434358617778,-82.53901853796825,2.402416682331172,0.36161710339316894,0.9201221477608325,0.3793494235318491,-0.011933064547026327,-7.910994507829016,10.04,0
(주)솔고바이오메디칼,-0.08133751110223751,-0.12201125016972544,0.05750030068552734,-0.33768431524844633,0.2671480919023224,-0.24599868219631,-0.16285801956693935,0.7328519080976775,0.59589093212292,3.221948134375845,1.1221106293108678,0.48227889840580523,2.0144990550371342,0.5105100617652919,1.5195522030566242,0.6620280162191138,0.5185136773250865,0.521872592295496,0.16347720566291796,0.17648918108715017,0.14102698713108122,0.17648918108715017,0.36594837897851884,-3.354401545938222,1.7828299735053565,0.33797196345037345,0.9309949820372839,0.47812740770450396,-0.10909498280599066,-14.940631466012722,4.61,0
(주)시너지이노베이션,2.706928129049644,2.60423229122047,0.17525681337101975,0.6049491510721238,0.36100304104242864,0.7606231930821553,0.17717100395893423,0.6389969017381154,0.42467181637956136,2.226774570038658,1.330203175199123,0.29286924966328515,23.038718701141878,3.2931583799800066,2.46215871474569,0.23292874260251212,1.7379198572522436,0.5217127878716825,0.28403198021987464,0.08293092782212902,0.499281223224875,0.08293092782212902,0.2831670717136592,-1.1272297557550037,2.342373792381572,0.7670712406396687,0.2532427519332511,0.47828721212831743,-0.25120617182785204,-0.8350458831263564,5.92,0
(주)쎌마테라퓨틱스,-0.5388494489306693,-0.4519332908359292,-0.3196401709481204,-0.1556034179336508,0.0064606735475811,-1.861758667430084,-0.8254100207598208,0.9935393264524189,0.06700511719453753,982.4131420259564,104.04226948603737,5.304575129010182,1010.9670982837047,1.255556172817317,1.5164946326036164,0.4433496323662574,1.3867912905668895,0.4077356925945201,0.20171606894014346,0.2065586545958507,0.6087428591399396,0.2065586545958507,0.03893971705032556,2.0076641840767886,1.8907377143285367,0.5566503676337426,0.701604204674314,0.5922643074054799,0.019395533057353285,-2.5002502141512575,14.7,0
(주)씨씨에스충북방송,-0.22471363394590857,-0.6125138776975407,-0.14921186838281342,-0.10089195691069436,0.18643115697084273,-0.06269383420583492,-0.04660425780030927,0.8135688430291573,0.24792291787322515,5.688810849181993,inf,0.4619224289757959,0.7053859983475552,0.3452383358290255,1.0791767962861467,0.7433626989106977,1.0791766437890526,0.8436559275572405,0.011470616137177083,0.1608924458462854,0.03364619637172814,0.1608924458462854,0.34831052954719366,-5.881994711310913,0.9004366584369825,0.25663730108930227,0.5645066235136672,0.15634407244275947,-0.059216396246906194,-1.7015232725877105,5.83,0
(주)씨엔플러스,-0.32349207592048634,-0.25131887791339164,-0.11062333659503301,-0.500150053815323,0.06801543041975146,-1.0371660608882565,-0.3570841521750234,0.9319845695802486,0.30063650884736814,5.789813215036189,12.647705164836188,0.7139540412943239,1.6781429029285686,1.9045424014782197,0.46047058588465206,0.34428831181499236,0.3727055134151482,0.7239756328605708,-0.32341537038285717,0.10202595191444126,0.1695115123938394,0.10202595191444126,0.1429026884272255,3.6238529952253513,5.875365299458076,0.6557116881850077,0.9141818703606146,0.2760243671394293,0.03943390877486161,-5.18776552691692,4.86,0
(주)아이앤씨테크놀로지,0.0888942001584123,0.49828192722697523,2.1502095421470298,0.0484659795553708,0.24118067862344786,0.04682214245017515,0.024707889244899923,0.7588193213765522,0.2253475462214016,2.1479312482207242,5.641281303463601,0.5097986148546109,2.379975251868088,0.8950280525322205,1.9916550622162748,0.527696682636689,1.6400242979548358,0.6115934589534083,0.19338956827100448,0.23797402801921247,0.32555290917625673,0.23797402801921247,0.4668000678799022,10.95865183024999,0.8194884727498195,0.472303334188029,0.41290619536035045,0.38840654104659167,0.0425964867860259,2.088179606262541,1.64,1
(주)에스엠라이프디자인그룹,0.8758443282922325,2.6574471180847996,-0.3091586130775431,-0.31385392262330697,0.30640555916061735,-0.0885396517631471,-0.08190708050460956,0.6935944408393827,0.5175278552946672,6.565710181294751,24.088515738099456,0.26097198282564044,0.8925930525143159,0.0809767753614937,15.244384770010809,0.9250892551929121,15.041560661952593,0.4352193710361864,0.5277321705056756,0.0,11.2376432108975,0.0,0.0,-0.0,inf,0.07491074480708795,0.4945677099273826,0.5647806060138716,-0.03054332037944108,-23.12880663590208,4.37,0
(주)에스엠컬처앤콘텐츠,-0.0563516985009759,0.17886476326101128,0.26346215933024003,-0.004944466593493737,0.1754012344074234,-0.008604330219714308,-0.005808962568643928,0.8245987655925766,0.13886327701231707,11.054593594614852,inf,1.1748410993994283,15.292679227957384,0.48121633046138634,2.241472442717325,0.6751208310595039,2.241472442717325,0.3186391830315774,0.3773816986070956,0.02007944608217358,0.8090074309023961,0.02007944608217358,0.01709120160372162,0.9210321163627818,15.138819921491658,0.324879168940496,0.9356682342936029,0.6813608169684227,0.018556575064087814,17.553029158483156,4.32,1
(주)에스티큐브,0.7451283595126061,1.1971810282358026,1.8535415200283416,-0.4105924492073427,0.6102664867717061,-0.2143413294481381,-0.15370206216645443,0.38973351322829386,0.5917539640724588,14.12958277907221,40.91379523789873,0.3743421547648513,114.28363282419886,0.39452474759911355,3.7266212075291785,0.7170901783719881,3.704849277473439,0.3896414372528436,0.4465751973989417,0.12262479451763182,3.1471780255612565,0.12262479451763182,0.32757410020963434,0.31809084420037687,1.3356464,0.28290982162801187,0.5789242819698485,0.6103585627471564,1.0298130429786392,0.5312843132830949,25.94,1
(주)에스폴리텍,0.0693400178915264,0.3375159345785985,0.17325375657088704,0.03347915862605411,0.1331095095851182,0.08047247547332852,0.03727405779254551,0.8668904904148818,0.10922465802482693,4.506188080809767,9.692169535760021,1.1133510913126154,2.7434149361195694,1.158940567222663,1.030466626378145,0.4631901476039404,0.8371985413075428,0.46905545510631613,0.01569782918020871,0.32521259723642987,0.2199199390931844,0.32521259723642987,0.292102464149931,9.045187369289554,1.5843381224832762,0.5368098523960596,0.9598309595356027,0.5309445448936839,0.0322936885908726,2.903462357972884,2.74,1
(주)에이디칩스,0.9084900856717916,0.7370450640784949,0.9205424283636924,0.07514552405855732,0.22074551577350274,0.19480446686367692,0.10555864278968695,0.7792544842264972,0.14709853515017413,4.8265447535728,6.245387323530931,1.4047229573837312,4.709309492328138,0.8454620267503976,1.226385152404719,0.5418697244943377,0.8153877062198562,0.47700399252667236,0.09654269755855306,0.37368859180368214,0.23454215305339368,0.37368859180368214,0.2660229832789732,6.390498382909548,1.1411997028231797,0.4581302755056623,0.9308559872932994,0.5229960074733276,0.04162789305923506,6.353363614043703,6.27,1
(주)영풍,0.03686512126009838,0.1098032164945908,0.014797126492132722,0.04799360732947007,0.03991875409441042,0.04053674700682059,0.03080581359576867,0.9600812462823675,0.04148253358221198,8.174671531353235,5.846081578424845,0.6418732683353147,7.758372313814021,0.3158797731733505,2.1592331097285284,0.7599478465942364,1.301591863819606,0.7346089471096238,0.14248118656114847,0.03657818619019581,0.5706426285081748,0.03657818619019581,0.05698661713247631,1.789270704501017,3.3601957650423846,0.24005215340576352,0.512013179575488,0.26539105289037623,0.03184907515063153,-3.012695652047673,2.42,0
(주)오리엔탈정공,-0.2478586235455038,-0.36753170328808443,0.023865489456439636,-0.11018388861821267,0.09475642663430117,-1.7693618390511623,-0.1376797150703272,0.9052435678998849,0.08588937338045542,16.13351233848994,19.164952724400422,1.249544890790591,7.273293734170764,11.851289314709279,0.3959890792186416,0.07781320475644445,0.3238733933403562,0.6759119484020515,-0.4943386998738212,0.5117357336348708,0.12922691781587545,0.5117357336348708,0.4095376944089572,11.94836856161819,1.5993152412637774,0.9221868020733354,0.8874847877474455,0.3240880584277284,0.0342756161476737,1.3060975236659855,9.15,1
(주)와이지플러스,0.05633035585109812,-0.08030838354345601,1.4076827774509768,-0.07742329587436494,0.3319737747522371,-0.050777609621156954,-0.04427823485658274,0.6680262252477629,0.4280576502713058,10.307433337102992,8.065240726861422,0.5718980877336092,57.22940143522808,0.14678485655343784,6.8944573736737285,0.8720031365583191,6.369865949570755,0.3774509462075014,0.5322520195154165,0.0,1.2890144356807722,0.0,0.0,-0.0,inf,0.12799685531386074,0.7054629120040884,0.6225490537924986,-0.0673771685285771,-153.85628783396294,0.0,0
(주)우진플라임,0.032810050450454244,0.1514965908684531,0.2463312352722058,0.06482695483680607,0.2726714328519455,0.18522896543027692,0.04868648253795733,0.7273285671480545,0.20199232855858526,4.143416702956464,2.8097124985981807,0.751022204583257,1.412248881187005,2.8045255227848367,1.5155748982759478,0.2628448656767112,0.8810371232921526,0.5356542638931621,0.15796316363545598,0.47440013925618885,0.20609005381202866,0.47440013925618885,0.631672587522807,11.207300472593795,0.6458315399142982,0.7371551343232887,0.41562835040502344,0.46434573610683794,0.056362599456264414,3.0834114838899027,3.28,1
(주)웨이브일렉트로닉스,0.5048361785691731,0.7278683123930701,0.46221418772052303,-0.06609695860790092,0.22609187788249696,-0.07518259580803803,-0.03319589463902373,0.773908122117503,0.2953118856610437,2.1371352160071893,6.718161659303878,0.5022302892323347,1.412036249826299,1.2648160497270768,0.7441879486209076,0.44153695788559943,0.6055703691486882,0.6893966199173212,-0.10676884511698169,0.35106169563179185,0.05975040676002953,0.35106169563179185,0.6990054227282748,-10.626642910332306,1.188885687025844,0.5584630308813746,0.7473587366042075,0.3106033800826789,-0.06577857453444969,-6.721010180857903,2.23,0
(주)유씨아이,0.22912748372552644,-0.02357747856307085,0.6805921734729833,-0.5196222971287552,0.48923519379153363,-0.8395914538334105,-0.402711479872885,0.5107648062084663,0.4739685609418102,5.105088878801914,14.225146434214242,0.775008082020581,4.633961698354803,1.0848460193557823,1.3028752377311612,0.47965171397848694,1.2059028284692264,0.6261261458556545,0.08691325859613873,0.07011358895844697,0.03354946969478948,0.07011358895844697,0.09046820360330776,21.464809204061577,4.092795702103836,0.5203482525867398,0.5514779652313172,0.3738738541443455,0.004214722001171543,0.3665399554611839,20.46,1
(주)이건홀딩스,0.04832043875099501,0.1970078396859835,0.0111634408533004,0.023795250805425418,0.15821919564907594,0.03975611088221266,0.014901672955565978,0.8417808043509241,0.13165485962401036,4.791843561924299,9.731894623999672,0.6262456772327162,1.9793897918347452,1.6678958128230301,0.5711194416876899,0.3748272309561637,0.4608993082070933,0.7193194149464216,-0.21077630568743988,0.27675240576315996,0.151126479027064,0.27675240576315996,0.4419230596306652,9.978917875571607,1.7757998864934845,0.6251727690438363,0.7861137194005934,0.28068058505357835,0.04428566956267803,1.6755494363745482,4.25,1
(주)이노와이어리스,-0.0897095225441707,-0.04772351971108661,-0.040772185319439255,-0.18627903934120982,0.3145741817410233,-0.14612000934300087,-0.11945188156378611,0.6854258182589766,0.38536017039833576,5.390813529804143,6.378291211290045,0.6412524027729416,1.4911995638138034,0.2232541457706067,2.585433962803699,0.8174916091292178,2.1805014315893323,0.5600169944643533,0.2698053827977912,0.06083007972499743,1.4595935787588603,0.06083007972499743,0.09486136732112409,-5.149240435543353,2.79759,0.18250839087078222,0.9324372535745111,0.43998300553564673,-0.01842240006241119,-114.31530731049696,1.31,0
(주)이브이첨단소재,0.2573482935376065,0.5063829771995901,0.20963488163801985,-0.09106535283133978,0.061697098921775856,-0.17502581780545953,-0.07901569353709828,0.9383029010782241,0.13223779679922107,4.953515291600883,11.929536749718151,0.8676811880742566,1.6671364693964594,1.215076650859035,0.6991924944182005,0.45145164597901716,0.5666036281654783,0.640110270631534,-0.15483222809180527,0.3884699323913806,0.17533227212797936,0.3884699323913806,0.44771044679850214,23.24735030876444,1.3249981904434567,0.5485483540209828,0.9383347041099358,0.35988972936846597,0.019258558108865922,-3.363107092770905,6.28,0
(주)이스타코,0.016409254199116364,0.08238306920634277,-0.4267673308586706,-0.6957142262682671,0.1796866374438645,-0.22600386897711874,-0.08137771074903608,0.8203133625561355,0.5037819380112117,10.912065278675723,0.21566113091052158,0.11697002544498332,0.36533318338678505,1.7772207757736143,0.913233319938878,0.3600722019377242,0.15042436601222367,0.4673420046433116,-0.050608059141124685,0.46786020603788375,0.020706892561634407,0.46786020603788375,3.9998299073461445,102.42010505985427,1.2466673740800787,0.6399277980622757,0.9114560365465659,0.5326579953566885,0.039053171298825025,-1.9026519481675177,4.62,0
(주)이스트소프트,0.16037651115533078,0.5558971746606174,0.14589301497045387,-0.04611153997768521,0.44161049253857315,-0.07276971176910701,-0.028316712699523003,0.5583894876584451,0.49331978096476403,6.323413503662569,116.00223387843258,0.6140916723498354,1.6459263804104907,1.569850238491545,3.8034782306153505,0.389127729258704,3.7750984168081128,0.6038339378084598,0.2920071744128014,0.27969946171230553,2.898071499907415,0.27969946171230553,0.4554685795396464,2.391328419326716,0.3723957391304348,0.6108722585804498,0.17050845952766633,0.39616606219154016,0.1904667614278948,-2.954359489592031,3.58,0
(주)이엔코퍼레이션,1.6835318323743826,1.2931404846122752,-0.5555693495147455,0.06930799809209615,1.0,0.011645696574834026,0.008102617408213433,0.0,0.7920052558508782,3.849625196871052,0.0,0.11690739353698706,2.245083724901273,0.4372758739710051,1.7832604694561591,0.6957606491073215,1.7807041718037817,0.5429592284795651,0.20074575497704755,0.07320071849642378,1.3518235864928534,0.07320071849642378,0.6261427637873442,1.319372635619166,3.5012636734693876,0.3042393459130378,0.8424124623796861,0.4570407715204348,0.47457613329497533,128.38461942947285,0.37,1
(주)인디에프,-0.044561414105874435,-0.04504302718102797,0.18319525698058375,-0.04714868398996834,0.5010828388088432,-0.14576155015791753,-0.059904920243934165,0.49891716119115687,0.5357312213579084,8.56346630254222,1.331876845908845,1.270553389288234,22.239779233706003,1.433214994100205,1.4043212017248123,0.4109788910658085,0.463621276479878,0.28948600641767624,0.20456564450829579,0.15894313921597406,0.1721442574742689,0.15894313921597406,0.12509756815887466,3.7970503336247425,3.183203449798098,0.5890211089341915,0.8589647151857085,0.7105139935823237,0.0329459862702041,-6.8859670774637545,4.19,0
(주)인스코비,-0.07138742475153699,0.2583082573147874,1.2718980102247233,-0.18489041489266433,0.5727035184274858,-0.2146983992865443,-0.15168070371385226,0.4272964815725142,0.641028243706199,10.038866553138515,6.896028060274724,0.8203816504057739,154.5837476434375,0.41546283759057306,1.0076106485518368,0.7064826948775416,0.8274034510834936,0.7157717581019492,0.002146822545694104,0.09570088973816078,0.44327635410800975,0.09570088973816078,0.1166541081103235,-7.593963792591656,2.9475318372079524,0.29351730512245844,0.9610384615471631,0.2842282418980508,-0.015361425376313518,-1.7970639811116023,14.94,0
(주)잉크테크,-0.04370913838775016,0.019905428697985707,-0.04308535528625926,-0.07507342788537502,0.27568262642605396,-0.23277774749448407,-0.045783855754172924,0.7243173600404111,0.2764515748128735,3.6756287399592473,3.3672655013360484,0.6098543391954536,1.239297653130079,4.0842757487341546,0.653791521964453,0.19668484744340875,0.3934007025850404,0.670624518099645,-0.17441734935367784,0.44371395599935093,0.03542944854877406,0.44371395599935093,0.7275736638763901,-144.24646029927476,1.1354000126486212,0.8033151525565912,0.627142198987143,0.32937548190035504,-0.005043961996480604,-0.021303783448154843,3.77,0
(주)제넨바이오,-0.04020027866087184,-0.5422332218392042,-0.5946690972976691,-0.2496067318935861,0.09325368129185832,-0.4003080038409624,-0.17392828605048904,0.9067463187081417,0.21613098303536246,8.965333175881913,11.978774824916629,0.6968092756594372,1.8119199680041047,1.3015693015267125,0.4287113880194953,0.4344861566135178,0.33546336005007105,0.757499472831842,-0.32314931079959486,0.45042495839401386,0.08564031059083553,0.45042495839401386,0.6464106809826069,-4.416026445575174,1.2558137097566089,0.5655138433864821,1.0002404796679356,0.24250052716815793,-0.14637835369629768,-3.151722768344752,6.26,0
(주)제로투세븐,-0.003083098462557023,-0.043519817833757246,-0.1509783665409954,-0.04450282010626667,0.41364435909395636,-0.21256395128416852,-0.0816726032866243,0.5863556409060436,0.46665549535504985,10.504318910085342,2.1152781802063347,1.8352230957858684,153.6350712801815,1.6026346783684398,2.2006262291567866,0.3842260307696264,0.7898729098035943,0.20644380150862948,0.432951481535217,0.005535387434589055,0.27319155045583193,0.005535387434589055,0.00301619320686389,0.08868647302224904,65.14534370310515,0.6157739612432626,0.5856121558438162,0.7935561984913705,0.03400961955164469,-24.95085019695564,1.97,0
(주)젬백스&카엘,0.052430003905783264,0.07352114673599562,0.45360618635598043,-0.3743722053022793,0.1483675528051859,-0.4069582728829771,-0.21538301051519093,0.8516324471948141,0.30979998155187716,6.962033986410055,6.70685106484318,0.5753178453546898,8.438903811114168,0.8894632028289641,0.6609818426595018,0.5292508467498961,0.49412503082288006,0.7106077056051471,-0.14842956016284448,0.36122831847422715,0.08069536561878146,0.36122831847422715,0.627876088654135,-8.725077036761043,1.2120363699030068,0.47074915325010386,0.9300534197606078,0.28939229966682506,-0.07196224010501318,-13.673091311555822,7.07,0
(주)중앙디앤엠,-0.3269178132382902,-0.42581642218259536,-0.05228334970913706,-0.2072154210618055,0.1382354898246963,-0.2998315892528333,-0.19079920030716951,0.8617645101753038,0.26323543381426134,5.834502217453949,117.44874045801527,0.9207770316006569,31.686039825364713,0.5714508934360331,1.5939058789486487,0.6363545641826215,1.5752509585211405,0.42274993559806384,0.21508936719521382,0.1831396117936384,0.6551852988973945,0.1831396117936384,0.19889680727078177,-0.6278035158808664,1.9775115479375636,0.3636453842442565,0.9959172119271644,0.5772500644019362,-0.31681378367515384,-2.1507968173565093,15.02,0
(주)지어소프트,0.08753643907815904,0.2840552502451728,1.0821511284364436,-0.09036638416552636,0.12182921824150028,-0.9537216595468709,-0.2510940584834208,0.8781707817584997,0.14047816815844957,7.930488429550899,25.513964975499785,2.7786223915243258,82.83445105642524,2.798264544000921,1.0980891836501734,0.2632781335832509,0.9459122239309341,0.30988849152901055,0.06164569827424357,0.05684708958694549,0.1982788515937912,0.05684708958694549,0.02045873154997492,0.5694985117241722,11.055373542660105,0.7367218664167491,0.8530570882244387,0.6901115084709895,0.0359241176733466,-9.488586313804456,7.65,0
(주)진매트릭스,-0.06967645710365822,-0.09219717068546551,-0.04428751287799599,-0.8041240441680768,0.38004235543128284,-0.30031137266359303,-0.21127881997126086,0.6199576445687172,1.1636371260040614,1.9880588136302975,3.7589300314268357,0.26274406480388696,0.8692706219279555,0.4213983810797639,2.431722960901246,0.7035325305776351,2.269197582617879,0.3516297434423739,0.3817402715706328,0.21206272794803657,1.8484435881449421,0.21206272794803657,0.8071075862601155,-1.7381240554249606,1.2573165853658537,0.2964674694223649,0.8993566326399764,0.648370256557626,-0.46435556986913834,-16.246247153223898,3.88,0
(주)초록뱀미디어,0.08561883976706545,-0.07876996260814893,3.263206841359464,0.04610768355829242,0.14921744806571272,0.0675801625499229,0.03931796710777381,0.8507825519342873,0.07625065029365177,6.2401700663818405,inf,0.8527421911808996,668.1339890103651,0.7188112082366835,1.0189157947671013,0.5817974628091314,1.0189157947671013,0.590691067579441,0.007598668900582079,0.010016507338461085,0.6217870286968455,0.010016507338461085,0.011746231677114468,0.32818966329151794,40.104823961691906,0.41820253719086864,0.9605639081444294,0.40930893242055894,0.03579098610025616,1.5472435371861444,19.23,1
(주)초록뱀컴퍼니,0.860867629747428,-0.3170582426494763,0.14951042292758843,0.44453199103581054,0.2859401064018163,0.10531710432780769,0.07261171388785703,0.7140599499909208,0.18877570239973654,9.703612866297735,2318.672038088262,0.16334418073863122,3.7205513021986207,0.45041479795479716,0.4754327208459694,0.6894579408663517,0.4752609607312848,0.8607594298905099,-0.15363065892522507,0.27445198904197776,0.17046891014543059,0.27445198904197776,1.6802067132169913,-1.7017185139019555,1.0671127611266635,0.3105420591336483,0.9430967922359477,0.1392405608980646,-0.987358778488201,0.4980907418687054,18.22,1
(주)초록뱀헬스케어,0.7582786054937246,1.4415797786766986,-0.019018345544017323,-0.767451038275573,-0.05879279499354394,-0.641591914959776,-0.29886414756395335,1.0587927949935438,0.45293049247671296,2.4509821291808294,9.550638608832516,0.38942438365252235,12.823275576672367,1.146767754477753,1.3241686931947383,0.46581657373704655,1.2211222646008493,0.4452306914030302,0.13581263680123895,0.3016622979945618,0.8523504250164754,0.3016622979945618,0.774636388110023,-76.67629227542695,1.388826759528576,0.5341834262629535,0.7842936549467151,0.5547693085969698,-0.010102684482023094,-9.550741879205782,11.65,0
(주)케이씨피드,0.06583160811667395,0.30480597329058823,-0.03170202016381815,0.009343069101940885,0.14548080007550684,0.014485130047237805,0.007101190155491829,0.8545191999244931,0.1219407543574158,3.617305183682517,9.258579959438142,0.7600489815511117,9.477612968257413,1.0398172320502468,1.3447946011928344,0.49024000007828494,1.1507464937430871,0.5138553388966723,0.12464360814224665,0.37348498587417334,0.5718718442334314,0.37348498587417334,0.49139594281405835,3.983331043623144,0.9679131885468055,0.5097599999217151,0.7091592977231369,0.4861446516940764,0.12336306910788318,3.2541633508749412,1.83,1
(주)케이엠더블유,-0.35029171738372006,-0.4141499298582254,-0.04222053796321614,0.017612603244868758,0.2326922454443447,0.08138545611051377,0.017802112523696224,0.7673077498059941,0.3015365415062083,5.366744457712953,3.96899213493404,1.0107598675898568,4.176603527166328,3.5716740640855043,0.7104145373166787,0.2187382534235925,0.4390553482882676,0.4884304878768778,-0.2085304932278126,0.41976713553804457,0.16170910099657412,0.41976713553804457,0.41529857783033436,65.16526691017387,1.71547494881402,0.7812617465764076,0.9217141483075402,0.5115695121231222,0.006373005091850491,-2.0503279561139,5.75,0
(주)케이프,8.459104281732879,-0.3409922256356537,5.328831865388615,0.0641147308426353,0.3167652003161862,0.04835653990784116,0.005326821843615928,0.6832347996838138,0.2666836131097402,21.883839282594145,10.432553773545035,0.08308265157800013,1.318420753451331,8.077934522213344,0.48950688871502107,0.1101572166612394,0.37070768665827764,0.08632598106480659,-0.023381157273758477,0.07384724164927768,0.2723268952897788,0.07384724164927768,0.888840693534534,11.088350060866398,0.6202143910079233,0.8898427833387607,0.05147102709005772,0.02241996473336323,0.0801598694716068,2.204984920129869,4.08,1
(주)켐트로닉스,-0.03604298921199784,-0.1426130731483231,-0.07341358123715684,-0.024013691476545373,0.08656316284153119,-0.07632695147355856,-0.026102347382956918,0.9134368371584688,0.08416447203847247,7.00800768561966,5.134623633929484,1.0869777105469842,3.1282572744906716,1.9241412794695603,0.8768892897302549,0.34198074047277227,0.4689918324881484,0.584295895434976,-0.058362701169256515,0.5212481594810621,0.11367212084463534,0.5212481594810621,0.4795389587324305,-29.803342918872403,0.9094838938256323,0.6580192595272277,0.7204451828277595,0.415704104565024,-0.016090106403089822,0.2063875613223856,2.97,1
(주)코데즈컴바인,-0.004007671457563896,0.2724089078982289,-0.07398205411855355,0.09080538617155279,0.3076088233261619,0.06212135163780354,0.05111946434087169,0.6923911766738381,0.22662729785467967,1.436434848986541,9.411062238088622,0.5629563013398232,1.3833970678104297,0.2152191428214064,1.8466827701933173,0.8228968461427242,1.60288208368736,0.6862777664219551,0.1438380289697984,0.0,0.896881312519231,0.0,0.0,0.0,inf,0.17710315385727582,0.9592387312602743,0.3137222335780448,0.12729151954828738,138.00281631375822,1.28,1
(주)코이즈,-0.05314868362323318,0.015468939971537893,0.20902775977912585,0.04764642180951584,0.1750827459650528,0.05026513612611753,0.02727482008226933,0.8249172540349472,0.1498394697744409,4.240330467542413,3.3284410830444995,0.572442148778989,1.5084527798285512,0.8429135728302612,1.145487717647829,0.5426190434227723,0.7680955003413709,0.5693756200386891,0.054693347854249195,0.31128154341002745,0.305808660973391,0.31128154341002745,0.5437781688053309,89.64499756183245,1.2076881526248295,0.45738095657722766,0.8219210413138105,0.4306243799613109,0.006065906448714677,1.8391702217886299,2.03,1
(주)큐로컴,0.2025881931782007,3.592621111350537,-0.15351002641438785,-1.2180085083556853,0.16417480500872858,-0.3077331830583038,-0.20933037117164835,0.8358251949912714,0.4333183551074179,6.924911365625912,17.157296251725903,0.17186281519021976,413.77715057864566,0.4700837787459249,1.6644746642269905,0.6802333407508677,1.634353951189671,0.5373420807011451,0.18469759389268786,0.238983291211623,1.4875983668707395,0.238983291211623,1.3905468204225186,2.228523240374088,1.1630952272727273,0.3197666592491322,0.8692598723671388,0.4626579192988549,0.6239768090500579,-4.823947631019219,7.67,0
(주)큐로홀딩스,-0.009612842756360587,-0.01961963913730115,-0.01699768086063668,-1.1726393970013853,-0.5091654871147011,-0.239593556395402,-0.1874044872957877,1.5091654185859014,0.5674250406290121,8.59425769689474,6.12726516955158,0.1598142513163118,18.641627469065618,0.2784835616942421,0.7459750176360695,0.7821766583176114,0.510029222110491,0.8755491354181637,-0.042378941271798316,0.17149237112929663,0.16013800577247297,0.17149237112929663,1.073073081510553,-147.89675658317276,0.9728118849073012,0.21782334168238865,0.7658950391495254,0.12445087553371517,-0.007255555201490091,-15.091794544682536,6.24,0
(주)플레이그램,0.6151342399297619,1.1559091690007273,-0.3232130351633009,-0.09799801126403872,0.026445379030722117,-0.031212203674984233,-0.024240464595532998,0.9735546209692779,0.14613230750481404,2.2957623876760413,9.895120638427993,0.2473566992111835,2904.9142721066837,0.2876074859033839,3.3410299495502898,0.7766341924444475,3.212527265749037,0.3672519207531971,0.4433609474936223,0.14870015918757587,1.0900521513772545,0.14870015918757587,0.6011567896150711,1.6689293302495565,1.2736175454545455,0.2233658075555524,0.8478787949945241,0.6327480792468029,0.36020506004599945,-12.827493703508464,2.89,0
(주)피에이치씨,0.018724733763674905,-0.07658510183612148,-0.12197444802777323,-0.311468257805046,0.26825865585100955,-0.21937619442466683,-0.13269038057264562,0.7317413441489905,0.5338214678161217,0.6135036994121725,1.7917047522001308,0.42601574076193377,2.106652718785716,0.653293882178311,1.4976743775596288,0.6048531424325129,1.0462016110730223,0.4228314053901416,0.19179203795785757,0.29639400039928365,0.28524523407782476,0.29639400039928365,0.695734856813459,-10.877414449418495,1.3002171303496204,0.3951468575674872,0.9752742537910284,0.5771685946098584,-0.06396141840956082,-7.0892683644928605,5.71,0
(주)필옵틱스,1.4668833173275162,5.2553871935221075,2.007504842594275,0.08392848746754453,0.15524174799021923,0.48909695510664336,0.132466682414222,0.8447582520097808,0.06982231276877406,15.116360668102379,35.552250249881936,1.5783280077035509,6.246794269653087,2.6922261975070994,1.0694835743757407,0.2708393111654902,1.0074780777522379,0.3531455943234884,0.04202566293113412,0.19774393171150784,0.26589309424210844,0.19774393171150784,0.12528696870761546,1.820878800637228,3.058646288209607,0.7291606888345098,0.8294862188911137,0.6468544056765115,0.06880577041358847,17.63158304847021,3.12,1
(주)하이트론씨스템즈,0.16547592273131143,0.48004252801575437,-0.24560385817767316,0.07324735108049794,0.04869764101739242,0.06818925572004095,0.04715650625129148,0.9513023589826076,0.24340408577699524,2.2974258888144963,3.01005775255444,0.6437981108622899,2.0167836265940706,0.4460200964988461,2.5897481620048066,0.6915533210231549,1.743750321737423,0.37715245645783346,0.3823424810499123,0.05423661706355759,0.5821752358860016,0.05423661706355759,0.08424475957364055,2.70239117431217,4.434366955638412,0.3084466789768451,0.7797297843829559,0.6228475435421665,0.031174154346875066,-94.95365353378466,2.61,0
(주)한국전자홀딩스,-0.17428307842815155,-0.10264360114200387,-0.06544447510740987,-0.09335424366996962,0.11247880043535924,-0.11092415144671917,-0.07256910545001088,0.8875211995646407,0.1280007499595554,7.829801687429389,6.18909621943698,0.7773519724133875,73192.39842519685,0.5285313324294606,1.4121194727155784,0.6542227684731797,1.0422525295108833,0.5744063439704138,0.12420722098983787,0.005603028195335478,0.5610803370473708,0.005603028195335478,0.007207839426894575,0.09237155276028718,53.78992039800995,0.3457772315268202,0.8716202604899498,0.4255936616047386,0.07803094363477457,-9.278905352334894,23.32,0
광전자(주),0.008373026379620603,0.10477013676372912,-0.17117199174067646,0.011830604970147495,0.09896803086542078,0.009946236584261445,0.008346347367815109,0.9010319691345793,0.1074460559993178,5.346345431636673,7.541575297435799,0.7054877911041478,2.4365755245483443,0.19168735087827446,6.078807153516603,0.8391462737797789,5.244538553895465,0.3858419898876586,0.5131253577181871,0.0009975898155762683,3.8047915341529066,0.0009975898155762683,0.0014140426356846747,2.8326321094143707,101.27674803475382,0.16085372622022104,0.6281026543073851,0.6141580101123414,0.0004991974181839729,-269.90780406034645,2.26,0
남광토건(주),-0.26477846707555047,-0.24211980862039842,-0.3928386910850273,-0.011705817477117256,-0.0060354072965141895,-0.05286729988508868,-0.012218577543565345,1.0060354127431754,0.04461340689913667,0.48372220027877927,257.1819700777644,1.0438038665347757,75.3721158981681,3.326796609228062,0.9675367111528337,0.2311178662447941,0.9613675884146367,0.35962304293715647,-0.02148625649446278,0.05256016327890523,0.27303982598451726,0.05256016327890523,0.05035444393724529,-23.361384649983954,12.592487667132035,0.7688821337552059,0.8608123128567609,0.6403769513775974,-0.002155456309276594,-69.13797769516728,1.45,0
대성산업(주),-0.11819074507355803,-0.117101061470641,-0.17329606584355145,-0.17120458469063793,0.13338074644059897,-1.9206164964431818,-0.1412381530662872,0.8666192535594011,0.15902200747114043,18.814162771930217,20.598043103010735,0.824967119434919,1.731680230717001,12.598425459031457,0.20514784008500492,0.07353792562328203,0.16074099800180788,0.8396547611785229,-0.621262984570183,0.2595113331139715,0.04205783192103451,0.2595113331139715,0.3145717289820351,84.69365375080032,3.011846203450373,0.926462074376718,0.8436483748322791,0.1603452388214771,0.0037142302291930883,-0.31746584707597436,10.36,0
대우조선해양(주),-0.20208928972698945,-0.2356697455153313,-0.16993371617126204,-0.21760195468366794,-0.04917115152023755,-4.2304881045436655,-0.18516555226543088,1.0491711515202375,0.07024651409480509,33.02552906190953,12.557216458661502,0.8509369896727699,2.916038635920507,21.847057958595617,0.6467545096906668,0.04376931164670048,0.5601597027838904,0.46899577135405623,-0.29002480275565445,0.2391686560677927,0.020515985561205548,0.2391686560677927,0.2810650600108072,-3.8830226332967643,3.4328454442996756,0.9562306883532995,0.8586097909234344,0.5310042286459438,-0.07238305993910145,-22.09301535550016,1.01,0
동부건설(주),0.13921186799952356,0.2545011756131967,-0.1613658056786927,0.0916793074258502,0.11156911537466453,0.2121214731637209,0.07869664910729365,0.8884308829174633,0.08407289380281219,9.139011837354456,465.05376841070114,0.8583905279928422,24.552952349969658,1.6954320872610236,1.9722261157769363,0.370998032087744,1.9666124964889002,0.4238717857979123,0.28400744358252605,0.011615286936752097,0.9722773852355301,0.011615286936752097,0.013531471466620088,0.1176359913930186,25.149681938659597,0.629001967912256,0.46441948831284585,0.576128215668109,0.11502832854455076,2.008770758730832,15.28,1
램테크놀러지(주),-0.12835775745498862,-0.29214682051737306,-0.059591452286241436,-0.1308425348705443,0.04057008833709005,-0.1906527530367813,-0.06578428538082301,0.9594299116629099,0.12829786969610543,14.828755349960158,4.6059704795252445,0.502774464327751,0.7446518568942152,1.8981504007089072,0.3948974940972123,0.345047655137357,0.1675138191990087,0.8181177306166105,-0.27869872780842586,0.592769416280709,0.06214285209370541,0.592769416280709,1.1789966641867708,70.89201353367821,0.7769986182887372,0.654952344862643,0.7032282898544711,0.18188228960550634,0.016630881328073333,-1.8320817856980864,3.73,0
메디포스트(주),-0.02005181959652107,-0.1170738005085575,-0.2373157819537169,-0.1873259458782986,0.5479234744327892,-0.03745519081121566,-0.029942711887815034,0.4520765255672108,0.8731462815070286,11.67120494510239,1.9726746722646462,0.15984284369912183,0.6476627742476054,0.25089507428543156,11.87585916678356,0.7994275623566954,9.842484928487535,0.7860573592026325,0.19592771670117498,0.08699386707104918,6.301349430256729,0.08699386707104918,0.5442462424830292,-1.0084586153168158,0.20708262690671064,0.2005724376433046,0.08981751794772298,0.21394263521902102,-0.5396812860903069,-21.642417711553243,2.57,0
미래나노텍(주),0.040952879418913714,0.1374894381326469,0.3491547041703399,-0.0028369272963869414,0.19484580482360364,-0.005914141862947993,-0.00299004683279277,0.8051541951763964,0.15423272584299222,9.03723656294465,8.262766676849228,1.0539737259396245,7.0312847608733575,0.9779428864075862,1.2311694854879496,0.5055757711064334,0.9843898968901209,0.48762024403464144,0.09620654666730082,0.05569248802025413,0.6008674053501918,0.05569248802025413,0.05284048989988239,1.7386714075301481,7.4726991752766505,0.4944242288935666,0.8417330401250346,0.5123797559653586,0.03039130319336441,5.158688417610366,3.05,1
미래산업(주),0.2052655136813505,0.4756551857018954,-0.08756269517015275,-0.4070603298018472,0.1553028552989816,-0.1298176272586148,-0.11229196010926197,0.8446971447010184,0.5223959574021856,0.7814819365381453,1.4325222755112403,0.2758607309239015,1.161085413421665,0.15607232372023827,8.605630246920668,0.8649977855900937,6.528832038707627,0.32597204902883997,0.5957038850246426,0.006337442934937767,2.023644571304938,0.006337442934937767,0.022973342069067468,0.05061744521385914,12.358938258003679,0.13500221440990637,0.5801687497414126,0.67402795097116,0.4538621412440888,-36.01067608170548,4.31,0
삼부토건(주),-0.7616802700539979,-0.7571547117224513,-0.2607894545770358,0.6697855639632073,-0.0024657845835089195,2.4525145602425837,0.614192005782336,1.002465784583509,0.08747159761824835,9.199561956173415,6.974820677729558,0.9169979749161552,64.66461746585719,2.993074701645876,1.3598670143999687,0.25043358181799535,1.1212189628054108,0.24899395080158507,0.1987417165498354,0.1553747274333323,0.3982866926179573,0.1553747274333323,0.16943846298846935,1.0232293717085168,3.5544025838149476,0.7495664181820046,0.7367783818117669,0.751006049198415,0.1655918679362701,-9.245513061757768,0.75,0
삼영화학공업(주),-0.07988360289106645,-0.06758459560029643,-0.09899169430562646,-0.09454766284652592,0.051953149121080275,-0.11157377304577386,-0.06858882578995604,0.9480468420788676,0.1078477095721625,3.8489879172625896,7.2603124822673815,0.7254417901507788,2.4409249385616043,0.6267048132221038,0.9517575137519583,0.614739682253257,0.6602386900625806,0.6907307335473264,-0.015676176040858043,0.1910445896706642,0.05853478769559531,0.1910445896706642,0.2633493028171932,20.19648561114422,1.7008879605211276,0.3852603177467429,0.8434438418003377,0.30926926645267366,0.013039362782596183,-14.932821749822498,2.57,0
삼화전자공업(주),-0.01515344327519024,0.0941121341429418,0.07622911581631192,-0.00931820906521515,0.14510929006371112,-0.046980048817524434,-0.005301827580707065,0.8548907099362889,0.1465889433117123,2.863935863026513,3.8468805596242093,0.568974954693684,1.4656049399085418,7.861104610131259,0.4105118461759494,0.11285274737154773,0.2426343941402504,0.690807913267722,-0.443994671731582,0.5779252367444271,0.00019994835008167524,0.5779252367444271,1.0157305378328325,-548.5075743875805,1.3032598519260339,0.8871472526284523,0.8489985808244436,0.30919208673227805,-0.001851807678256614,-0.0382361575324365,4.25,0
서울전자통신(주),0.2460879744040162,0.3083772506488287,0.9039818231483239,0.09452343429888516,0.1018992966063078,0.2251873238104571,0.10941316862979261,0.8981007146142935,0.07133584838624694,6.433655589599314,4.433899991934369,1.1575242630713753,33.057776879307404,1.0581372763970955,1.2862461815155442,0.4858762330773423,0.710292013060178,0.4763930234218504,0.11652551417784945,0.20024832762715508,0.2248716722812287,0.20024832762715508,0.1729970887139904,-10.997740220998967,2.0328832066865012,0.5141237539345394,0.7917966428995841,0.5236069765781496,-0.0157302395981014,3.7987208684483207,5.15,1
성문전자(주),-0.025553580660991313,-0.005207630653992269,-0.057898197658925905,-0.02354139459826501,0.12478850869397763,-0.03813407228540883,-0.024231188541007236,0.8752115133280511,0.1403520489967237,3.3057999951078116,5.39238658464541,1.0293013202706802,6.463245645760538,0.5737598764861773,1.9007267247496051,0.6354209526759296,1.3806460536097547,0.3894467337413327,0.28933230466088716,0.15681417217829702,0.31259982012706833,0.15681417217829702,0.15235011273186636,5.225071298232046,2.0484179276382832,0.3645790473240704,0.8810735667764533,0.6105532662586673,0.029157518440641284,-4.61536,3.47,0
세기상사(주),-0.027252014917568734,-0.21857856356687108,-0.0019935608659565384,-0.2089528128695999,0.03581802033033827,-0.047371360065071796,-0.026015784432111555,0.9641819796696617,0.16949680903513675,27.155379693383807,372.3367008124338,0.12450554780684907,0.13557957480038454,0.8208699487300806,0.20387838017191506,0.5491880409676839,0.20281810444030535,0.9379995414932129,-0.24210465776158263,0.07402618271916847,0.1844808618582658,0.07402618271916847,0.5945613189382415,6.944667029926173,4.108075076923077,0.4508119590323161,0.674571981012088,0.06200045850678712,0.08561408579794245,-1.7006549242671085,3.51,0
소니드(주),-0.05614239182878492,0.37265180337499776,-0.09874835199441827,-0.18729479188742168,0.18113117271643425,-0.4183092528592686,-0.1596088946389633,0.8188688272835657,0.1772865355458253,5.347066721347502,7.991264809589036,0.8521801008481874,1.5928988842888605,1.6208392804454215,0.717360258945021,0.3815571698402291,0.5622665148668493,0.5961005716898217,-0.1591362616012884,0.36041567570977856,0.2481325286081456,0.36041567570977856,0.42293369130662817,3.5167755217716814,1.5621842440750164,0.6184428486126283,0.9104086031143246,0.4038994283101783,0.12026178204674338,0.11378244770365167,5.74,1
신일전자(주),0.0182572525334645,0.07075833325071001,0.15894592980758437,0.030207387368479582,0.2226287434897664,0.07571451059043523,0.046573404035174376,0.7773712565102335,0.18699126408571967,4.614589249696344,7.985795410225452,1.541788552153047,5.698935755605003,0.6257027408443702,1.6422696953602298,0.6151186037126395,1.2337812574938005,0.3966075638508823,0.23597870510735702,0.08749557238045477,0.34467996464207384,0.08749557238045477,0.05674939813132653,1.239164167351807,4.199226555649523,0.3848813962873605,0.9546154596868119,0.6033924361491176,0.04579651318727569,8.671126152017424,4.93,1
신풍제지(주),0.00743294315411467,0.0893442296192944,0.15411977462985268,0.009007312838445726,0.13359849432296425,0.028035057783863792,0.007895141143075409,0.8664015056770358,0.11772720826524,5.120887806604861,10.925089219762699,0.8765256946973956,2.4589941328907856,2.5509254712251086,0.6062057102901217,0.2816167244577479,0.5002113199342866,0.6024461172732717,-0.2582530091886654,0.039053623464472324,0.17961843210240896,0.039053623464472324,0.04455502411478635,2.208590179349041,16.79247234285421,0.7183832755422521,0.9128927610687703,0.39755388272672837,0.0201735136429514,6.899891848046505,3.85,1
쌍용자동차(주),0.06091879478289705,0.11061082045140065,0.0703441778084482,0.016012654210152744,0.16308987728189192,0.07149370647566523,0.026856743302528543,0.8369101229937013,0.15537490193436237,17.07641755662998,14.81493032927291,1.6772199630402407,3.0263996601518777,1.6620393124483621,0.7214321015913038,0.3756518528196596,0.504536124350164,0.6848529856280823,-0.12168829354966974,0.07833313545249154,0.25226102082045343,0.07833313545249154,0.04670415161914701,4.046108566285948,5.576635033641598,0.6243481471803404,0.6996662189712225,0.31514701390968736,0.011542980336293408,35.239839020527775,0.41,1
쌍용정보통신(주),0.020918883205345164,0.005059258028672619,0.2031997476313186,-0.008253032022334855,0.0975175571767807,-0.06353504702275256,-0.017496058208072117,0.9024824428232193,0.10540645256062689,4.339102242875001,80.28700882351035,2.119955206852854,107.1736359283039,2.631392069411357,1.2938149364568694,0.2753764894799967,1.2590963178345964,0.1119653910601142,0.2016654970081738,0.14066390731415093,0.4309303610166479,0.14066390731415093,0.06635230162384954,-9.25644355771308,4.8794969870900395,0.7246235105200033,0.9472078975731284,0.8880346089398858,-0.00716822840328999,-6.097018103991467,2.06,0
아남전자(주),-0.042424380833014856,-0.05746140346443389,0.07693511256547489,0.016855572484577506,0.15961054413935108,0.03998466441387261,0.017644299843195956,0.8403894618279457,0.13054877068943085,2.9578846329096002,5.91126396071932,1.0467932702576621,11.529188069751353,1.2661519453429382,1.2884077473301823,0.4412766769920493,1.0174881957575526,0.2922593698546974,0.1584264618535709,0.4125211877479488,0.3804056841761916,0.4125211877479488,0.3940808557609557,45.40382948150746,1.331602314272797,0.5587233230079507,0.983159545469547,0.7077406301453025,0.008679462949737775,8.523752767495385,2.44,1
에스맥(주),0.3405028117966617,0.21638166051148297,-0.30135989240162536,-0.028577714466226617,0.04404187804166603,-0.039538791354890114,-0.02175478092082081,0.9559581147889685,0.06830616528579192,11.595110218188553,19.788647690894162,0.7612498524516644,3.9458985937613025,0.8174759607461178,1.4429059532756716,0.5502136048002945,1.3238583018373598,0.5542748215704828,0.13681718630787248,0.20439542098162547,0.9185140742537082,0.20439542098162547,0.2684997840372042,0.8812992801326964,1.5113253769600654,0.44978639519970554,0.6867881953761873,0.44572517297183883,0.3046635689941519,-1.0175192594000062,8.31,0
에스케이바이오팜(주),-0.07064585105237023,0.1739321766261874,0.2591948729304246,-0.3376144984275952,0.12314563908088451,-0.2055752476940291,-0.15658412146485123,0.8768543609191155,0.7644788590637052,50.14061556492392,84.84868309909925,0.46379560769494693,8.23568352681872,0.3128741648314259,4.208806555624814,0.7616876215462742,4.1864481654069685,0.097748889829548,0.6878789126731238,0.0,4.060972342811247,0.0,0.0,-0.0,inf,0.23831237845372574,0.8995428558443673,0.902251110170452,-0.12573346687046777,-2527.434199570533,0.0,0
에이치에스디엔진(주),-0.03527064145121104,-0.032529891477005635,0.1575322873403878,-0.22571020058256785,0.05185032029659799,-0.3392071533987575,-0.1336035434123507,0.948149679703402,0.04657296759307312,12.864001473858242,3.735657929634304,0.5919251459061847,1.6705321442538734,1.5389083626465407,0.6389623995131377,0.39387006457169865,0.336054657154835,0.6830859327404756,-0.17906827458249874,0.06003889086842358,0.11956256187469698,0.06003889086842358,0.10142987045517281,2.940745546510373,8.261017728141887,0.60612993616552,0.818277257479957,0.3169140672595245,0.03449120940624538,0.30225526913424267,4.44,1
에이치엘비테라퓨틱스(주),0.025836643326053035,-0.43148662201040894,0.05534962206772212,-0.30474558723355816,0.18606728508937556,-0.14601903856267626,-0.10449903129052425,0.8139327149106245,0.41422529952967835,8.158936443389372,8.24828097632877,0.34290580624695244,1.8934350296607756,0.3973243269281575,0.7137504795175719,0.7156534676515471,0.5800669852103968,0.8193372898005766,-0.07245475225262903,0.20136269883017566,0.35060496663552115,0.20136269883017566,0.5872245239415955,35.36248244626773,1.2570225961538462,0.28434653234845286,0.8901724960790774,0.18066271019942343,0.01660586257862033,-7.981308761949909,4.46,0
에이치엠엠(주),-0.259891079530319,0.12055034172680619,-0.2052100854612252,-0.09993892876695,-0.11270696059378688,-0.4816465928465861,-0.10418162578460052,1.112706960593787,0.06906523934470567,12.320419422192723,43.17858654253068,1.0424528966839757,2.043244601889489,3.6231433731165685,1.5920016784010762,0.21630304736274636,1.446190584910434,0.7066934388456101,0.10906896572109126,0.404001911735482,0.6644197483632505,0.404001911735482,0.38754932047347657,5.327680346375382,0.4560314941131447,0.7836969526372537,0.235087803791137,0.2933065611543899,0.07274260002050248,-4.384653022570632,5.55,0
에이프로젠제약(주),0.5100756096231581,0.6905393942233227,0.09419184845852777,-0.1080389315263759,0.42212379069333184,-0.0610204512181639,-0.0370419209875618,0.577876186642491,0.4277302735364477,2.800343016290259,3.1423626576367507,0.3428571577322443,2.5336949176446377,0.64733495432523,1.8398353472914388,0.6070410861946489,1.6601220614049212,0.35450856048933305,0.29464947940758285,0.041193498524317224,0.5818402641396151,0.041193498524317224,0.12014769881656506,0.5999052819728509,8.51692555066611,0.3929589138053511,0.8928209738407176,0.645491439510667,0.2002777812214736,-0.05968939182075906,19.27,0
엔시트론(주),0.05707632094232478,0.09008273743612934,-0.2603927328050749,-0.031385814555241434,0.2237835125845663,-0.10728114576573196,-0.037916221802100726,0.7762164874154337,0.22371035825782049,5.174965489595734,4.594843015628672,1.2080687514216104,37.437730355399076,1.8294260521439427,1.2830550892354506,0.3534285687524045,0.8370265675042317,0.4129346514237266,0.12951262656018672,0.33264038919660494,0.12968599053656263,0.33264038919660494,0.2753488895438824,27.64946702166516,1.375517636692197,0.6465714312475955,0.7076599736756283,0.5870653485762735,0.009958560478873918,0.002842198040863686,7.18,1
이원컴포텍(주),-0.1624231853912867,-0.27279138571422684,-0.04155866047179475,-0.10418632104399728,-0.06378445927485224,-0.3996145481640496,-0.139203341801795,1.0637844592748522,0.05639959215857269,9.536422691392985,7.786565852012041,1.3360999832502989,4.038237123148084,1.8707252497791447,0.8952579731633311,0.3483440291184026,0.5260454712559798,0.5573928366586052,-0.05178347780249079,0.258332224089509,0.06706355997473384,0.258332224089509,0.1933479734511113,124.80900957028884,1.9137784412547203,0.6516559708815974,0.7586681673077372,0.4426071633413949,0.0015491507713809977,-25.55766500761113,3.08,0
일진머티리얼즈(주),-0.10519919538106659,-0.2580718989425485,-0.12924663026247143,0.10182196964973479,0.14080224064261565,0.13784347180621748,0.10395609321451152,0.8591977593573843,0.06806116624480622,8.149845012656808,6.655726997382022,1.020959362425595,2.890159410712486,0.3259777968861207,2.153952933905036,0.7541604390279334,1.403412674718779,0.6217592493084999,0.2026376793626555,0.032512123670869204,0.39315954705928935,0.032512123670869204,0.03184467949206803,13.779230272826364,5.401156599505205,0.2458395584129953,0.7142994905394447,0.3782407506915001,0.0023110637431517523,175.37412223981437,0.76,1
전방(주),-0.06809711236153332,-0.12490378682205719,-0.1537955010362663,-0.08730279528312908,-0.01058678287916592,-0.10548280067036928,-0.03621177245172531,1.0105867878592292,0.051511434018636025,4.883066529422471,4.283384091878815,0.4147836542265113,0.5784033901009812,1.9129422154353435,0.29312263713818126,0.34329551568208794,0.11593894505441389,0.83810485203811,-0.39041684521102493,0.5105600327668093,0.00890743195976926,0.5105600327668093,1.2309068295347891,2259.357249284715,1.0817767896555568,0.6567044843179121,0.84103581803096,0.16189514796188997,0.000544803983488879,-1.2842158004718986,3.81,0
지나인제약(주),-0.12273349639713935,-0.0400419043579876,0.06868221961947553,-0.167473250035785,0.05675252646015833,-0.6489183282539183,-0.13636810872556046,0.9432474735398416,0.1528313669029731,6.700897882601338,9.255461491913517,0.8142680021819715,2.1034327445812537,3.7585782969235697,0.3166388180338707,0.21014679781428572,0.1986847645330934,0.7772353892771947,-0.48076443263519153,0.44548173666706414,0.01515018541936642,0.44548173666706414,0.5470947347474284,-766.3295841238294,1.5792544939520892,0.7898531934327597,0.8907086031360506,0.22276460196985068,-0.0007139157173123368,-2.978431868477185,5.0,0
진원생명과학(주),0.3768058738325714,0.4996568456751076,0.10600023938133146,-0.4972331698057142,0.2581042532959656,-0.4350900788891946,-0.23756552708464,0.7418957467040344,0.7041910291771893,4.679864703452541,3.3168928677193423,0.47777489819809266,227.09573482358732,0.8314528947119959,1.844996712943957,0.5460145809142694,1.6003142797295329,0.1941994276136083,0.3690515165571153,0.33609824763759527,1.2994331088018165,0.33609824763759527,0.7034656883506757,2.1977553537108476,1.299468411094514,0.4539854038561266,0.9620332550772653,0.8058005723863917,0.32008371048346845,-11.847577427419335,11.45,0
케이씨코트렐(주),0.04598255709709793,0.05421827005904751,-0.040137734371519025,0.005079998924795941,0.13094353891858557,0.012952694157682557,0.005933433692599911,0.8690564610814144,0.09761930822845645,7.282449030094612,63.593109027472785,1.1679990055978706,5.149881780650071,1.1830014168418133,1.2997092406427115,0.4580849065351124,1.2621958417862664,0.4469808124013657,0.1275246459693357,0.016586596507954098,0.26371237046981,0.016586596507954098,0.01420086526483284,0.27366326318699674,25.65291447375915,0.5419150934648876,0.7851682796077496,0.5530191875986343,0.051891748638286356,25.032946865166327,5.11,1
케이알모터스(주),-0.0551285703452651,-0.051334198034488084,0.051039765649175985,-0.11770659194180422,0.0888133949874158,-0.1590369593634096,-0.067027309203044,0.9111866050125842,0.184850894282317,1.8954618104888192,2.550565345589862,0.5694439716357028,1.4522089080169494,1.3727188403407822,1.0865090534556594,0.4214574365062044,0.6602919752837186,0.4814097185433075,0.04129073221933653,0.42172711437240623,0.21247731747435417,0.42172711437240623,0.7405945718610624,-7.06097542734454,1.1317734453656125,0.5785425634937956,0.8250033434963936,0.5185902814566925,-0.10488558974345304,-2.255333818845038,5.73,0
코스모화학(주),-0.24167159886798417,-0.3867689678193586,0.1459668338651446,-0.2530721865774326,0.05133658045915561,-0.6874504957664438,-0.15165856914029083,0.9486634195408444,0.10013194885811907,12.542290687844252,9.142808075470263,0.599269999565471,1.4012229023019651,3.5328826433178464,0.42216820425043833,0.2206101676764456,0.3223080252478657,0.7371256044646788,-0.3598025177899382,0.3796973868594337,0.024206657767386047,0.3796973868594337,0.6335998583856213,1018.0052769116888,1.6399294090063945,0.7793898323235544,0.7989287073162209,0.2628743934437253,0.0006223934912280278,-1.2934232158039696,8.15,0
크로바하이텍(주),-0.034363736435292225,0.01892687595975935,0.040248736218444325,-0.0042926468972532775,0.13115445690145688,-0.0076568233416053,-0.004014352186755441,0.8688455430985431,0.10208643663019722,6.3423800644337645,5.0820962731004,0.9351694380742314,2.3720522613701824,0.907362131022652,1.134106349730923,0.5242842896665038,0.7980264793122723,0.4604878077714522,0.06379649742247824,0.30158538752388664,0.43893057850565287,0.30158538752388664,0.32249277536799437,9.687226743727887,1.5773831558593596,0.4757157103334962,1.0,0.5395122077559744,0.03329051584105805,2.4146436329781733,3.44,1
크리스탈지노믹스(주),0.010856690776688922,0.049309320254900646,0.48734152717180274,-0.2593043183834931,0.6656413044892618,-0.045233744063553134,-0.029272450759284634,0.3343586955107381,0.9470331358822671,2.3562295846792143,1.2158105290037027,0.1128884044113477,1.0733203401384421,0.5452667231562736,0.986519585395962,0.6471374714893602,0.8872432568413665,0.6914993738188402,-0.00421554372853981,0.12323768438170578,0.6539692475486614,0.12323768438170578,1.0916770860951044,-14.729524437652982,2.5375044918334715,0.3528625285106398,0.8862266532001706,0.30850063395319427,-0.07411489017964883,-3.005302217578421,5.55,0
페이퍼코리아(주),-0.023033532912701354,-0.025773599856602922,0.716737293467188,-0.08791727134471665,0.04091689262662655,-0.3124006712029258,-0.06845120393779978,0.9590831050033339,0.09384986413203521,6.2319345908285255,4.369430467109738,0.7785865381263716,1.5528736750720853,3.563844800842333,0.6052282910845882,0.21911349829762694,0.33850789932195485,0.6122058094127887,-0.25294616524161473,0.4233489308156789,0.09953761130771252,0.4233489308156789,0.5437403680706403,-325.03930549849116,1.5135041314366677,0.7808865017023731,0.82052942960594,0.3877941905872114,-0.0016728449725079923,-1.461638988461841,6.69,0
한국조선해양(주),-0.010507681479002311,-0.04545421544003687,-0.1510712297990192,0.015945695010601172,0.11363558774674028,0.0352508121790504,0.01280899336133933,0.8863644122532597,0.07422486639246463,7.061119051413742,8.983619463314826,0.8032884959121274,4.32397551585598,1.752036103433855,1.113087445647651,0.36336732601445504,0.9461328070144878,0.4715993961853047,0.053684438538709384,0.1876642064641129,0.2036163564933708,0.1876642064641129,0.2336199353272472,7.5613658550873435,2.5296042022097915,0.636632673985545,0.7456672971308484,0.5284006038146953,0.03089652581352957,15.586220962745413,1.23,1
한국화장품(주),0.3621628281733807,0.5376323806614625,0.632913759041576,0.09093160401830305,0.5542877083427369,0.2624719946053676,0.14720754295236033,0.4457122916572631,0.4565763326642067,6.544354778957667,3.9453044009693117,1.6188820657197454,25.987410992757205,0.783006423049323,1.6570158408936502,0.5608504753952517,1.2292658776073657,0.29152262573321075,0.28091515260166733,0.0,0.6529329459756645,0.0,0.0,0.0,inf,0.4391495246047483,0.9736142195529975,0.7084773742667893,0.0012425816845160428,inf,0.0,1
한일철강(주),-0.12507447841060113,-0.2897250498240497,-0.005777225085082929,0.042360995386349805,0.12814116124285052,0.03037242906310169,0.015714783164998945,0.8718588477449957,0.07339059963503412,3.2577078941061712,5.395531625400795,0.3709729438997743,1.2327742350633046,0.9327297515297612,0.5400789550475127,0.5174029094725993,0.3723382172965228,0.8069930805423157,-0.16436104989913833,0.3137089824007867,0.07561136682188449,0.3137089824007867,0.8456384422620895,97.4831986406399,1.1391703438706717,0.48259708719315303,0.7405100006618791,0.19300691945768433,0.008674709632574062,1.9357412758320123,2.92,1
