구분,총자산증가율2017,유동자산증가율2017,매출액증가율2017,매출액순이익률2017,매출총이익률2017,자기자본순이익률2017,총자산순이익률2017,매출원가대매출액비율2017,매출액대판매관리비2017,매출채권회전율2017,재고자산회전율2017,총자본회전율2017,유형자산회전율2017,부채비율2017,유동비율2017,자기자본배율2017,당좌비율2017,고정비율2017,순운전자본비율2017,차입금의존도2017,현금비율2017,부채/총자산2017,부채/매출액2017,부채/현금흐름2017,유동부채/부채2017,총부채/총자산2017,유동부채/총부채2017,유동자산/총자산2017,현금흐름/매출액2017,이자보상배율2017,차입금평균금리2017,정상기업여부
(주)HJ중공업,-0.19971771898371224,-0.2015242256096713,-0.12830509396357478,-0.11335334708361164,0.008664469558139782,-0.4815990353396928,-0.06608053191906633,0.9913355304418602,0.05624932206887046,18.773120823094413,3.4262902500658883,0.582960570809824,3.7546529074930337,6.288062328698298,0.5689160367523363,0.137210681646106,0.35580600951336583,0.5497227607208103,-0.3411879509966945,0.07759775878934688,0.05151586416977606,0.07759775878934688,0.13310978936628834,39.3475168756027,10.199588269352718,0.862789318353894,0.9173330886686356,0.4502772392791898,0.0033829273086562325,-1.193411808019963,5.0,0
(주)STX,-0.11327678466714426,-0.021714948380477314,0.048672995948616196,0.18537062927758974,0.047290337816637266,7.856813909774436,0.5328503908901715,0.9527096621833627,0.022869063207157026,12.025692990760124,9.462460081488823,2.874513578374037,60.87806688940636,13.744877819548872,0.8588489496932206,0.06782016183777341,0.5310037708874492,0.24182604510933134,-0.12460520570734708,0.4344968145558385,0.2409523070285804,0.4344968145558385,0.15115490071944998,4.960251046025105,2.0317275777969304,0.9321798381622266,0.9470052069978222,0.7581739548906686,0.03047323599489544,2.279468074097071,3.77,1
(주)국보,-0.09886640066786304,-0.2886092616479705,-0.10394432933883681,-0.03692766882316624,0.07562199891785272,-0.1619062554223553,-0.0394402524246907,0.9243780010821473,0.12589395288935648,4.297121142974434,178.423447377703,1.0680406773998203,1.9879607936253378,3.1051019625501506,0.4044610255187221,0.2435993119710245,0.3956113951724574,0.747106892204563,-0.37236643507173517,0.3527795827415168,0.062307267603425184,0.3527795827415168,0.3303053808777865,33.11144787053749,1.7723802257950452,0.7564007016770945,0.8266247706129349,0.2528931214435561,0.009975564408093782,-2.7223645048851663,5.19,0
(주)국순당,0.13706226221695414,0.016313519471815724,-0.0995682058343101,0.1543604877380044,0.3788077245642517,0.04372974501150704,0.039999441783085204,0.6211922754357483,0.44673710696201074,6.820251444547753,2.7312942803439233,0.259130055684821,1.270504133034953,0.0932588821776829,7.087260453417644,0.9146964331157148,5.919780766784619,0.6422295802900378,0.30728964197341985,0.004789435067760494,3.25689007226311,0.004789435067760494,0.018482746260765164,0.09432650469071072,10.540027586206897,0.08530356688428524,0.5917780414155454,0.35777041970996215,0.19594435648144343,-inf,0.0,0
(주)기가레인,0.1662879145014272,0.5677578953821864,0.32720700865931984,-0.009195942440613456,0.1739263516664986,-0.01038468623141082,-0.005069698561875964,0.8260736483335014,0.121673481540379,6.366371512168598,3.403809399965598,0.5512973351688103,1.563540741011168,1.0483833712527724,0.9325029003814052,0.4881898642774127,0.6192635132302816,0.6016972966770227,-0.02883023445133591,0.2766453264045179,0.09918765603036227,0.2766453264045179,0.501807842622362,-40.08251168652978,1.5439730839687076,0.5118101357225873,0.8345534954505648,0.39830270332297735,-0.012519371204749144,2.046380212611175,3.64,1
(주)나노엔텍,-0.07302891706189744,0.03251205808424635,0.07221947145116195,-0.0870314750865334,0.4361499585482205,-0.08731970839829759,-0.048906988112503276,0.5638500414517795,0.36590911066812437,2.3141826344110163,2.2741531282259424,0.5619459863673019,1.687666674109255,0.7854239602208082,1.3762474616666058,0.5600910608796397,1.0173353883194105,0.46574702472717894,0.1460575451967123,0.0,0.5936530113449823,0.0,0.0,0.0,inf,0.4399089391203604,0.8824449688436482,0.534252975272821,0.07616253667166843,3.3791236212501743,3.99,1
(주)노블엠앤비,-0.04763732761857122,0.04463487059409695,-0.052560979239778045,-0.43250416016811805,-0.024819455807849347,-0.43086417153298745,-0.22075153138307804,1.0248194558078494,0.2435602010077711,4.232515228808065,6.230332940512903,0.5104032555369411,2.414493725953056,0.9518060530746286,0.6980254611148693,0.5123459920040649,0.46851710284436743,0.7446579739769003,-0.11046415189951311,0.32899171874119154,0.11602975864870646,0.32899171874119154,0.6445721401112425,21.710912235380707,1.1119008688798706,0.4876540164579943,0.7501346560817732,0.25534202602309974,0.02968885568340283,-5.593379828022172,10.43,0
(주)뉴인텍,-0.014994603722458807,-0.031320081908288215,0.05013738463467663,-0.07101867750621406,0.08119814991849085,-0.24226782203309305,-0.08136968740964257,0.9188018500815092,0.11344230154074778,5.527628685969681,5.972458954274366,1.1457505302393556,2.7335682430753865,1.9773719150896425,0.9419503133392816,0.3358666731999089,0.5934334258804964,0.5236096865203198,-0.029358563858490973,0.37458030239754275,0.10782985393024565,0.37458030239754275,0.326930071172902,-65.71028959851024,1.3501747798831638,0.6641333268000911,0.7615170884059629,0.47639031347968025,-0.004975325374008304,-1.9633843091867915,5.14,0
(주)뉴프렉스,0.11036116612437549,0.16120399280752093,0.05164201428943789,0.028248400634954766,0.11278202647335137,0.09276275934232515,0.036278289633785196,0.8872179735266487,0.06650872138861948,8.503715996511776,4.698419228637948,1.284259951655252,2.812423355791172,1.5569771755681314,1.0626711660099781,0.39108678839432054,0.5251941456350772,0.5205199944019782,0.02827739378882961,0.308915256790919,0.10153072875092453,0.308915256790919,0.2405395079031823,77.78049885661048,1.4606031974476954,0.6089132031962007,0.7409965976116438,0.47948000559802184,0.003092542622368886,5.756603873490418,3.22,1
(주)다산네트웍스,-0.06923710140837779,-0.05646240825623965,0.37805766945103153,-0.008125097278004914,0.3415823507586602,-0.015263310422811606,-0.007220052159517671,0.6584176459849679,0.3414820056584607,4.008714172315368,5.897209076796653,0.8886111651934003,12.560175769525427,1.1140166422054294,1.2881589766829602,0.47303317298238423,1.0732132407496051,0.40542404097054313,0.13300563285705846,0.1547083954151136,0.29462161243089474,0.1547083954151136,0.17410134091826582,15.49391934441071,2.9834859636021225,0.5269668270176158,0.8759001563431786,0.5945759590294569,0.011236752757530733,0.010028126919020313,4.9,0
(주)대동,0.09503744892158135,0.1777347838913322,0.042173800440148346,0.01615269705681627,0.20652195705510298,0.045020140012259874,0.013488170389022336,0.793478042944897,0.178367072722171,3.1662554482564373,2.269740710524979,0.8350413767792709,3.6256542204258815,2.3377499478284003,1.0435757592207764,0.2996030306735883,0.5354859177864815,0.40041586571904925,0.025036355661934195,0.30230801433702714,0.021249273255665065,0.30230801433702714,0.362027586588607,-506.48175970832045,1.9005377011887081,0.7003969693264117,0.8203173397103256,0.5995841342809507,-0.0007147889921980535,2.5293821153391374,3.24,1
(주)대명소노시즌,1.8117575347981645,-0.31786796544136314,0.08310769448989443,0.0748436262390591,0.1825793431139311,0.12872132305140424,0.04206198593911121,0.8174206568860689,0.14942671782178862,11.424779367197935,14.564276949144773,0.561998236226027,92.84189785487511,2.060276878931508,0.5808951178795628,0.3267678185867773,0.48070614692409364,0.8171186399413444,-0.13194545536755437,0.12543590659168377,0.17647704401751835,0.12543590659168377,0.22319626380684118,-0.9971175589148522,2.509862000288541,0.6732321814132227,0.4676348280994795,0.18288136005865563,-0.22384147366709925,4.09020301151647,7.21,1
(주)대창솔루션,-0.06275373491239526,-0.1986360581183792,-0.1328469610251947,-0.26478977578742874,-0.02231972550975861,-0.2014481630534445,-0.08247206549332613,1.0223197255097587,0.16435018106666127,4.799103296689488,3.0953882162605084,0.3114624242876133,0.49026348299381634,1.4426229703549023,0.389943217921741,0.4093959668991678,0.1599863243413523,0.8255655565290029,-0.2728984897716192,0.4569122176112924,0.018181255574109493,0.4569122176112924,1.4669898581068213,-591.4815439720992,0.9790347379661767,0.5906040258193948,0.7574159905564369,0.17443444347099715,-0.002480195490556204,-3.729178021477113,4.09,0
(주)듀오백,0.03110392480545445,0.23443838626562385,0.1962828222253657,0.03423317316903259,0.29376642826661226,0.039686522880663225,0.03386704417247723,0.7062335717333877,0.2788400027370419,6.499157656892989,6.167847697181529,0.9893048478226799,4.313435758292016,0.17183308583260737,3.106271378024087,0.8533638553902777,2.307056097336233,0.559728603967477,0.2985351011462141,0.0008043366663974852,0.7736353853661919,0.0008043366663974852,0.0008130321691718346,0.017667374241444794,176.2151357852757,0.14663614460972232,0.9665849798734506,0.44027139603252297,0.04601884570173382,inf,0.0,1
(주)드림어스컴퍼니,1.6136212917566048,0.8460841977813418,0.32724459907690256,-0.20290304700111342,0.220108168818136,-0.12396913859224086,-0.10767329391797777,0.7798918167834291,0.33469798339696316,5.657434302943859,3.6274821428762776,0.5306637603987628,58.87603242030771,0.15134527867863662,7.829114387316268,0.8685491820035681,6.267754832816221,0.4279180786858633,0.49901083140376945,0.0,2.3966769866013733,0.0,0.0,0.0,inf,0.1314508179964319,0.5558815914888462,0.5720819213141367,0.11120852932182954,-19.567250599299282,8.63,0
(주)디에스앤엘,0.23770231391340946,0.8281910615324644,-0.07233475232723789,0.052770686481304466,0.13560170653911857,0.08050741782290517,0.06879030914619659,0.8643982934608814,0.09303828822083075,6.1434180317589995,18.478088001495014,1.303570480754832,464.646020089643,0.17033080418067043,9.058206148537794,0.8544592660705738,8.305268115645688,0.26637494966948516,0.6526349471798001,0.026167713555409318,3.2047501346417904,0.026167713555409318,0.02007387704902378,0.10928210447617555,3.0950393498927893,0.14554073392942626,0.556477220940685,0.7336250503305148,0.183688602495755,2.1924420236086943,10.6,1
(주)마니커,0.18741374093648852,-0.07764886126099309,0.10785646273610039,-0.04055734259985942,0.11521939249867125,-0.10675801623972653,-0.04102806700623182,0.8847806075013287,0.08795263241424887,9.191814286281573,53.091734440655436,1.0116063917455487,2.164117608061522,1.6020727767533105,0.38330506766270944,0.38430900508775623,0.3459172501911257,0.8271638061397137,-0.2780740821613552,0.347690863167256,0.03400783196300091,0.347690863167256,0.34370172628833223,-1525.1255119290358,1.2968712261061976,0.6156909949122438,0.7323645785755093,0.17283619386028626,-0.0002253596334203376,1.5910563646572171,5.37,1
(주)메타랩스,-0.35530281717918283,-0.47352521071129217,-0.708555257856776,-1.4139373575977012,0.3100132332395364,-1.2503825280796061,-0.767343128950547,0.689986729492131,0.903992265777474,9.46868383461406,2.3030636033659966,0.5426995225971492,1.940973425324579,0.6294959593756778,1.5777994991081241,0.6136867012441922,1.1251687469595142,0.4332363318050941,0.2075522040543241,0.12466838259862159,0.5368567120412245,0.12466838259862159,0.2297189833556645,-1.6534578754342932,2.881335721640729,0.3863132987558078,0.9298449349206659,0.566763668194906,-0.13893246799246523,-5.531656241095343,17.39,0
(주)미래아이앤지,0.3204728717551484,1.0052342488814567,-0.21584921371107435,-0.34989876264007314,0.3076380522723424,-0.041044738239125016,-0.03918384490205801,0.6923619477276576,0.6887499699953354,2.87994569788789,16.134536944368012,0.11198623455083452,1.2200428297659274,0.047491340926813175,12.618339443395884,0.9546618295815285,12.460550020133626,0.6157053561989129,0.35383939685476906,0.0,10.648714501363552,0.0,0.0,0.0,inf,0.04533817041847158,0.6717352435092977,0.3842946438010871,1.9971370684437213,-294.31683366733466,0.0,0
(주)바른손,0.40666405406292305,5.177325258516322,-0.7214788610771405,-0.27901587245836107,0.48680980910078187,-0.03545187432571114,-0.0315023664356239,0.5131901908992181,0.9872741081566384,8.97376935633557,2.7816124642456748,0.1129052844128972,9.193656988634325,0.12537178431208287,5.226400145187408,0.8885952304298085,4.976508360316147,0.5643415320418596,0.3523011941452456,0.021734185673155368,4.748434624847368,0.021734185673155368,0.19249927747998896,0.05902669999681555,3.8353069706150675,0.11140476957019153,0.7482379267467086,0.4356584679581405,3.261223776534588,-14.779401219074938,8.6,0
(주)바이오니아,-0.07870418323761912,0.1750312451848174,0.0720672569984309,-0.4272562842923903,0.585179563030093,-0.36621801062955783,-0.16937075370338578,0.4148204799478763,0.8572237048427791,1.5248710893194173,1.0832250792812461,0.3964148917877072,1.2190055864914955,1.1622269643489047,1.3418443493503687,0.4624861388226756,0.9008109779623563,0.5381274696244993,0.11766529754770777,0.17913189158859455,0.4600661720795797,0.17913189158859455,0.4518798241427453,7.321701769107299,1.921529604668725,0.5375138611773244,0.640369035458678,0.46187253037550074,0.061717868112216336,-5.88066247733151,4.92,0
(주)백금티앤에이,0.1471991969899251,0.24121427512379887,0.6938563334895963,0.031016745819956858,0.23536775583471117,0.08945185001964952,0.04244653419409019,0.7646322441652889,0.17899918889168676,4.995728744753867,4.257929647624477,1.3685037895490362,463.9025064697027,1.1074005620959242,1.6611780362918636,0.47451823729488135,1.0195811629056624,0.363711523743486,0.2532539843318553,0.290845032411209,0.24150966104846827,0.290845032411209,0.21252775084170675,-20.27776182355797,1.3169710183195928,0.5254817627051187,0.7289205938108456,0.6362884628396402,-0.010480828835596624,5.610503933534873,4.86,1
(주)블루베리엔에프티,-0.07033394026601493,-0.19699396424623428,-0.02633683026434842,-0.09518342471701331,0.09995343246532065,-0.06777478964041235,-0.06132051496350456,0.9000465675346794,0.2032387241500119,5.715938472610895,2.3111198475052093,0.6442352242085694,4.225174803802911,0.10525468933908011,6.112898824592297,0.9047687980862538,3.1415451077141943,0.4838454091205671,0.43171759522498865,0.024713800576295065,0.49443262893356865,0.024713800576295065,0.0383614550208047,-0.15825093040025862,3.416591157086116,0.09523115876626154,0.886652578849789,0.5161545477319481,-0.24240903307031683,-inf,0.0,0
(주)비덴트,0.7555244497616171,0.4235603841484373,-0.002596424204818518,2.748839958431304,0.2745702625037242,0.4702419839965935,0.40178052075995696,0.7254297374962758,0.5439336572304166,8.398524645681588,1.3819287380855552,0.1461636642495707,3.0506172499578064,0.17039517771330365,3.6562800633969017,0.8544122694983941,2.5893101429521823,0.7370722820978686,0.19101645472119885,0.09504441068628829,1.3929828214984494,0.09504441068628829,0.6502601804235176,6.500836119353479,0.7566069657508745,0.14558773050160595,0.4939376617326921,0.26292771790213143,0.10002716088898843,-7.296320862030911,4.07,0
(주)비비안,-0.09294596802800505,-0.07617287132477879,0.037000612288658974,-0.007743356092057785,0.5843204957193435,-0.01477304054317893,-0.011170618215339273,0.4156795042806565,0.5913525302308186,11.427951149937316,1.7689041367999043,1.4426068080217525,6.726135314427141,0.3224908647305557,2.6279964942743197,0.7561488904528199,1.0235110502707354,0.4447465281649344,0.3439695249025602,0.06622837147117491,0.16938769746678953,0.06622837147117491,0.04590881666640261,-4.082875344137704,3.190233161998618,0.24385110954718012,0.8664465268370097,0.5552534718350657,-0.011244236670688381,-53.19395324310072,0.0,0
(주)비엔지티,0.2227891371985923,0.25615595451548456,0.03230847352586843,-0.042238561452719176,0.07705015359624544,-0.09923720246545563,-0.06214199306740704,0.9229498464037545,0.08025121954047774,7.065378607205424,9.531555412353791,1.4712147130523676,5.209348162748134,0.596942704393315,1.468344572126791,0.6261965424613678,1.0734608513756692,0.47027652295848354,0.1689611007593266,0.1389252641538865,0.4100388592306943,0.1389252641538865,0.0944289524305087,-2.2462874484196242,2.596809,0.3738034575386322,0.9651124648704071,0.5297234770415165,-0.04203778661406143,-0.7506266441104311,4.37,0
(주)상보,-0.03632041283618294,-0.00045860842150968295,-0.15751775382402594,-0.055096802823348646,0.06464215987874035,-0.14731815319380234,-0.04335870134070039,0.9353578322958752,0.09922161839468685,3.857111164596057,4.215298150749734,0.7869549432789603,2.7398396621557777,2.3976606456964205,1.1087024402095107,0.29432015268111905,0.7751885294811034,0.4195024076596791,0.05691473431880822,0.4403381707976687,0.3548789582181569,0.4403381707976687,0.5595468642244456,37.28357103080334,1.1890471749770115,0.705679847318881,0.7419552365152314,0.580497592340321,0.01500786670252571,-1.1924714442887363,5.69,0
(주)서울리거,-0.11662379298053611,-0.0778353305490515,-0.22244718854670203,-0.09784498554494322,0.11467186697576667,-0.03824667572603819,-0.03680113595399868,0.8853281330242333,0.22006760281229146,2.367004769918895,9.284892337261764,0.376116729427026,5.20799922310199,0.03927975956629245,27.866024215949057,0.9622048257894635,26.199369305384618,0.4003755023020419,0.5781063760939884,0.0,14.71753369947511,0.0,0.0,-0.0,inf,0.037795174210536436,0.569335161259053,0.5996244976979581,-0.5291398929857543,-inf,0.0,0
(주)성안,0.14305662658915025,-0.007289817187067764,0.03776207858658434,-0.0429239056723109,0.06789047181268544,-0.08089574605792944,-0.02971570809576212,0.9321095232638913,0.0922616237604525,4.207251037449043,2.7022451602707473,0.6922880765468403,4.023077082449597,1.7223226785387058,0.9320144755480293,0.367333383321327,0.44338676342102445,0.5445154859521996,-0.03322518496009265,0.40463289311348444,0.12712774711726496,0.40463289311348444,0.5844862952599285,-34.95319824367546,1.2077853874880136,0.6326666166786731,0.7724600646151654,0.4554845106393732,-0.01672196893643881,-5.558627311162642,2.95,0
(주)세동,-0.10108784274286846,-0.1838742111639773,-0.04983985253819074,-0.06521518006365512,0.036855055352304454,-0.37347590704289646,-0.0679431920248831,0.9631449446476955,0.08487247996541301,8.255749658645811,13.919712401619977,1.041830935045571,2.0599285743594393,4.496884910943203,0.46793775017086303,0.1819212183266197,0.355498742899417,0.6999941550764768,-0.34111756265361487,0.33599831101624145,0.049000139393267646,0.33599831101624145,0.32250751989961257,-72.22137281332488,1.9081149712867083,0.8180787816733803,0.7836939692601732,0.3000058449235232,-0.004465541256508901,-2.4473940814122024,4.44,0
(주)세진티에스,-0.07853567005697996,-0.048060388201037335,-0.3004539403866042,-0.10764726733869293,0.03085415520782391,-0.05905871977947515,-0.05563683823513097,0.9691458447921761,0.13725506258170858,6.060824155707545,19.034444635636238,0.5168439442134614,1.9093343539612073,0.06150388219191587,11.589753464759244,0.9420596728625095,11.134380629474686,0.33024581159239885,0.61196571254018,0.0,9.515417561571125,0.0,0.0,-0.0,inf,0.05794032713749058,0.997379178241279,0.6697541884076011,-0.01817507528886797,-26117.505376344085,0.93,0
(주)센트럴인사이트,-0.1927100478919652,-0.3182024779200905,-0.44772608399511776,-0.12101456785833928,0.10424336659315858,-0.2420224840343295,-0.08963053389256578,0.8957566122979803,0.2521272349270594,8.964729957528043,5.916334566370704,0.7406590419550816,3.764599070163665,1.7002236126856716,0.4643305906960405,0.3703396990167748,0.1981197373941958,0.804405274263058,-0.2256454881995016,0.2633347831176316,0.06362699538971932,0.2633347831176316,0.3555411710394024,-92.41922545103375,1.5996375158453975,0.6296603009832251,0.668995961225761,0.19559471010247315,-0.0038470477252352422,-2.8866497785703573,11.12,0
(주)셀루메드,-0.06890858619725768,0.13077437972397057,1.201818077699676,-0.36487536805326576,0.40159029091392906,-0.22839311857991013,-0.12133007886692494,0.5984097090860709,0.448655664115602,1.313275366455099,1.3269955226715742,0.33252471799963423,3.2546717527725963,0.8824113584432113,1.1353504521683322,0.5312335136072587,0.765811670465675,0.5392948503939807,0.054922821580211535,0.13285477093690606,0.08813287278526333,0.13285477093690606,0.399533519601548,-3.0533645694738873,3.054330116744678,0.4687664863927413,0.8656385211075772,0.4607051496060193,-0.13085025076792253,-0.5589162602184516,12.61,0
(주)셀바스에이아이,0.06218073578299176,0.21291605091462917,0.3223928413660126,-0.09137074586114856,1.0,-0.07827298824049812,-0.04005598965163699,0.0,0.9880086155236681,2.927701036514612,0.0,0.43838965386698303,6.523725090370724,0.9540894862723558,1.161477036355789,0.511747290502858,0.9304502569421599,0.6612910811595333,0.04708979229863822,0.3673897386516013,0.36910217280739527,0.3673897386516013,0.8380438165246376,6.251820173539659,0.7937595851537196,0.4882527094971419,0.5972708822080496,0.3387089188404667,0.13404797215242892,1.0100430080858076,3.15,1
(주)셀트리온제약,0.06376374411149228,0.22848619425922978,0.29623815717986735,0.11566859553098442,0.42901149104267844,0.053520089531747146,0.03341652254534747,0.5709885015968172,0.36519205440036856,1.0905061313884679,1.189017167770027,0.28889883543538064,0.6816207536301129,0.6016055967259424,1.69849672021477,0.6243734425280697,1.1735751501064406,0.5510940911708655,0.1846098972522787,0.29211688936282065,0.04789499145399943,0.29211688936282065,1.011139033920266,-27.65223790646434,0.9047611459691733,0.3756265574719303,0.7036137523279515,0.4489059088291345,-0.036566264088299674,1.5835275639445159,3.87,1
(주)솔고바이오메디칼,0.3162607242692304,0.3345649292182811,-0.02155769398984273,-0.3671427651279904,0.2485842743392171,-0.18124461378457257,-0.13162140870114142,0.751415725660783,0.5097126369555893,2.8702098988920453,1.1391651603105788,0.35850198125314175,1.6510144008385623,0.37701469368182505,2.3484101506671613,0.7262086632686734,1.2028506017730065,0.5152236650955087,0.27834888698203664,0.2001911709067443,0.3226945315952995,0.2001911709067443,0.5584102219100077,6.167646149087535,1.031151685826711,0.27379133673132655,0.7539590763994164,0.4847763503501492,0.09053862825652231,-12.056607639455269,4.34,0
(주)시공테크,0.174261508304615,0.26313370904347355,1.1425346979141369,0.1081170291113625,0.1217555724190652,0.19603997096989115,0.14456765733220828,0.8782444218043974,0.035932996764925354,16.61542688333877,3087.7248319421597,1.3371404904522577,8.438463794234838,0.3560430775979334,2.1679732012928783,0.7374396997559836,2.166470580426562,0.4512704558314022,0.29562238221596804,0.0014895969435780516,0.6988702802014541,0.0014895969435780516,0.0011140167799976119,0.04244705563334928,169.91654221890363,0.2625603002440164,0.9639963151984473,0.5487295441685978,0.026244854051133873,22174.771641791045,13.74,1
(주)시너지이노베이션,0.777321814276576,-0.049413133050726046,0.9567740769314441,-0.3573708820518804,0.3746339410787946,-0.43013577123057456,-0.1152305284437459,0.6253660589212053,0.40915570211509805,3.7758022185982885,2.7149537046734573,0.3224396117057394,5.332666081593396,2.732828244735174,0.7427167462719867,0.26789338657904016,0.5270769460301252,0.7441917727971972,-0.08861409595984811,0.1800880083496721,0.21848566248758697,0.1800880083496721,0.558517011594784,-92.54010474958454,1.9125222513089006,0.7321066134209598,0.4704537793385685,0.25580822720280283,-0.006035405007441289,-0.2790709493799553,13.9,0
(주)시티랩스,0.21301360544852196,0.4179924966987448,0.31523842044836903,-0.1895134027281337,0.10633708838554536,-0.3073537046767138,-0.17119079732551906,0.8936629318819433,0.1713397280232729,4.416945925559489,11.747006331009157,0.9033176274667005,29.40905682599817,0.7953868401715611,1.5908996816182344,0.5569830287407271,1.4219846321734337,0.3527657709469241,0.24039887888522565,0.1753748664135369,0.9637481746487113,0.1753748664135369,0.19414529405937206,1.0038244077590992,2.3198041913744114,0.4430169712592728,0.9183290405589283,0.6472342290530759,0.1934056320594703,-129.40756132989026,0.57,0
(주)쌍방울,1.7940997946541606,2.616671953128523,-0.036296606425937204,1.3077702151015136,0.22421459169501545,0.4748878101595915,0.229791526908653,0.7757854083049845,0.42129455658051096,6.345192053438521,1.7051415488512915,0.1757124640515045,10.65567009347411,1.0666027879625406,2.034953761382343,0.4838859241963464,1.8478141038563212,0.13069444668057978,0.4421186708376771,0.04020093844689191,0.06794821374465616,0.04020093844689191,0.22878820044950418,-0.9805259924780039,10.62629130029104,0.5161140758036536,0.8276985699654872,0.8693055533194202,-0.23333211174882404,-21.130734326256395,4.55,0
(주)쎌마테라퓨틱스,0.3208888024690652,0.029532836958681065,-0.042884551496437384,-0.10975560871110542,0.009427135848959406,-0.9867628432773143,-0.42186684496272736,0.9905728641510406,0.0970658521967491,28.122552615984514,78.400347100463,3.8436928182244374,77.33628473795105,1.3390386209764753,0.8296314202655567,0.42752607461544667,0.7423518096988988,0.5383747460455908,-0.0947968304111318,0.037523454323767025,0.03799184945562747,0.037523454323767025,0.009762344728968399,-0.2361836215015755,14.828646153846154,0.5724739253845533,0.9719604718474804,0.46162519622601794,-0.041333707506484636,-11.693140852098184,7.47,0
(주)씨씨에스충북방송,-0.062144783980542094,0.2857696181725278,0.016801464031240804,-0.33463425230226723,0.19533615587170156,-0.22862598188258773,-0.16758679951833128,0.8046638441282985,0.24826418311889126,5.952156998889898,inf,0.5008058749674976,0.7913792851219628,0.36422428580110056,1.7929484932373865,0.7330172981144222,1.7929484932373865,0.7856572582903946,0.09479511247314948,0.03900032022988331,0.20169591953476007,0.03900032022988331,0.07787512523173663,2.0576162323192277,3.0652986573390923,0.2669827018855778,0.44777293956554204,0.21434274170960543,0.037847254511576355,-2.139765909501488,6.84,0
(주)씨에스,-0.086896472472096,1.7987538152033373,-0.10666363300200525,0.023091203518522434,0.17641593360269606,0.05293708237956911,0.019943358846136558,0.823584066397304,0.13340892678105398,7.334547663649799,11.217920934686022,0.863677756342979,102.46307221921384,1.6543713991625304,1.5093741246513872,0.37673702345623855,1.4046501612740063,0.08610087235987633,0.3084169528007991,0.0,0.19065138462641515,0.0,0.0,-0.0,inf,0.6232629566116245,0.9714714606673157,0.9138991276401237,-0.018484700392671135,2.162088096956309,7.21,1
(주)씨엔플러스,0.28120384973301765,0.9684212919869042,0.16340965336802463,-0.021686542773968705,0.22365909282732233,-0.050614184067375556,-0.014059666120457677,0.7763409071726777,0.2347026764157253,1.7782541504872051,7.127775062120657,0.6483129315260938,1.7201191098966055,2.5999563313760925,0.6124767512585972,0.27778114731123627,0.5104943115615491,0.5759205588504699,-0.26832145241329,0.039515676169522555,0.026973392051371867,0.039515676169522555,0.060951547081599576,-1.633165012403491,17.522183172680485,0.7222188526887637,0.958713433548495,0.4240794636214094,-0.03732111980031865,-0.27519570337906296,7.48,0
(주)알톤스포츠,-0.2780354243025584,-0.213689385995536,-0.17340180738873226,-0.490624843053039,0.17766748148273293,-0.7012987876089445,-0.3604803534731383,0.8223324955002975,0.4814800629541737,2.6389742319473997,1.973104983241665,0.7347372612237831,4.782979209672744,0.945456335836629,1.3935399787322968,0.5140182185430326,0.7627717517582642,0.3234826367522947,0.19105058542111358,0.3923579671127574,0.29122829519984333,0.3923579671127574,0.5340112552060358,7.693282559338293,1.2373057730903074,0.4859817814569673,0.9989402820228535,0.6765173632477053,0.0694126663211973,-19.805039071408853,4.19,0
(주)에스엠라이프디자인그룹,0.05330204338250473,0.06023420716097722,1.9266853551427503,0.022627202859197778,0.2046821635231132,0.018049613390695145,0.016407705918842382,0.7953178364768868,0.18668384355180517,14.208960678606667,107.18762351378494,0.7251318698534044,2.759362946063534,0.10006931336101202,9.293804547530218,0.9090336487373635,9.205845664372978,0.43150238922529227,0.5073281050941015,0.0,6.422940827394891,0.0,0.0,0.0,inf,0.09096637305120335,0.6724410946311089,0.5684976325632746,0.03351127198532325,292.4755859375,0.0,1
(주)에스티큐브,-0.3511336220803895,-0.4293780495797023,-0.4456969276563082,-1.944694475463577,-0.024251695598771168,-0.8604926191330396,-0.6218879345955113,1.0242516955987713,1.642111648075674,2.5498367310650982,13.806504702319216,0.3197869600813595,95.38696039414198,0.38367794463277666,6.808308691266545,0.7227115268252661,6.507393099454231,0.4632423479127135,0.4579190335070479,0.01889831230133858,3.747312384700057,0.01889831230133858,0.059096569467781024,-0.03608653117136519,4.171728,0.27728847317473393,0.284319855339094,0.5367576520872864,-1.6376350829384894,-34.75680719460996,17.75,0
(주)에프알텍,0.15087326477395815,0.11038681426135921,0.05847242828840015,-0.11744604899148556,0.1746129766373111,-0.07905934628272385,-0.0448166338296659,0.8253870233626889,0.4253819146267332,9.058402257817436,3.725872309231423,0.3815933717184046,0.8561153456273948,0.7640625706786426,1.3753567094949282,0.5668733165260094,0.9150510708915117,0.7474197067075569,0.06893317720341184,0.2372891318587144,0.6463151348651215,0.2372891318587144,0.6218376665982056,3.397107573083115,0.7739381683876596,0.4331266834739906,0.42400323761179526,0.25258029329244314,0.18304915379345613,-18.886143993978894,2.33,0
(주)엑세스바이오인코퍼레이션,-0.1530069968433507,-0.34322140366512177,-0.09299946733859657,-0.31249913031685245,0.31033179506606434,-0.170229319130052,-0.09860868276369175,0.6896682049339357,0.5430110158055282,4.42672680595135,1.6678948787070844,0.3155486630113479,2.9908281856620946,0.7263116630205237,2.2356332413405706,0.5792696773248361,1.5289202368338959,0.5872421427030811,0.22813103673246282,0.2109487786296003,0.6484790799316139,0.2109487786296003,0.668514252655902,-1.3384477760212765,0.8752210928352315,0.4207303226751639,0.4388246119046717,0.41275785729691894,-0.4994698072144095,-4.600753612879197,7.14,0
(주)엔에스엔,-0.2839055830187522,-0.20141881258958805,-0.7212042964926183,-2.5072026131076917,0.021732712515160103,-0.6423471005793525,-0.40294699631732944,0.9782670964011488,1.6872942148074956,1.2160042549503416,2.3870059605514444,0.16071576912480737,0.6184405653203311,0.5941230644476383,0.8264252574246822,0.6273041412561826,0.6458416828942839,0.6985690999075593,-0.06330976748076952,0.3164485687237081,0.09668791580813534,0.3164485687237081,1.9689951424614904,18.250984781931024,1.1526064694944664,0.3726958587438174,0.978655005189968,0.30143090009244067,0.10788432328379616,-11.866164596717214,6.53,0
(주)엔케이,-0.04407847913043468,-0.09352904607080119,-0.2599846027006024,-0.055215416502835964,0.12045967347641634,-0.043512529548891,-0.027871557689150277,0.8795403347337627,0.1997151675414708,3.411226433695069,4.611577670221588,0.5047785465444916,1.2837723417583038,0.5611803988203135,0.851935797167777,0.640540965512786,0.5491108298967893,0.7291540683586976,-0.047072310470476435,0.19182596919938869,0.13910347717760496,0.19182596919938869,0.38002005139194434,-13.621987497064382,1.6573263739749673,0.3594590344872139,0.8844352414760772,0.27084592749698017,-0.02789754809816415,-4.022153399237846,5.47,0
(주)엔케이맥스,-0.19948204717669513,-0.41358240235270916,-0.29760164890183016,-3.44371535028372,0.6924416901245138,-0.416315229903198,-0.3077427848840276,0.3075583098754862,4.001313984534903,1.7414553182774049,0.35752678660615533,0.08936359529793117,1.618490920759181,0.35280256874287325,2.4005083745013023,0.7392061658555807,2.08964172923951,0.40637988035388284,0.34633078462372224,0.22592969300634252,1.0434670599257423,0.22592969300634252,2.5282072890320806,-0.5929251592593301,1.09454110140119,0.26079383414441926,0.9482177208432543,0.5936201196461172,-4.263956841012219,-inf,0.0,0
(주)엘에스네트웍스,0.009645312186234658,0.06981882763939093,-0.08970440606858815,0.04646616863573501,0.3193861658433755,0.033075161388906704,0.016176743513833355,0.6806138341566246,0.3131338720993322,3.8747335453827256,2.152601727877086,0.3481402488905135,10.5643107238896,1.0446118441961365,0.5044989673395024,0.4890903879084012,0.23432488620925374,0.7944545243581655,-0.20187949239286263,0.04655786350740214,0.09654652805512401,0.04655786350740214,0.133733067796031,4.161506800298889,8.750937808173294,0.5109096120915988,0.7974501915647099,0.20554547564183442,0.032135732131069926,0.15093644191603295,4.1,0
(주)엠피대산,-0.10386803310652784,0.35839506999894405,-0.039977433611820046,-0.07667789710724893,0.49605513911430144,-0.23655558867412804,-0.1082794237932497,0.5039448608856986,0.49878630656839223,11.601435553562863,11.042374291834127,1.4121334553789326,17.274942776068222,1.1846772026217163,0.9547458926466128,0.45773352639921017,0.8272270728069526,0.5174860447712288,-0.022870732932822872,0.0967845479900961,0.5707737708717197,0.0967845479900961,0.06853781958173696,27.64574658685296,5.221749738535843,0.5422664736007898,0.9319858644509383,0.48251395522877116,0.0024791451866353425,-0.08914678238157372,15.75,0
(주)영풍,0.16175388281219116,0.3343456463728447,0.4034431474142681,0.07310116905842004,0.07643333581479905,0.07848116545837612,0.05668319261149079,0.923566664185201,0.03363297498389413,9.095047868148034,6.226164378604634,0.7754074707914925,10.888917229109662,0.3845579587637139,1.8583000130199538,0.7222521770723923,1.1570821198872974,0.6951820852508169,0.14078739620346212,0.05548743735322187,0.4369521090883705,0.05548743735322187,0.07155906983535174,-7.362667224859745,2.9561739804549934,0.27774782292760763,0.5905735527168253,0.30481791474918307,-0.009719177527640453,104.66440586054517,2.19,1
(주)오킨스전자,-0.01082019202127397,0.08369585190173719,0.5672579838704277,-0.026255073710350223,0.16182789511612738,-0.04326459187656185,-0.018145448940549903,0.8381721048838726,0.159930929251823,5.321922746716054,4.734828473297555,0.6911216148441678,1.5152584449256146,1.3843219320894193,0.9635379312452674,0.4194064511765339,0.6883305572226806,0.5716565031216927,-0.01620931519907524,0.308908741061157,0.07317552751868532,0.308908741061157,0.4469672694737075,-9.640849632866221,1.4391072604493604,0.5805935488234661,0.7656867923838269,0.4283434968783073,-0.046361813169450324,0.06913879390174833,3.95,0
(주)와이지플러스,0.10522708406209401,-0.3292627978209915,0.029837982824902066,-0.13778700093600105,0.3213068824195679,-0.08750119472452418,-0.0734250546492794,0.678693117580432,0.41908652782938494,11.590550943063043,7.735912305447295,0.5328881110010056,44.100138393900444,0.19170757855065074,4.071467137855225,0.8391320242019551,3.5676483596883037,0.6221891260343836,0.2850160997052892,0.012637178424151949,1.0417396855979761,0.012637178424151949,0.023714506222354246,0.8356255643858145,7.342997870709777,0.16086796844406284,0.5768381061677543,0.37781087396561647,0.028379345047664293,-157.4594426418952,0.0,0
(주)웨이브일렉트로닉스,-0.008779362441975382,-0.2355854919633926,0.23726368090324723,0.01850130967637694,0.36071975239417386,0.02308270929020748,0.011598379177902858,0.6392802476058261,0.32248412214660604,5.13953566372026,4.7782145319144735,0.6268950350424131,1.9328296636008053,0.9901667874938294,0.6265367661158413,0.5024704436590254,0.4071541204864533,0.7604673145240728,-0.1427795652936641,0.367923658263831,0.08711534512875455,0.367923658263831,0.5868983445353636,-122.83513868342496,1.0391075182311984,0.4975295450084563,0.768421178747435,0.23953267414340895,-0.00477793529462232,22.023406913785923,0.35,1
(주)위닉스,-0.021087327650216085,-0.059598369576237126,0.2231997310846783,0.04341412961757728,0.24026559566323555,0.11607478594622063,0.056313304868550136,0.7597344043367644,0.1739879900909684,7.962494234534803,4.295199706194426,1.2971192873057236,5.469262013312719,1.0612319986754337,0.9217382403185513,0.48514674749984915,0.4505114351927441,0.551217433670035,-0.03810465034324845,0.33945484525899033,0.08395966352023122,0.33945484525899033,0.26169901918895977,-88.35681708700449,1.434321010506532,0.5148532525001509,0.9456815399511744,0.44878256632996505,-0.0029618429886543573,6.57548563361631,4.03,1
(주)유씨아이,-0.3917652360005177,-0.5213876785809143,-0.16380568654420147,-0.6703258337897102,0.4131438623083894,-3.4250813185909363,-0.7142136719408354,0.5868561892839168,0.4202527145936835,7.919113462268379,15.01602342392768,1.0654723955706789,4.019242154200583,3.795597526554583,0.385086459556306,0.20852458832558748,0.3305810670181992,0.7058033995976842,-0.4697789352298485,0.12287209066209491,0.04973211615109252,0.12287209066209491,0.11532170253578765,5.335387685345198,6.217649479923946,0.7914754116744125,0.9652549900269262,0.29419665537249384,0.021614493517039778,-0.2336187939444598,7.31,0
(주)이노와이어리스,0.04334107898959826,0.0855549497813088,0.15106587370658422,-0.0035138397616348554,0.3421869883002164,-0.003224854487267756,-0.0024859067274474755,0.6578130116997837,0.3320481328865275,4.402107856119284,7.341932126275635,0.7074616078369146,2.5915772454114276,0.2972548060864659,2.1732836687282937,0.7708585727704103,1.8723644118528546,0.542215147794774,0.24714283042335275,0.09328505272144683,0.8784862403756698,0.09328505272144683,0.13185881988235193,-1.8030180267996092,2.25804675,0.22914141556895812,0.9192664259239979,0.4577848405445944,-0.07313228038901187,5.173932425498987,2.38,1
(주)이브이첨단소재,0.05188793355951765,0.29925702416955535,0.4310056591875009,0.013416303999583464,0.18077232646042304,0.03491308806365977,0.015836709492957117,0.8192276735395769,0.12655737517413998,5.438724878948216,10.859618891100913,1.1804077705341798,2.4367316646701513,1.2045670884124042,0.8393212906171649,0.45360380222112706,0.671187394614716,0.5554761779922884,-0.08509913544034178,0.27560156405760317,0.2660683956251862,0.27560156405760317,0.23347996424395184,4.150385684665556,1.9216979875077325,0.546396211334299,0.9693020559387493,0.4445238355631377,0.056255004229267415,3.5516611259440483,6.59,1
(주)이스타코,-0.2486501391129208,-0.44538396719979473,2.9265331640957584,-0.055350478033208285,0.13797891132315787,-0.075875028819537,-0.03383475374578504,0.8620210886768421,0.137508677909321,25.47508431469986,2.0326260446692737,0.6112820511773251,1.4318224542681282,1.2425175678961833,0.8699130685619871,0.4459273923474669,0.2963525815266502,0.6068134439058136,-0.05879717688288549,0.3604849964609382,0.12553287311811373,0.3604849964609382,0.5897195832376338,8.76936158985141,1.2538212059154268,0.5540726189978616,0.8157481844068822,0.3931865560941864,0.06724772119330823,0.009876131266476624,6.44,0
(주)이스트소프트,-0.06484270188707146,-0.0879609004818987,0.15891443301904812,-0.05018391390798083,1.0,-0.11715289263978611,-0.03819129998931586,0.0,1.0146800653611578,5.580085589851418,0.0,0.7610267317799267,2.0009269493100175,2.0675282766640573,0.9829464519982224,0.3259953649351529,0.9608252398068345,0.61362763318009,-0.006703335355378726,0.039012194587833046,0.6024460930658312,0.039012194587833046,0.05126258114033577,-0.3837327991772769,10.075713666666667,0.6740046350648471,0.5831943605810223,0.38637236681991005,-0.13358926120009224,-0.6639701614579832,4.36,0
(주)이아이디,1.5804097724907407,4.710223358808104,1.3406738981226245,0.008406747369813868,0.0109335297927772,0.010268673245697208,0.0071051723158411535,0.9890664702072228,0.06425786973010983,47.85142373980937,5.037328187151502,0.8451749533182972,5.172831641137053,0.4452391566637945,1.9997702873452936,0.6919270041841453,1.4524806472704048,0.39363413860990093,0.3031480992095261,0.5223653794886091,0.7500603103076402,0.5223653794886091,0.6180559154500684,20.8380506656555,0.5804706132347003,0.3080729958158547,0.9842399570313948,0.6063658513738559,0.029659967977173855,-2.2218479801296707,10.89,0
(주)인디에프,-0.1104040599704328,-0.12409808817099999,-0.008973853175015117,0.003799210569613632,0.5234196776175302,0.01148753058196532,0.005377477532357084,0.47658032735562306,0.5152774670385869,8.728670513371084,1.4642744012171414,1.4154197125493777,25.081440975318912,1.1362303259926492,1.3915852143019776,0.46811431699684664,0.47520994075971446,0.3004233300128026,0.19685742376546556,0.16740635397233328,0.15329253332518974,0.16740635397233328,0.11827329553776665,-14.637015796933671,3.002987845400508,0.5318856830031533,0.9451640874844744,0.6995766699871975,-0.008080424123238556,1.68259821301943,3.96,1
(주)인스코비,0.04520410928578943,0.39069437600905693,0.337380267069188,-0.007498714302929255,0.5188480436694971,-0.010585712573232549,-0.007871482745837311,0.48115195633050284,0.5228811711265373,9.195758075659517,7.809422907340407,1.0497109808227312,304.38772414640135,0.34481808457855756,1.5293032687381245,0.7435949815736972,1.2677688494137376,0.6218206222746114,0.13089069622866215,0.0,0.703544790515253,0.0,0.0,-0.0,inf,0.2564049972484701,0.9644455567270314,0.37817935654755586,-0.018000041439281054,-1.0340835613674806,6.29,0
(주)잉크테크,-0.09553965989369181,-0.19511012018484872,-0.220353989906013,-0.38251744062629145,0.23874272409293823,-0.5078968627404884,-0.20108760060031794,0.7612572759070617,0.3587781293137658,3.8302451083610825,3.037872009810998,0.5256952474404292,0.9373093705436544,1.5257492815282285,1.0125179765449963,0.39592211598886035,0.557466455104289,0.7068848900442957,0.00362384486636958,0.25986157901794554,0.05522936169068588,0.25986157901794554,0.49431981796143704,-80.22526291472633,1.1140210345190855,0.6040778840111396,0.47922837890883013,0.29311510995570433,-0.006161647840118185,-2.600859348936364,5.13,0
(주)제넨바이오,-0.2007390058710578,-0.7887452874014469,-0.5233070056168276,-0.7302756483124949,0.5368907205492525,-0.984120869202837,-0.30349454727428743,0.4631092794507475,0.42982564299419623,8.811213049778328,inf,0.41558902857516344,0.6087170509565011,2.2426311379934742,0.10855076318261347,0.30839153682425796,0.10855076318261347,0.9359040669465697,-0.5263737345398097,0.545385840222473,0.0204212415178842,0.545385840222473,1.312320111270297,529.5438996123567,1.0826640958488698,0.6916084631757421,0.8537629295077004,0.0640959330534303,0.002478208345391115,1.2299149971472307,6.66,1
(주)제로투세븐,-0.26232322776089767,-0.18882948113613707,-0.19779795438960018,-0.10770614383115372,0.461864296298341,-0.7113629349574091,-0.2149547268560757,0.5381357091268757,0.4756631559763802,9.753438147111455,2.1929800009294427,1.99575176689132,168.12369819457442,2.3093616751852437,2.371736492308732,0.3021730769103756,1.040649740896383,0.1273828626540584,0.5046938287592844,0.00708760677169397,0.4584681582164897,0.00708760677169397,0.0035513468605035837,0.39767832647045603,51.910795905896734,0.6978269230896245,0.527241492715241,0.8726171373459416,0.008930199671737497,-3.1634335421587245,2.68,0
(주)젬백스&카엘,-0.15740329497625657,0.3702616024365248,-0.5612908092555182,-0.2606995891994067,0.3393794996066447,-0.18878183580737087,-0.07809175235776987,0.6606205003933553,0.3689280375415329,8.437864566369585,7.189637433377298,0.2995468945600762,4.651220015968038,1.417436286260872,0.8121772260950588,0.41366136749222576,0.764677622723581,0.5293796499440613,-0.10883489066618461,0.4198385775385216,0.11156019812454447,0.4198385775385216,1.4015788017268864,9.86273366503569,1.3801857945485163,0.5863386325077743,0.9882603816224583,0.4706203500559387,0.14210855218524393,-0.30794311096018484,12.66,0
(주)중앙디앤엠,0.24906661674388453,0.15418168407019234,-0.599205122311107,0.04593696956755423,0.33707267390917306,0.025323890519734812,0.013572297800273856,0.6629273260908269,0.41519411469261364,0.8511750508810056,1.6084308569704182,0.29545479225212357,0.8241279056375519,0.8658513755293401,1.3225222987761125,0.535948368189991,1.0205931796411127,0.46660054593576133,0.13007963514106685,0.4016276996563035,0.2584195942378777,0.4016276996563035,1.359354155655659,-2.446308815977233,1.0042131537947119,0.46405163181000897,0.8691270351750389,0.5333994540642387,-0.555675614941785,-1.816154540906167,4.66,0
(주)지어소프트,-0.059919788244988385,-0.15627234156468262,0.26225024651000345,-0.013906109180507482,0.1762002368243394,-0.1862147392361879,-0.05188188169787957,0.8237997631756606,0.16727341880198449,9.951577594207093,28.10711503417398,3.730869722395364,136.52378111670217,2.589205578944885,0.9363074605589097,0.27861318556569525,0.771005818605312,0.38062072285899484,-0.042133421269040745,0.07387427533345847,0.21962825393170288,0.07387427533345847,0.019800818798365413,5.585155425285808,8.954573947278071,0.7213868144343047,0.9170013202885856,0.6193792400059935,0.0035452583304523082,4.505211708385451,7.0,1
(주)지엔코,0.22352814383529446,0.874404936334164,0.17536007780667368,-0.09489111534437104,0.6163664977676833,-0.06636102348774998,-0.04692022166294509,0.3836335022323167,0.5468627469756583,11.319883414481302,1.203999623669224,0.49446380193410183,5.997262386866896,0.4143373823861987,1.870770144138774,0.707044876599988,1.3025464158021638,0.48128865813126964,0.24143978956505394,0.21604053600934275,0.8385021648567486,0.21604053600934275,0.43691881016223494,-39.74437521919681,1.2834237380881415,0.29295512340001195,0.9464642539297031,0.5187113418687304,-0.010993223764433466,7.320631819161592,3.62,1
(주)진매트릭스,-0.08226094246262343,-0.11603668517486342,0.021515322839097392,-0.33425679632726896,0.3578565560573064,-0.1452067198269688,-0.09775496651530025,0.6421434439426936,0.6974554470537927,1.9504479988333012,3.538841168899028,0.29245468630528276,0.9092910363612118,0.4854152684328482,2.204951444468124,0.6732124149060525,2.017585573366779,0.37549184976540956,0.34127826242849696,0.23107083239660411,1.5226964253983148,0.23107083239660411,0.7901081542437576,-129.54595721823753,1.2257275609756098,0.3267875850939475,0.8667094489671886,0.6245081502345904,-0.006099056822844069,-18.735809137012662,2.35,0
(주)초록뱀컴퍼니,0.08771884769378746,0.036969196559079404,0.8283407903329314,0.09653759773780199,0.20056058367324342,0.03740587982569642,0.026505783670564012,0.7994394163267566,0.15700549927185808,3.2448809020053235,445.3220108929093,0.27456435929299006,4.87946776335513,0.411234618596209,1.0913732780125975,0.7085993911672557,1.0873207934497968,0.8672559799170185,0.011113755940258695,0.21031073714499132,0.1294961123538882,0.21031073714499132,0.7659797421870289,-85.93527066867829,0.5783359698790325,0.2914006003641723,0.417398811089331,0.1327440200829815,-0.008913450044746451,0.6991076268815953,7.7,0
(주)초록뱀헬스케어,0.27376358166583276,0.6314759877896728,2.283254677172039,-0.07873742551143866,0.10606988381637722,-0.15520806324965009,-0.07903511609446724,0.8939301432983499,0.23064868703577385,2.3875723944957103,8.238381132537526,1.0037808015831726,59.95738478871225,0.9637861107730472,1.525459359606271,0.5092204260505482,1.2916311871085697,0.28943422565516325,0.24476131362931994,0.23833265539718598,0.09195220492318858,0.23833265539718598,0.23743496092103522,9.611443931737258,1.9544298700454819,0.4907795739494519,0.9491113433410588,0.7105657743448367,0.024703360141031288,-11.375388401555835,10.99,0
(주)케이엠더블유,0.024265970665566895,0.16205240210447908,-0.032395538861763176,-0.042643675912518185,0.30002548341483254,-0.16933031402491605,-0.040718122220317884,0.6999745165851674,0.31498272377625186,4.344416816500382,2.673669595567492,0.9548455040285341,4.984438122602936,3.158598304428246,0.8795619065039857,0.24046563933216605,0.5007214171450093,0.4196130717690404,-0.0794721720088819,0.24839765742727613,0.1628120883499186,0.24839765742727613,0.2601443441680102,-12.907734806495272,2.6564626537713214,0.759534360667834,0.8687679378450355,0.5803869282309596,-0.02015414385776686,-0.5446639095348059,6.86,0
(주)케이피엠테크,0.4624727822502684,0.10697797507118502,0.32506880968574636,-0.193046450178912,0.04501373838373633,-0.07327856693166264,-0.04603463452265684,0.9549862960508921,0.2437415579203881,3.4197242156181256,15.288038442096234,0.23846403018544376,2.54258635638578,0.5918138091353192,2.5054475114474966,0.6282141757164456,2.3613991971168944,0.74091314376755,0.15567744332370967,0.15723928009755692,0.8159249731902474,0.15723928009755692,0.6593836394330765,-12.186312837251748,0.6576563619763544,0.3717858242835544,0.2781424308148763,0.2590868562324499,-0.05410854359634021,-0.9836694350443687,17.68,0
(주)켐트로닉스,-0.025439288892148793,0.020884369852303023,0.18955245219349923,-0.05513824908922113,0.046856698311351044,-0.21485824440452483,-0.07315572305397441,0.9531433016886489,0.08202063864431049,7.101503106406323,7.414212215785893,1.3267690625358557,4.132944786725823,1.9369984388781458,0.7965468501158967,0.3404836675303011,0.48455167345514494,0.5645362900465674,-0.11122567798410445,0.4045288370341954,0.1419892540877011,0.4045288370341954,0.30489770108222064,25.358143359950912,1.3514225387381338,0.6595163324696989,0.828924715010988,0.4354637099534327,0.012023660279630616,-3.623372230856731,3.26,0
(주)코디,-0.508712422068524,-0.7189120865762668,0.5164838018310925,-1.5658893187556955,-0.07029072433535351,-0.840377474263208,-0.45185320238952936,1.0702907243353534,0.6668767893450435,10.94580852565882,11.887011912071273,0.2885601153142714,0.4478754366317191,0.8598461846595385,0.523082303982363,0.5376788600690265,0.4635074139381736,0.7718753869708077,-0.20799148436584408,0.4149515249911468,0.18900158117113702,0.4149515249911468,1.4380072053243471,-3.182906538836167,1.0510049273932445,0.46232111640244244,0.9433185764662433,0.22812461302919224,-0.4517905844166433,-3.212647376652063,11.88,0
(주)코미팜,-0.00383612821692874,0.02462840475939167,-0.026445409362360794,-0.1418128185344455,0.31647447468281004,-0.0484245823831743,-0.034810912122201734,0.68352552531719,0.3205656780660752,2.555621032937828,2.1035405867986676,0.2454708430588478,0.5776974788045197,0.3910747932482362,1.4854346436665204,0.7188686078229806,1.1556849511651157,0.6406869842752373,0.11742218565097609,0.13048556884286863,0.7667087484586296,0.13048556884286863,0.5315725778950731,5.491167278162794,1.853774524796175,0.2811313921770195,0.860419113999679,0.35931300902542346,0.09680502358925111,-0.11111498195855657,3.29,0
(주)코아스,0.027825517306679086,-0.048353255833334934,0.1745535247422336,-0.004882621641774656,0.3222557636064297,-0.02353574909490078,-0.0070437041949538695,0.6777442363935703,0.31647614676313274,4.056239135872422,3.8331792448975786,1.442607007409597,3.301672464290472,2.341388102217641,0.7778622462781558,0.29927682210378204,0.36052594119316245,0.5245867761748894,-0.13576597777416857,0.2534671661117675,0.029131244784478788,0.2534671661117675,0.17570077284381372,-2.6498853590230667,2.41127568363967,0.7007231905433007,0.872212055337413,0.4754132364721934,-0.0663050468374184,0.4429965938328821,7.52,0
(주)코아시아옵틱스,-0.0218699539903538,-0.26982080882990134,-0.641484264251414,-1.321734044891459,0.32826851285026304,-0.41082487567687276,-0.2752450581071468,0.671731487149737,0.3854980541487976,1.3090502087435623,12.632611421873534,0.2082454175792604,3.202940944126068,0.49257857162669844,1.0482745299752507,0.6699814797087313,1.0109298578584025,0.6891693390509778,0.014314192440760631,0.31782023227757555,0.2580675550975053,0.31782023227757555,1.5261811566951278,5.0292564325806275,0.9329690930953075,0.3300185202912687,0.8984842838930654,0.3108306463161103,0.3034605964428839,-0.381962858501565,12.31,0
(주)큐로컴,0.06555592302254046,-0.6585707615640906,-0.33192315732925887,-2.1411059927163003,0.18242551994439463,-0.3592252980952602,-0.2307120399248987,0.8175745588971767,0.5945471277069465,6.707735624445701,16.3196127927582,0.10775367530133684,742.0819096653405,0.5570288321848964,0.4651915060782435,0.6422488648439173,0.44825212227147904,0.8517534954012836,-0.17043193785285718,0.2854477610038328,0.08084984003738366,0.2854477610038328,2.6490767967363373,-3.0073459795811948,1.1164159821428572,0.35775113515608264,0.8907824773568862,0.14824650459871636,-0.880868651203627,-2.088286971008066,8.45,0
(주)큐로홀딩스,-0.3991651755136053,0.1292477172599428,0.05243008263545317,-2.5832549676424903,-0.006992225159768988,-1.342751862211259,-0.723137585375,1.006992225159769,0.4394187954981694,6.979695124639312,5.234191524633231,0.27993271838549644,29.039508516624814,0.8568414771511891,1.0961679936390067,0.5385489350088324,0.8437760435620059,0.7660989986264829,0.020520385691587192,0.3839310762821773,0.1422237746562805,0.3839310762821773,1.371511977937014,-139.19032545845036,0.5557784427043928,0.46145106499116767,0.46241222931409665,0.23390100137351713,-0.009853500761778327,-7.73531860831419,5.92,0
(주)텔콘알에프제약,0.7699749889441069,0.35398939422854125,0.3999327552528131,-0.4749678163691962,0.12358971447114594,-0.14684217290621032,-0.09464441673003454,0.876410285528854,0.4127900326951888,4.0494685637057595,10.611277009345145,0.19926490483824003,41.743201571627566,0.5515143732679512,0.7408906807718167,0.6445315733000283,0.6914275783031388,0.7534850335150723,-0.0862128861480185,0.08166483334501594,0.45072979738039554,0.08166483334501594,0.4098304887722708,4.739738235230606,4.074310008779585,0.35546842669997164,0.9360264453071937,0.24651496171489673,0.08646690353614667,-3.9792640184029984,7.92,0
(주)티에스넥스젠,-0.19769993005723482,-0.47787013703840303,0.13972017591051017,-0.3548048589368067,0.04573574348217038,-0.48058261102736444,-0.19792429763686162,0.9542642565178296,0.31699327150253037,1.5319045114613628,11.237830771790623,0.5578398735292217,2.1623989261139656,1.4281132572672082,1.0073063419495056,0.4118424035646012,0.8904541217092462,0.5916616346464899,0.002961819661137841,0.21354991223664138,0.10854623098637602,0.21354991223664138,0.38281579064185495,-1.5563392922003527,1.8982754029098439,0.5881575964353988,0.6892311655059911,0.40833836535351004,-0.2459719371992658,-4.331404758827962,10.0,0
(주)파인디지털,-0.046738442309199275,-0.03545350596863049,-0.025207389193235473,-0.05983215589365984,0.3473805685931372,-0.05070903083942765,-0.04466995914104475,0.6526194314068628,0.39577004202178784,6.935001156056711,4.555193322126679,0.746587825122615,19.486052672987807,0.135193121207132,10.624524869886521,0.8809073729390356,8.988282652287218,0.3054619964035306,0.6291667976270595,0.0,6.6095757512035025,0.0,0.0,0.0,inf,0.11909261724200329,0.5489106502426736,0.6945380035964694,0.011090070011938399,-inf,0.0,0
(주)플레이그램,-0.1438864105979631,-0.13823357454583102,0.5358562972949857,-0.2762493486947724,0.05504451221770858,-0.16168107974124815,-0.1225869194697149,0.9449554877822914,0.15268829157181235,9.634774717511945,inf,0.44375460086662877,7078.887405541562,0.31890972087924513,2.6886280597053127,0.758202008954301,2.688628193014188,0.3630739457758557,0.4000297487180734,0.17369209066221847,0.8730820852067674,0.17369209066221847,0.3914147376117502,-6.2891607458029855,1.3638865454545455,0.24179799104569902,0.9797281792192319,0.6369260542241443,-0.06223640218974484,-4.17429949192248,6.51,0
(주)피에이치씨,-0.05979048100660653,-0.21906463238102858,-0.17109136905079206,-1.2014539497877346,-0.020783908029081276,-1.252965318504588,-0.4512474840088226,1.0207839080290813,0.8984095368988909,0.5504538598041261,3.82565476877398,0.3755845025009457,1.4898255214387814,1.776669927050697,0.7642650660750869,0.3601436347395359,0.6044982532510215,0.5206053737190585,-0.14786761813013313,0.5425638612537609,0.3335885378243254,0.5425638612537609,1.4445853267132465,-57.465180637258605,1.1561076315789474,0.6398563652604641,0.9803172316009964,0.47939460248428095,-0.025138445763043908,-9.294117383268576,9.13,0
(주)하이트론씨스템즈,-0.09403868023877034,-0.1389285177497075,-0.0865939979559494,-0.30263968060912,-0.0006256277404484637,-0.3479408100059308,-0.19643993113732888,1.0006256011236545,0.30303895913430473,2.3540356263266418,2.441408276641819,0.6490884828518062,1.7969877780343062,0.771232600171751,1.637045811529393,0.5645785877603162,0.9013731328508696,0.40801417694614645,0.23036746217194462,0.1632643837606567,0.18800679813297388,0.1632643837606567,0.2515287022862362,127.19392699472381,2.2149249735449734,0.4354214122396838,0.8305020164760548,0.5919858230538536,0.0019775213190537785,-52.14740902920298,3.39,0
(주)한국전자홀딩스,1.2568196086897514,1.4370774222704956,0.8458498110459515,0.01939070957175785,0.1843712119536957,0.01900859296894749,0.012328519356529836,0.8156287841608422,0.16010531591715343,7.006737225264505,2.7899359030579887,0.6357951631891832,180737.10884831462,0.5418390821505691,1.6701009825223383,0.648576113795995,0.9946549759256761,0.5404131106603992,0.18440179924673053,0.11075965327477676,0.5133777449132936,0.11075965327477676,0.17420650499950377,-5.158372053798839,2.4845246617934116,0.351423886204005,0.7830574440040272,0.4595868893396008,-0.03377160530156231,25.68678459937565,19.45,1
(주)한국코퍼레이션,0.5821515405110492,0.017718544980131527,-0.1458732599043141,0.0025643950231673033,0.08100082761845909,0.00840505713008291,0.004107222807940658,0.9189991723815409,0.10526561343210732,10.384704856979013,115.37435660023168,1.6016342142435591,12.302538996399743,1.0464088565716667,0.7521512081809739,0.488660903117519,0.7210835803840558,0.6911367551285086,-0.10177658593919889,0.20591455335783632,0.13269316040829618,0.20591455335783632,0.12856528133990217,6.116130737106084,1.9942244203452895,0.511339096882481,0.803067540335305,0.3088632448714914,0.02102068887440661,-3.777267112338323,5.42,0
(주)한빛소프트,-0.08509742918267664,0.007482678581007249,0.2788789953889107,0.028135843542171142,0.29627957697521984,0.0513586904389125,0.03038500158449024,0.7037204484727575,0.3333204312088497,6.478554546281874,60.41042736648484,1.0799392432982493,128.56992258815984,0.6902645305481274,2.157763750392558,0.5916233713285783,2.1062564115951234,0.47298573997260623,0.28277331384803794,0.013156889102749801,0.9820507405072385,0.013156889102749801,0.012182990093560506,0.7334351608149058,18.563730701987087,0.4083766286714216,0.598077678867052,0.5270142600273938,0.016610861797277648,-9.53222701017695,7.74,0
(주)형지아이앤씨,-0.29343860513810816,-0.23192339764359812,-0.11750125455596841,-0.22841776330253197,0.5452258271522051,-0.9768785741762923,-0.3413566899464161,0.45477417284779487,0.6230827545395919,8.577748741870389,1.2646932576002632,1.494440209075597,35.405758594106686,1.8617531249486754,1.350068214034129,0.3494361520153611,0.34415469666622234,0.2787527155608844,0.18701703078107126,0.2203500424963617,0.030571985209492357,0.2203500424963617,0.14744654296518275,-12.696438322917299,2.4244617682198326,0.6505638479846388,0.8211803581047722,0.7212472844391156,-0.011613220906137046,-5.435448056951249,6.53,0
KG스틸(주),-0.04907398138114152,0.06150442719677827,0.11518600973405885,-0.047958381921054526,0.0639659350553784,-0.7520712668106568,-0.04637785013234697,0.9360340645594428,0.06849860626769692,7.587558373883945,7.861077022549738,0.9670436798449683,2.971696318194026,15.216173554067197,0.36680709002505396,0.06166682890176572,0.2364172137848182,0.6760712165053681,-0.5591751491702502,0.12210841177986012,0.06510905422280126,0.12210841177986012,0.1262697997255263,20.90534580319882,7.232130204342083,0.9383331710982343,0.9411411215525649,0.3239287838671167,0.0060400722817129954,-0.08731878804143875,8.4,0
STX중공업(주),-0.1242398837746312,-0.2285294437477272,-0.3938951960756874,2.913534946577431,0.14461586281086142,5.052989232612018,0.9881330791355528,0.8553841371891385,0.024884177266592762,1.4358522047830502,3.1079893954951796,0.3391526435254625,0.649923419926971,4.113672789723122,0.7075561724890645,0.1955541628226985,0.4878515948489285,0.6993932817848922,-0.12424537113579638,0.025864070587709297,0.2574707969623702,0.025864070587709297,0.07626085504996957,-0.5302621703100947,16.426342787387668,0.8044458385208197,0.5281301350655301,0.3006067182151078,-0.14381726496795463,1.4909862370703069,5.01,1
광전자(주),-0.01673244148748789,-0.020976060665550418,0.03777975578635373,0.016486103751141578,0.15611546570755302,0.014185875609046748,0.012275551570348962,0.843884534292447,0.10942169055055077,6.045932192893274,5.927848949908029,0.744599922191982,2.546195383153774,0.15562022021984634,6.933659897672869,0.865336191339538,5.731756122034269,0.38849259786805895,0.5233133767183351,0.0008994671018417344,4.126835972503028,0.0008994671018417344,0.0012079871015750962,-0.06498652381843442,98.0514233712899,0.134663808660462,0.6549200597289008,0.6115074063295661,-0.018588270776724206,1165.7736805066854,3.12,1
나노캠텍(주),-0.1262655055502847,-0.1754865670907511,0.21940843486447217,-0.125626025043597,0.09853356124506889,-0.14726870982641144,-0.10962721763056879,0.9014664387549312,0.19469947337583846,3.6583771906648805,10.274488796645139,0.8726473482904835,2.687159099583924,0.343358985333621,2.238455255768397,0.7444026484634012,1.9374269774521848,0.4306631123321969,0.31499322683486936,0.16392342964050513,0.7248021726294901,0.16392342964050513,0.18784613276099582,-1.0133437201064643,1.5516003289473683,0.2555973380560536,0.9950950557106737,0.569336874187258,-0.1853725730310543,-18.73397653884813,2.54,0
남광토건(주),-0.053883694269997874,-0.0764912327490204,-0.37030509435330405,0.014706675452553362,0.08790572516723795,0.039257824811319515,0.010216898107560731,0.912094266183079,0.07208352604466699,0.30921452585717984,828.8395900144627,0.6947116049798244,33.97392870513656,2.8424406701548532,0.9776661460187256,0.2602512532639051,0.9764704186182193,0.37492491635438063,-0.01427924624609714,0.05555359627625378,0.28534657894227095,0.05555359627625378,0.07996641466478331,2.877409730519773,11.508783818645538,0.7397487467360949,0.8642857898883416,0.6250750836456194,0.02779111150442181,13.836366524462195,1.43,1
대성산업(주),0.173801076558641,0.8800161388953766,0.1498460641721796,0.24785012908324505,0.1246919622554798,0.5528834032304716,0.20029540593382197,0.8753080388552386,0.13804631682237162,16.260519930563227,21.32018359815338,0.8081311342248648,2.0177793214459245,1.7603399146829004,0.4981661014943581,0.36227422411941723,0.4338080562500916,0.743183369993825,-0.2587074677511742,0.16810314503589469,0.07281945630701339,0.16810314503589469,0.2080146871177463,9.89597552545585,3.066712985335703,0.6377257767781889,0.8083789561742252,0.256816630006175,0.021020129504429455,-1.0670430507612658,2.82,0
대우조선해양(주),-0.24016713419868047,-0.16853411353597292,-0.13397091962445867,0.05816690214656671,0.13908414386071505,0.21592493860868717,0.05641410962800616,0.8609158562293603,0.07305858678355584,24.13750716184969,12.857492589201913,0.9698661531923441,2.9804781847078115,2.8274988302127455,1.0827375053978676,0.261267225506746,0.9617292312534349,0.4189355032859654,0.04440210733116926,0.23763195246932042,0.046931075951455216,0.23763195246932042,0.24501520306399763,171.65416992632873,2.2583763829689123,0.738732774493254,0.7264634896747837,0.5810644966266736,0.0014273769356675358,22.201499850602534,0.7,1
대한광통신(주),0.22575388995766113,0.32172512155096367,0.19910611521949753,0.09457506864215387,0.2154549203261692,0.13698749347826242,0.08479750511061122,0.7845450796738308,0.10794513513759474,3.587469749376082,5.615306552983759,0.8966158452547546,2.223858786872544,0.6154660939495481,2.067686497947023,0.619016400384515,1.6209976684401532,0.4201302421995481,0.29942600991034607,0.15025896134630162,0.7304515734967177,0.15025896134630162,0.16758454821151272,4.042320330691217,1.8664028540943352,0.38098360603536696,0.7361045196363487,0.5798697642203339,0.041457513136485304,8.583979391686585,6.07,1
대한방직(주),-0.04222533255886114,1.5619764248093988,-0.15050392908998605,-0.04603548676203069,0.030956947180324434,-0.057049501823709756,-0.026980841434720477,0.9690430528196755,0.07857209526335138,6.949424527399339,3.876187818542349,0.5860878928942667,2.530680159055565,1.114444872363959,1.6201205633495126,0.472937371444447,1.2798849412245483,0.3023002707449383,0.2670529335544968,0.28805025310855886,0.035941482894154476,0.28805025310855886,0.4914796169668098,-13462.815913865546,1.495040504402074,0.5270626285555531,0.8170694949114082,0.6976997292550616,-3.650645007042159e-05,-1.8813096342872293,4.11,0
램테크놀러지(주),-0.022003968509553343,0.22105637550134943,-0.01751413558749259,0.03787518284977588,0.14951544092975866,0.05243476747400048,0.019130096828975176,0.8504845181321968,0.10050748437517655,12.205461368190154,3.058448018839231,0.5050826263955153,0.7962127023978213,1.7409566641807113,0.4665053972538919,0.36483611448187964,0.17797243153632158,0.7729146720593082,-0.2596942854278193,0.5353385924973202,0.05680539421251542,0.5353385924973202,1.059903003034819,-141.11448675812525,0.9092929213651878,0.6351638648410253,0.76638426654396,0.22708530726359677,-0.007510943967443447,1.308809654223887,3.14,1
메디포스트(주),-0.22421977355249148,0.09368015337995422,0.47447707596543914,-0.04374000367574791,0.5963576486148312,-0.018692646134252294,-0.013288358356416745,0.4036423277164765,0.6824933925886933,6.592715477733424,2.2708993421071906,0.30380332052383,0.9928943386259538,0.40669341034334017,8.09971183348096,0.710886958485093,6.649565143340781,0.6983877642847653,0.2643748387726534,0.11213725757024748,3.8904206404700266,0.11213725757024748,0.36911136249892157,-26.897671041261706,0.33206986634109054,0.28911304151490697,0.1287987699831539,0.3016122429058619,-0.013722800086769425,-9.760327630552032,2.39,0
미래산업(주),-0.0005515522614050986,0.022046644062602143,0.47905669514617233,-0.39610164719700336,0.12252988535380777,-0.22530071726061152,-0.16170407144762683,0.8774701146461922,0.39689611306010286,2.69028909606362,1.4433641136950894,0.4082388260486138,1.7446752342623675,0.39329030231582895,3.0556305028453115,0.7177255066639637,1.9554008423735931,0.3107318272861589,0.4636950309115141,0.11841568504255262,0.5213330500960912,0.11841568504255262,0.29006473046356324,-1.1624374060989782,1.904926207379262,0.28227448149565176,0.7991269370405406,0.6892681727138411,-0.24953148353767365,-8.44109319634471,27.63,0
비케이탑스(주),0.056134083984690046,0.08739509406193628,-0.08317718615203055,-0.23579603957558726,0.0680030763927431,-0.25805574903856404,-0.19971606895817146,0.9319969236072569,0.15864370420611756,16.97340143257111,1150.6674204582862,0.8469865283473095,45.43229323298371,0.29211308759949517,4.570410000885714,0.7739260593970558,4.566070377330107,0.2774996657694153,0.5644181634645989,0.0,4.121557596161097,0.0,0.0,0.0,inf,0.22607393078418428,0.6992498879355308,0.7225003342305847,0.17624593697429095,-4.463485365374691,14.46,0
삼부토건(주),-0.08293254383375695,-0.14398123134696264,-0.2815862239270868,-0.14416509081957962,-0.0010398119514699363,-0.32168390399568,-0.10356234031965392,1.0010398119514698,0.06797278698708942,8.714915440945559,7.966529184634482,0.7183593457396741,55.996528270057695,2.1061861194211664,1.487091081386045,0.3219382102532699,1.2956055072354768,0.29898801973268235,0.22961383321237153,0.19194205245817922,0.7193850687007834,0.19194205245817922,0.2671950376876381,-7.6629100997055835,2.455939910081223,0.6780617897467301,0.6952141444676051,0.7010119802673176,-0.03486861182123276,-9.69491398061696,10.02,0
삼성SDI(주),0.05712398101173784,-0.08922847311407904,0.21549253216103312,0.10174605147940391,0.18493673642080896,0.05616432861078041,0.04083387801402359,0.815063263579191,0.1664452928608508,6.338071128271885,5.330667527838216,0.40133132854093556,4.320290058096164,0.3754345983971012,1.350033835069367,0.7270429296324886,0.9880707239537361,0.7711277568862651,0.059341497166189756,0.07142294153452218,0.47219008709872856,0.07142294153452218,0.17796502903021458,3.1028962735664973,2.3736175282783982,0.2729570703040253,0.6210894107220531,0.22887224311373486,0.05735448862609253,7.146743431045921,2.36,1
삼성물산(주),0.10325103091572217,-0.07770677511695581,0.04185940753591775,0.016431699513709538,0.12473273634397715,0.01912845188966016,0.009808669494972113,0.8752672636560228,0.0946337922216963,7.450888032413114,16.716514542444095,0.5969357878525225,12.017055544543712,0.9501576538454405,0.8521402378787275,0.5127790555948841,0.7461088466756596,0.7488118279867573,-0.043585106903325885,0.06280629134471767,0.21398590224478944,0.06280629134471767,0.1052144847449395,-39.903303060888234,4.693371836255515,0.4872209444051158,0.6050094568427614,0.2511881720336305,-0.00263673622668262,6.563248764974983,2.79,1
삼성중공업(주),-0.1974361513294383,-0.31865382175740614,-0.24130093777521588,-0.04312595313460203,-0.01903869750096053,-0.058775520293945845,-0.024659538841383888,1.0190386975009604,0.047300777747830494,22.9385310749376,6.6172960745022875,0.5718027556264803,1.4327873185744622,1.3834801077183232,0.948868368690491,0.41955458187452127,0.7785797237957259,0.5093445434230717,-0.026439930693773293,0.1929473404501684,0.15719182089486555,0.1929473404501684,0.33743688457529525,-4.338387256833925,2.679981937373474,0.5804454181254787,0.8908596245632138,0.49065545657692833,-0.07777933702063067,-14.32408074628314,0.82,0
삼영화학공업(주),-0.2802895641375475,-0.016615997865951034,-0.11686971657522635,-0.3169203524443994,-0.008953773360043812,-0.5833950747304933,-0.2821107774286258,1.0089537733600438,0.1284504866318729,3.8305853832090437,10.579953383022305,0.8901630180981177,2.3665487304355537,1.067964506879191,0.9302968408147543,0.48356729367136053,0.7434109541508713,0.577426651293666,-0.031661611756655564,0.29838282795232185,0.19463323807822303,0.29838282795232185,0.33520020702481346,5.075374900270011,1.5223227274177156,0.5164327063286395,0.8795627288832683,0.422573348706334,0.066044423044883,-28.682846314493247,2.98,0
삼화전자공업(주),-0.05724936673168709,-0.021755641275809895,0.13807578513971672,-0.07139575276094984,0.11419664035724766,-0.7993056708195492,-0.049038804824417526,0.8858033596427524,0.14288543943927562,3.2416358009292003,4.7303713606403415,0.6868588526352716,1.688561530780191,15.299452518907167,0.4068270612771227,0.061351753921796585,0.2437321050673365,0.6791671053463744,-0.4677894099847585,0.5879832864119653,0.004889877799974108,0.5879832864119653,0.8560467469496092,611.1358325927123,1.3412325194662813,0.9386482460782034,0.8401680905848943,0.32083289465362563,0.0014007471028459827,-0.94573413779158,3.88,0
상신이디피(주),0.023725250268463578,0.17481401097912772,0.29940040718267,0.02444471787290272,0.14810797718978905,0.06395904933331324,0.023621864922385733,0.8518920228102109,0.08669911872681159,9.089306742083224,8.688730797779437,0.9663382103734921,3.075408707505778,1.7076206532999505,0.6445575104451541,0.36932795544355007,0.4716087610956156,0.6468968716355519,-0.19471940514475367,0.4124157853397617,0.24156164408396721,0.4124157853397617,0.4267820323283729,-13.274860379061034,1.3283258133727534,0.63067204455645,0.8686329737264382,0.3531031283644482,-0.0321496437733954,5.125943931454125,3.16,1
서울도시가스(주),0.05404263745819682,0.13377298171832885,0.06161796087474051,0.02708134847510004,0.11905549854949542,0.03990105434623997,0.023657133859247306,0.8809445014505046,0.11155164615572226,4.4875702180213475,920.4144003416606,0.873558193787834,2.3990101623717113,0.6866394121806562,1.9563965323016816,0.592894955956887,1.9531626019295378,0.4941952891873063,0.24726575765052888,0.008134562223142457,0.5087707353788927,0.008134562223142457,0.009311986632361833,1.4605392721078592,31.78277397396442,0.40710504404311293,0.6350669349306972,0.5058047101658152,0.006375718072217748,33.906024773644376,2.21,1
성문전자(주),-0.025487433156389343,0.008575623685350779,0.014535177625389743,-0.05784562001268269,0.13162132992118405,-0.09094567225893466,-0.06198586648481576,0.868378670078816,0.1415638063391115,3.5105850727970935,5.878012384760676,1.0715740702792245,7.335554052076597,0.4672001444266812,2.2353163193678474,0.6815702709671945,1.6753070839940951,0.3681054895941789,0.3492076687580483,0.10976457616736734,0.5273010862672279,0.10976457616736734,0.10243302746096267,2.770280321491197,2.5753922760721664,0.31842972903280553,0.8877526684031743,0.6318945104058211,0.03697569038999802,-8.556057832405575,2.68,0
세원이앤씨(주),-0.05843096578898071,-0.16394801284497926,-0.28822408131583405,-0.048918385119564936,0.08353623817025026,-0.040567949531408874,-0.0219132155238214,0.9164637681533336,0.05962588842875963,6.052695342627891,14.720572218334848,0.44795459764793416,0.6667255711365894,0.8513006220975786,0.8299286118793731,0.5401607864566967,0.7467732638228939,0.7216602981255872,-0.057038182307833474,0.29012293054140914,0.12100632192655718,0.29012293054140914,0.6476614640518293,10.256297278406098,1.1559854422964264,0.45983921354330326,0.729337286391874,0.2783397018744128,0.06314768833928344,0.698879043659574,5.11,0
세종텔레콤(주),0.8185734789308102,2.342506996320223,-0.1247747915412808,0.017822018808157553,1.0,0.008665680922482558,0.006867340069005092,0.0,0.9855402993352185,5.996986296934549,0.0,0.3853289654178656,1.4824468843935652,0.2618686180394734,3.733319210250148,0.7924755285171203,3.714417370538159,0.39380706962720463,0.44381920801749414,0.04602909449349277,2.6755063176866067,0.04602909449349277,0.11945402143225087,0.533034252090729,3.5276322888992997,0.2075244714828796,0.7824316756659592,0.6061929279815362,0.22410196148505357,1.2620987158799828,10.07,1
소니드(주),0.15400765893229293,0.10069604697110925,-0.055781787461902196,-0.21436863326929384,0.15687052970933454,-0.41376327715008243,-0.14947078307634756,0.8431294932236123,0.20137039951899519,5.177699127107381,8.359820774838443,0.6972605124023886,1.3323511207431866,1.7681883284088906,0.7946777485964797,0.3612470978716913,0.649616508661713,0.6147594856292131,-0.09953525171953026,0.37382858512535266,0.08065855631672045,0.37382858512535266,0.5361390448418459,-4.918886983350702,1.2967862420894367,0.6387529021283087,0.7589409996808726,0.38524051437078694,-0.10899600797020809,-0.9520028298563583,7.38,0
쌍용정보통신(주),-0.27074192087387267,-0.34946033302231905,-0.33467436438439424,-0.03505416588105713,0.07395873014573405,-0.19275871348884788,-0.06779838214346388,0.9260412767000393,0.11976812626267723,9.872510685014905,50.746737074063944,1.9341034207891783,81.58839385253319,1.8431167145104335,1.3322884150753347,0.35172667899854176,1.272930600348238,0.20782264153086846,0.19757835910431484,0.062382343023702214,0.6064321894590339,0.062382343023702214,0.03225388174860275,-1.1850518313648297,9.531527200555747,0.6482733210014582,0.9172041793209614,0.7921773584691315,-0.027217275139312515,-68.26454475899006,1.02,0
알서포트(주),-0.028092268932274917,0.1361899535529513,0.0768290414109703,0.11651489083337291,1.0,0.05489906517379448,0.049468496475004245,0.0,0.8509214969561056,4.023520062404009,0.0,0.4245680197713851,36.83270554285787,0.10977834573080843,8.313392646789193,0.9010808529872296,8.280733076386836,0.36768023127157196,0.5562594091324248,0.02023766078545526,4.864047018596612,0.02023766078545526,0.047666474729661755,37.10199676200755,3.7583581818181817,0.09891916541064384,0.7689144735312591,0.6323197871263014,0.0012847414934409197,195.49306739402203,1.6,1
애머릿지코퍼레이션,0.13276590927330859,0.21470559499264522,-0.3905581010597358,-0.5796450892418933,0.058249502328920295,-0.42663395543489846,-0.27607540311684636,0.9417504976710797,0.39524902281325186,7.989450433423156,7.5723429972615195,0.47628351941689023,33.17035676217502,0.5453530108740965,1.6187947515217056,0.6471013373406319,1.4499361022121893,0.43214217912876124,0.21706732050827499,0.2726301865254787,0.29776217425049356,0.2726301865254787,0.5724115477672994,6.1859008560964535,1.2866898740509813,0.3528986626593681,0.9940261539091205,0.5678578208712388,0.09253487262136846,-4.825674140162035,11.17,0
에스넷시스템(주),0.07111407913573028,0.03252136580658878,0.01938978605370321,0.0083436023490983,0.12336276552712036,0.024858965506275223,0.012023670237234116,0.8766372344728797,0.10194916228414198,4.8289465103920675,13.094645930253556,1.441064630618875,145.7489728768463,1.0675022697556693,1.7083608211075807,0.48367540613059484,1.5137060438915915,0.15331054990002355,0.35107433200622223,0.010494757250086303,0.6912683824305785,0.010494757250086303,0.007282641615858172,-1.135022160100427,47.225019720172995,0.5163245938694052,0.9598905881657671,0.8466894500999764,-0.006416299057292241,64.67380382944398,4.63,1
에스맥(주),0.07925184856479323,0.10170013182297849,0.20601407527108195,0.046631737363027705,0.14019554911606888,0.05721682181562236,0.03966782540174095,0.8598044508839311,0.07313653052428429,18.720311561370234,18.239585820031117,0.8506615375045379,6.506286434709067,0.44239875832597264,1.5026273009905382,0.6932895631562348,1.3701977135054684,0.5450038075237875,0.15219576273806176,0.06799333764374144,0.7392463679821292,0.06799333764374144,0.07992995409573073,-1.3560987181359516,4.453383820113476,0.30671044190067426,0.9872517800884334,0.4549961924762124,-0.05894110290554643,5.299717831048169,5.5,1
에스비더블유생명과학(주),0.04010507923012912,0.22420072831909735,-0.09840799298068223,-0.5633289891239702,-0.314783481075404,-0.5936196502498323,-0.2400744742590327,1.314783481075404,0.09543781975968726,2.3971871123946067,8.306452721050888,0.4261709922515637,1.1410127319898622,1.4726479234495193,2.1798549457318614,0.40442474260748335,1.908059361993178,0.4589868723826672,0.29282545408582916,0.06373378015124675,1.2395220555761655,0.06373378015124675,0.14954978473435251,0.4750033231582977,3.8941307567592727,0.5955752573925167,0.41671924824092277,0.5410131276173328,0.31483944941689207,-4.610687934361903,17.33,0
에스케이바이오팜(주),-0.4926770151490673,-0.532255320192931,-0.05127989427488541,-1.1445564710141947,0.041862300970965965,-2.0669631381463507,-0.992698628759426,0.958137699029034,1.1902204942163885,5.894072177661543,94.55701908617698,0.8673216690477431,9.65748751809589,1.0821658036633248,1.7418251770703688,0.48026914967127887,1.723423064795561,0.1681371251959849,0.354281722714371,0.0,1.3697871128187817,0.0,0.0,-0.0,inf,0.5197308503287211,0.9189009114767422,0.8318628748040151,-0.014292242950243722,-3165.2314153716925,0.0,0
에이치에스디엔진(주),-0.09222786081922216,-0.25965617365390903,-0.042403266691528774,-0.013452516036004445,0.07150139264646349,-0.01904236491707552,-0.008399938660024621,0.9284986073535365,0.0539725284770625,23.297805821876622,4.185522193164263,0.6244139488511252,1.6217598253323557,1.266964758647381,0.604689655317076,0.4411184585845372,0.280619816258197,0.7415371511736886,-0.16896772908027352,0.10103403525573126,0.15901760517942817,0.10103403525573126,0.1618061791246437,-127.31963779677443,4.230560294109786,0.5588815414154629,0.7647963767492556,0.2584628488263115,-0.0012708658454001899,0.8224725750895358,4.81,0
에이치엘비(주),0.007960031034926955,0.30291213126332145,-0.23663646679219894,-0.9270211491224898,0.09523868305316247,-0.18761540575389085,-0.1133297471261656,0.9047613169468376,1.23032413041785,4.476538892743609,5.024431866594222,0.12225152277641406,2.298197196402464,0.6554824352076415,0.8344418071165616,0.6040535246600629,0.7365766537087963,0.812297821194495,-0.037241223124601354,0.2132672342587411,0.6326720034386549,0.2132672342587411,1.744495523779984,-38.307570944798016,1.0547489993573014,0.39594647533993715,0.5681156821436099,0.18770217880550502,-0.04553918405042798,-6.1985624167614715,17.37,0
에이치엘비생명과학(주),0.19763074021153212,0.35463842730964307,1.5203448042762302,0.0729102226254593,0.05086243501094901,0.1469141398716392,0.07837907352846482,0.949137564989051,0.04157062432421824,3.130443152652854,20.57075265112853,1.0750080126774413,37.19265785137366,0.874405160176901,2.0369089691462263,0.5335025859113741,1.9025376265433056,0.2481079921478589,0.38275817848553084,0.010907098105146203,0.516868601359101,0.010907098105146203,0.010146062146998066,0.28867658092526727,33.84345,0.4664974140886259,0.7912880505195719,0.7518920078521412,0.0351468141768822,0.7150383990040766,17.16,0
에이치엘비테라퓨틱스(주),0.2142001904581342,0.34612333128100925,-0.031516001416566235,-0.3040472777072656,0.149374514277119,-0.11849206577497831,-0.0831606951799687,0.850625485722881,0.41117094122235714,7.476857502545719,7.9588381422232795,0.2735123820448581,1.8750521310290116,0.42485660465618674,0.7474319401051026,0.7018250094305432,0.6383446760540852,0.7997082431685809,-0.0676814807094524,0.22643509139239212,0.3515092975241037,0.22643509139239212,0.827878758904798,-36.18313763861709,1.183443943661972,0.29817499056945684,0.8987113138801287,0.20029175683141914,-0.022880236843286633,-6.521648768840645,5.64,0
에이치엠엠(주),-0.18091456807010667,0.07495168570943518,0.09666834612557554,-0.2368210443244413,-0.020193650935080555,-1.327587744726397,-0.3305390990162719,1.0201936509350806,0.060709035134335294,14.35452245956023,45.5150842945874,1.3957336433473295,3.7626626515761523,3.0164317887882977,2.038578808558433,0.24897721474853834,1.872896630197966,0.6150702111748275,0.19610717023954466,0.33334832326509584,1.0076107953626632,0.33334832326509584,0.23883376663876965,10.326336517873266,0.5664423829588795,0.7510227852514617,0.25142062570365975,0.3849297888251724,0.023128605796003832,-2.571562231325545,7.51,0
에이프로젠제약(주),0.22986518230441993,-0.2053838221577615,0.04484014536531288,-0.36638965720274064,0.40847709609120436,-0.21693772700170694,-0.10672072580934629,0.5915229039087956,0.44009470780560017,2.6808218892902738,3.0861564396928576,0.29127657866797446,2.658252998761718,1.0327609783057548,1.9431430113817776,0.4919417534438653,1.683023113456688,0.5829478321088923,0.2024245437541997,0.027540434214404465,0.7028191002286105,0.027540434214404465,0.09455080233484116,-2.9053209003472618,7.793182288485901,0.5080582465561347,0.422446885946165,0.41705216789110766,-0.03254401340779253,-0.1615603498459548,20.66,0
엔시트론(주),0.15554155450374854,-0.029842605640322394,-0.3717694748986255,-0.3326363137333265,0.15114501048633838,-0.5544753609075997,-0.21847149304109903,0.8488549895136616,0.37264346879899607,4.630008862238487,3.3264440296067903,0.6567878611601226,20.408714120351476,1.5379757300028534,1.4563275909684157,0.3940147902757867,0.9611118930289136,0.507117864629103,0.1544403325597969,0.2838511177417412,0.11973366039837989,0.2838511177417412,0.4321808220394916,-16.216597179442836,1.1923215434332992,0.6059851847063242,0.5584984771123036,0.492882135370897,-0.026650524598795043,-3.7207513245117863,7.99,0
오성첨단소재(주),0.7406187256672607,0.9390697561368013,-0.006203080481113221,0.023742393685915995,0.1781574811420113,0.0139089418658167,0.009511775218958683,0.8218425188579888,0.15462652329068985,4.620543648216652,13.281755824348133,0.40062410491495953,1.0463779610670632,0.4622866311438779,2.0339366285470137,0.6838604482441104,1.9248018591312768,0.5379973429889003,0.2348556306353855,0.25848001735183607,1.5170872252369398,0.25848001735183607,0.6451933724924105,2.3989797207136463,0.8787798325877072,0.3161395427913121,0.7185024194384214,0.4620026570110996,0.2689449047532919,0.5254324261935003,10.65,0
우리이앤엘(주),-0.2842232505035828,-0.2019475676990467,0.07862134724002927,-0.18320174230689257,0.12009983435235917,-0.5377678633676459,-0.2270395791687073,0.8799001656476408,0.1630270842553454,2.3947943431458847,10.633708129131021,1.2392872268014745,82.42409802303857,1.3686084212093774,1.3711502921677208,0.42218881906948624,1.1921173051956868,0.2146330675823288,0.2125873182476502,0.23269365796771235,0.19476928398263865,0.23269365796771235,0.1877641057983633,-23.518521384189043,2.4615179088289763,0.577811173118941,0.9912920223862528,0.7853669246060985,-0.007983669667455912,-4.565055495450566,5.52,0
유네코(주),-0.011982684649041444,-0.2335030343711418,0.03267407724021654,-0.10485370764472134,0.45696823464809616,-0.05075517689089425,-0.023606301096812866,0.5430317653519038,0.355383425401316,3.0342705750332755,4.920218365825427,0.22513558773523526,0.7307960962836804,1.150069029567144,0.6763679165940214,0.4651013461653005,0.6135838547818447,0.7323183519913258,-0.12808172491509753,0.31334885799383144,0.024061050195978494,0.31334885799383144,1.391822861707395,96.7755793869334,1.2630120162479186,0.5348986538346995,0.7398847802037564,0.2676816480086743,0.014381963616487718,0.6784636163773131,7.34,0
유니슨(주),0.11317547225081408,0.2669577590337862,2.55398007125428,0.005973717078528572,0.17731143342931216,0.024890182100536232,0.004176670368948156,0.8226885665706878,0.09118257266912813,10.493179666201916,3.600027246801443,0.6991744526972042,1.680399505783119,4.959335980246328,0.6188416101785362,0.16780392976145297,0.40751468189017487,0.5321141706941344,-0.2881813478364087,0.04558506144458621,0.08140285587824404,0.04558506144458621,0.06519840830672916,1.1142745279154223,16.58585407549268,0.8321960664927014,0.9085204888419228,0.46788582930586564,0.058511979474844426,2.2874113829629055,5.83,1
이원컴포텍(주),0.27934525432537033,0.14539616340813422,0.09653032640316939,-0.09218089369988797,-0.0067657363926843465,-0.40005706565192095,-0.1055632512766071,1.0067657363926843,0.0473733820188149,8.37710321854138,7.060796095331981,1.1451749602286119,2.5829281412840692,2.789738008387526,0.8200952549436977,0.2638704833386317,0.48216700506105264,0.6037343750061248,-0.08692900709929567,0.37246198233847416,0.031108834738704853,0.37246198233847416,0.3252446091417502,-130.2275988996466,1.2972992010069595,0.7361295166613683,0.6563989368129743,0.3962656249938752,-0.002497509067892619,-17.567885562863466,1.57,0
전방(주),-0.14582354060855354,-0.19297406731723923,-0.09121242384754899,-0.07145628718734182,-0.04644005929118198,-0.08757213931644643,-0.031533840249598974,1.046440053811284,0.053014342328991534,4.857379095183739,5.222051094890111,0.44130252901224154,0.5495558691086384,1.7770845105857385,0.28621313394682374,0.36008986985746483,0.12074076366438004,0.8470414615806185,-0.38146326225102395,0.5018201075795482,0.006774536742382044,0.5018201075795482,1.1371339944567325,429.1902720210469,1.0649668927140175,0.6399101301425352,0.8351513368781441,0.15295853841938148,0.0026494868793320854,-1.744760105653013,4.58,0
조아제약(주),0.11213190736767109,0.17926769786500413,0.05967373323272828,0.02339660484116799,0.48218913215395703,0.02589555868639566,0.016490445948186275,0.5178108508581535,0.4767927421756159,2.385012008227082,3.349082938245425,0.7048221765565815,3.104499973235007,0.5703370768601816,3.197222891349364,0.6368059537888865,2.645540527909593,0.36844872262419326,0.43402007644371743,0.11674105246884098,0.7409556000365147,0.11674105246884098,0.16563192298968374,1.208918770329984,1.6920457435897436,0.36319404621111345,0.5438723541664846,0.6315512773758067,0.13700831441675207,0.5820269557187459,3.65,0
지나인제약(주),-0.3257142540035817,0.005113433605951823,-0.11821007718682938,-0.27621904391568425,0.009305534692837824,-0.879755036228792,-0.29413190715269755,0.9906944653071622,0.14408410111859465,8.336240532919632,7.933283885933086,1.0648502108438302,3.3273804900168202,1.99102210550748,0.5398597743248713,0.334333871407591,0.3236681065962982,0.6679394525225969,-0.28302611626350216,0.41847560990807114,0.10600267174108094,0.41847560990807114,0.3929901179025491,8.834011923604747,1.469826793193574,0.6656661285924089,0.9240167665456299,0.33206054747740305,0.044486029824395826,-4.37673776743943,6.63,0
진원생명과학(주),-0.3050113666911107,-0.34506153129874184,-0.13388197852066747,-0.873332519732339,0.20814731350104848,-0.6494104072363269,-0.5199987912536729,0.7918526864989515,1.1231413443539464,5.755422890799122,3.1289798056448563,0.5954190179624175,224.09575336703807,0.2488690707735179,4.044355822277932,0.8007244501464236,3.2418220375084177,0.24063536054584495,0.5716055319910406,0.03190603824888858,2.570356352143563,0.03190603824888858,0.05358585682747284,-0.17929707760942157,5.884751531934709,0.19927554985357646,0.9422084525727115,0.759364639454155,-0.29886631473271186,-13.941086850101804,17.07,0
케이알모터스(주),-0.2715770034557296,-0.43957164398799936,-0.508561238210813,-0.7561189427413227,-0.2073081409282991,-0.6966004676134115,-0.29048711812076633,1.207308140928299,0.417522606688918,1.3231255631602703,3.5251641677675196,0.3841817757767053,0.8108552148211208,1.3980425435726507,0.9671300152167598,0.4170067802509377,0.6481969278538454,0.6010110879813341,-0.013560492653922814,0.2767263915821579,0.15471278430224605,0.2767263915821579,0.7203006728330529,-39.101932613902,1.4908205983313523,0.5829932197490624,0.7076401417672787,0.39898891201866593,-0.018421101584553463,-6.035994576988652,6.61,0
코드네이처(주),-0.3734662580706104,-0.4579268328212997,1.1991599765442018,-1.8231027665502602,0.18576300440251295,-6.85880462120322,-0.768059373734417,0.8142369955974871,0.5489231546252143,2.7064404375206776,94.33278624316914,0.42129241852216937,54648.873900293256,7.930044806112721,0.25270838235753734,0.11198152100149465,0.2479068039271742,0.8086151815117054,-0.5659497812136602,0.5040039050887283,0.009508499039496252,0.5040039050887283,1.1963279729948582,-243.89696631549006,1.5026363277113146,0.8880184789985054,0.852836506227663,0.19138479588102844,-0.004905054749419729,-4.995793769197664,11.18,0
코스모화학(주),-0.048667031685011096,-0.17481502989153044,0.5065513944294359,0.06333147981250789,0.11271702862371469,0.1726345278136722,0.060102643913591776,0.8872829713762853,0.06481777307928809,13.035876105490194,6.480902040918962,0.9490168884656565,2.6265107631014257,1.8723283528328372,0.4676841816240533,0.34814961221698204,0.20119089449730487,0.7719830977909263,-0.2595277108835098,0.33359254988146486,0.028434120083682908,0.33359254988146486,0.351513818074205,273.2985302064195,1.4614973130077913,0.6518503899816129,0.7479394394547051,0.2280169044076687,0.0012861899323377635,3.237804266924911,6.62,1
크리스탈지노믹스(주),-0.07151282860948689,-0.1310202345068653,-0.16177895013607277,-0.7043424959002451,0.7262187520482347,-0.09363185573764864,-0.07178205410853834,0.2737812479517652,1.2527859688916363,3.320826961089559,6.4422044803147935,0.10191356410604072,0.5191545491270655,0.3043908662194623,2.0329301892788507,0.7666413694679698,2.0024348245926715,0.7112713836232291,0.1467027728206366,0.10881835669917361,1.402590513802683,0.10881835669917361,1.0677514583431553,-9.201279402511384,1.3051643076923076,0.23335863053203018,0.6086161667202509,0.2887286080061281,-0.11604380343582707,-9.05527643869167,3.42,0
페이퍼코리아(주),0.23209072367541267,0.8575860194023671,0.31896554090091145,-0.18502215870518157,0.001917115552013904,-1.6433278787599832,-0.15421314553012547,0.9980828844479861,0.06334633823609025,4.837025279406311,2.582107862706158,0.8334847383110048,4.076892052988817,9.656211395668342,1.1833465824964637,0.09384198218951356,0.5312764711080085,0.41533439474598566,0.090587526881437,0.5842070238273739,0.1273785253825421,0.5842070238273739,0.7009210810640951,121.66505631399849,0.8457243010157455,0.9061580178104864,0.5452449431156786,0.5846656037563317,0.00576107143907555,-2.593518427130346,5.1,0
평화산업(주),0.08011340776695665,-0.007668021571209363,-0.00766755795819154,-0.024420423938308133,0.02698735843390752,-0.11628014969489649,-0.044451142547387204,0.9730126415660925,0.05431224476744323,7.458580815159003,21.683085905811875,1.8202445076171274,3.610098038566794,1.6159091314905096,0.7606016443513325,0.3822762755639809,0.5856905494200774,0.6448048532355002,-0.11179719988947383,0.1267579213394745,0.010378185144927266,0.1267579213394745,0.06963785404050615,733.0997794213054,3.6841275221238936,0.6177237244360191,0.7559890096180732,0.35519514676449987,9.499096302481079e-05,-3.0850129795854184,6.17,0
