,구분,이자보상배율2002,영업이익2002,차입금의존도2002,총자본증가율2002,유동자산증가율2002,매출액증가율2002,순이익증가율2002,영업이익증가율2002,매출액순이익률2002,매출액총이익률2002,자기자본순이익률2002,총자본순이익률2002,매출원가 대 매출액비율2002,매출채권회전률2002,재고자산회전률2002,총자본회전률2002,유형자산회전율2002,부채비율2002,유동비율2002,자기자본배율2002,당좌비율2002,비유동비율2002,순운전자본비율2002,현금비율2002,부채2002,자산2002,매출액2002,부채/현금흐름2002,유동부채2002,유동자산2002,매출/현금흐름2002,차입금평균이자율2002,정상기업여부
0,(주)대명소노시즌,-7.16,-18360363.0,8.86,-34.05,-45.05,-19.98,0.0,0.0,21.85,-21.51,0.0,12.43,121.51,2.35,3.19,0.57,4.19,139.56,162.06,140.51,159.16,98.09,22.62,23.72,38013160.0,65250717.0,46676740.0,-16.89,23777561.0,38534653.0,-13.76,6.22,1
1,(주)대유플러스,-10.82,-11243731.0,18.47,-41.2,-37.79,-15.22,0.0,0.0,40.31,-5.33,0.0,45.84,105.33,7.6,13.03,1.14,1.69,80.51,198.46,408.48,150.45,121.21,16.3,28.86,24488754.0,54903991.0,84307679.0,15.01,9089328.0,18039058.0,4.36,2.24,1
2,(주)대호특수강,1.51,593932.0,0.0,16.66,80.75,-8.91,0.0,0.0,7.16,12.36,15.7,7.71,87.64,5.0,12.54,1.08,2.13,14.07,1292.46,122.26,985.21,54.79,47.95,370.32,2438228.0,19764485.0,19779363.0,-337.85,794731.0,10271542.0,-41.65,5.7,1
3,(주)동양,0.12,11709671.0,56.38,-45.4,-21.66,-58.97,0.0,-90.24,-5.83,11.17,-17.23,-2.15,88.83,4.19,13.94,0.37,1.04,821.94,52.56,66.84,50.03,643.95,-27.21,0.25,1010285281.0,1133199925.0,591107868.0,0.76,650084425.0,341692312.0,1.29,9.29,1
4,(주)바른손이앤에이,-1.99,-2588930.0,63.14,-35.25,-46.56,20.17,0.0,0.0,-205.06,24.83,-224.48,-47.16,75.17,3.72,17.4,0.23,10.93,251.72,113.59,52.7,102.66,261.98,3.05,3.26,14522264.0,20291562.0,5937341.0,-31.7,4557464.0,5177028.0,-77.53,6.96,1
5,(주)상지카일룸,-4.29,-6132864.0,47.75,18.27,43.14,12.68,0.0,0.0,-45.86,-4.6,-173.33,-30.2,104.6,5.12,14.42,0.66,3.28,228.38,95.0,72.53,86.26,185.16,-2.3,2.04,16457229.0,23663402.0,14377306.0,-15.38,10863990.0,10320540.0,-17.61,9.89,1
6,(주)세우글로벌,-3.94,-1686957.0,17.39,2.58,-3.75,9.3,0.0,0.0,-22.14,13.27,-71.57,-23.04,86.73,3.66,4.71,1.04,4.88,67.18,165.83,67.05,111.85,57.27,26.1,24.89,10629934.0,26452931.0,27173228.0,5.58,10487773.0,17391635.0,2.18,3.67,1
7,(주)수산중공업,0.4,1901989.0,71.44,-20.33,-21.07,15.17,0.0,0.0,82.84,22.18,0.0,78.8,77.82,3.85,4.76,0.95,7.67,1634.1,364.31,23.47,261.12,348.95,57.95,27.11,47009510.0,49886300.0,53510151.0,14.67,10937879.0,39847737.0,12.89,6.83,0
8,(주)쎌마테라퓨틱스,-149.05,-2168002.0,56.7,-29.6,-85.42,1981.43,0.0,0.0,17525.05,37.19,0.0,2357.53,62.81,71.39,0.0,0.13,1.75,564.72,5.49,1.93,5.49,640.43,-62.94,1.77,3411539.0,4015646.0,653756.0,-101.76,2674019.0,146741.0,-531.02,0.03,1
9,(주)한창,0.49,2886726.0,64.66,-51.57,-81.92,-11.98,0.0,0.0,-4.0,10.01,-44.09,-3.19,89.99,10.55,218.0,0.8,1.68,1271.41,37.71,8.45,36.65,1141.22,-27.73,0.57,54064137.0,58316428.0,71265121.0,-9.57,25957837.0,9788466.0,-7.26,8.83,1
10,(주)휴니드테크놀러지스,0.1,298905.0,37.68,-19.15,-2.95,15.76,0.0,0.0,59.41,8.7,0.0,40.16,91.3,8.16,3.88,0.68,1.96,97.42,285.32,151.97,253.44,89.05,35.66,105.08,43963498.0,89091296.0,67359654.0,-21.3,17141376.0,48906931.0,-13.9,3.43,1
11,LS일렉트릭(주),1.61,109844757.0,66.42,-23.08,-42.55,5.49,0.0,47.12,0.48,29.0,2.96,0.38,71.0,4.98,20.64,0.78,1.69,495.73,61.6,24.61,51.66,440.03,-16.29,4.75,790826042.0,950353508.0,850280028.0,13.1,403223673.0,248389941.0,12.19,8.59,1
12,아남전자(주),-3.69,-8981239.0,17.02,-31.29,-40.22,-1.0,0.0,0.0,16.58,9.34,0.0,22.74,90.66,5.0,8.16,1.37,6.9,54.69,268.52,219.46,188.94,53.53,41.04,34.25,45793974.0,129522468.0,218118835.0,46.31,31543557.0,84699626.0,9.72,2.89,1
13,에이치엘비(주),-16.68,-4408291.0,34.13,-8.72,4.92,-68.28,0.0,0.0,-49.29,-75.54,0.0,-9.34,175.54,2.77,3.96,0.19,0.22,81.64,38.14,51.09,30.39,153.99,-24.68,0.46,7374075.0,16406579.0,3257083.0,-58.94,6546708.0,2497088.0,-133.45,2.9,1
14,지더블유바이텍(주),-3.63,-6113612.0,211.46,-78.88,-73.33,-53.53,0.0,0.0,-832.89,-19.99,0.0,-112.86,119.99,2.72,0.74,0.14,1.68,0.0,17.45,0.0,6.39,0.0,-234.15,0.07,15109698.0,5308193.0,2062757.0,-22.02,15055944.0,2626759.0,-161.29,11.31,0
15,케이알모터스(주),0.19,1616372.0,62.52,2.65,17.03,-8.31,0.0,-69.1,73.24,13.8,0.0,65.76,86.2,3.9,8.27,0.9,2.22,1383.32,116.07,130.16,94.03,779.49,6.57,17.28,97010794.0,104023711.0,92185502.0,7.16,42523517.0,49358716.0,7.53,7.85,1
16,케이지케미칼(주),0.31,3631044.0,86.75,-3.79,-2.26,2.07,0.0,-62.66,-6.61,19.18,0.0,-7.24,80.82,4.22,6.15,1.09,3.16,0.0,463.71,0.0,308.88,0.0,45.3,13.71,124212432.0,117272188.0,130899099.0,0.73,14605517.0,67726850.0,0.7,11.63,0
17,코스모신소재(주),1.7,46907988.0,68.98,-9.69,12.21,-0.59,0.0,1.91,4.49,23.0,58.66,3.76,77.0,10.91,14.57,0.84,1.16,1033.96,106.27,37.89,79.3,858.01,1.44,37.81,310026854.0,340011384.0,300396404.0,12.27,77860391.0,82740878.0,12.66,10.7,1
0,(주)NH무역,1.61,1748938.0,52.56,30.26,31.25,60.75,1047.0,32621.01,1.83,9.91,18.11,3.97,90.09,7.3,13.3,2.17,602.2,180.62,155.0,111.09,114.78,6.35,34.68,13.43,33307577.0,51748400.0,99430705.0,-14.5,32631619.0,50577806.0,-4.86,3.64,1
1,(주)건양페인트,1.85,2373331.0,65.02,28.15,95.27,-1.25,-17.45,-17.27,4.31,18.7,0.0,8.96,81.3,8.32,15.66,2.08,3.74,0.0,51.75,0.0,43.19,0.0,-48.34,4.09,10900220.0,10839042.0,20084678.0,2.51,10857537.0,5618479.0,1.36,18.35,1
2,(주)경방상사,-4.78,-10362990.0,290.2,-70.15,-78.63,-10.11,0.0,0.0,-70.87,-16.69,0.0,-88.71,116.69,3.02,5.09,1.25,24.69,0.0,14.75,0.0,12.92,0.0,-314.92,0.39,25108313.0,6768122.0,18428186.0,-9.05,25001627.0,3687541.0,-12.33,10.64,0
3,(주)경인방송,-3.4,-2550182.0,42.86,-3.87,28.09,35.12,0.0,0.0,0.28,0.0,0.0,0.54,0.0,4.6,183.3,1.91,3.9,0.0,81.78,0.0,80.54,0.0,-12.38,0.67,39747974.0,29397785.0,57166298.0,-5.16,19980245.0,16340369.0,-3.59,3.51,1
4,(주)고려제지,1.38,12585859.0,79.6,-8.51,-20.11,-0.42,561.74,-23.78,15.39,22.74,189.23,8.67,77.26,6.4,11.28,0.56,0.78,971.98,166.77,66.74,127.55,813.69,9.65,26.12,128255004.0,141450271.0,83344966.0,7.95,20436251.0,34081729.0,12.24,7.46,0
5,(주)글로리아,1.21,664074.0,72.23,-3.01,-20.74,2.7,0.0,12.99,3.26,26.68,4.93,0.76,73.32,299.82,18.45,0.23,0.24,524.33,4.55,80.64,2.16,612.37,-40.16,1.35,12684046.0,15103153.0,3569641.0,1.82,6354946.0,289285.0,6.47,4.78,0
6,(주)금복,1.0,340598.0,78.32,2.56,74.19,3.97,1.58,-3.34,1.82,80.04,0.0,0.23,19.96,0.0,0.0,0.13,0.13,0.0,1.97,0.0,1.97,0.0,-90.81,0.41,13281439.0,12402615.0,1549867.0,0.01,11488370.0,225973.0,0.05,3.57,0
7,(주)금자탑,0.49,605608.0,81.25,27.32,53.21,-5.05,230.43,-60.14,4.02,22.88,19.52,1.16,77.12,31.6,7.56,0.29,0.33,1628.76,16.07,16.2,12.35,1520.34,-62.98,0.14,26190456.0,27798460.0,7159676.0,5.89,20859708.0,3351257.0,21.53,6.37,0
8,(주)기린산업,1.6,5653157.0,79.41,3.14,3.74,17.72,330.96,-12.62,1.87,20.32,0.0,3.42,79.68,4.39,9.6,1.83,6.42,0.0,126.56,0.0,88.41,0.0,14.05,4.98,51507570.0,43548982.0,78265615.0,3.39,23036319.0,29154935.0,2.23,10.44,0
9,(주)길훈종합건설,0.65,3033991.0,203.71,-2.85,-9.88,42.29,0.0,0.0,-7.18,14.72,0.0,-7.95,85.28,3.16,2.62,1.11,709.21,0.0,236.91,0.0,180.78,0.0,50.5,8.08,65772247.0,27327629.0,30697236.0,7.32,10081063.0,23882797.0,15.68,9.25,0
10,(주)넥소어,71.66,1121832.0,6.38,187.51,238.69,1987.76,0.0,0.0,14.04,56.47,179.26,46.28,43.53,7.04,10.79,3.3,26.95,131.78,151.22,140.37,99.48,39.1,28.16,0.8,1387292.0,2440045.0,5418291.0,2.79,1341396.0,2028450.0,0.71,3.29,1
11,(주)대농,-0.23,-5443245.0,118.44,-13.56,-11.91,-26.33,0.0,0.0,-17.37,5.28,0.0,-11.52,94.72,4.53,2.71,0.66,1.57,0.0,52.17,0.0,26.18,0.0,-47.52,3.18,522717287.0,232423119.0,166203066.0,-3.43,230901545.0,120454035.0,-10.79,7.88,0
12,(주)대동,0.46,4790956.0,77.79,-5.78,-6.47,20.27,0.0,303.54,-3.8,12.68,0.0,-3.21,87.32,7.32,3.46,0.84,3.22,0.0,73.43,0.0,48.97,0.0,-21.02,26.74,173808404.0,101560795.0,88238986.0,13.11,80333744.0,58987447.0,25.83,12.37,0
13,(주)대동주택,-0.43,-13204882.0,120.72,-26.84,-35.3,-36.47,0.0,0.0,-16.44,15.72,0.0,-9.25,84.28,12.68,1.76,0.56,2.78,0.0,79.85,0.0,27.73,0.0,-14.55,7.56,347841674.0,201315116.0,134113163.0,13.89,145439312.0,116137982.0,36.04,11.15,0
14,(주)대우,0.0,-7016470.0,8877.89,-79.22,-96.07,0.0,0.0,0.0,0.0,0.0,0.0,-406.47,0.0,0.0,0.0,0.0,0.0,0.0,1.19,0.0,1.19,0.0,-599.03,0.23,18136254707.0,182285435.0,0.0,-0.01,1105082075.0,13144458.0,0.0,12.76,0
15,(주)대흥정공,-1.9,-1284977.0,108.66,-19.83,-37.68,-10.12,0.0,0.0,-33.4,-10.59,0.0,-29.44,110.59,6.18,6.2,0.88,1.38,0.0,62.99,0.0,37.11,0.0,-16.48,2.81,9946464.0,5878772.0,5822035.0,1.42,2618517.0,1649473.0,2.43,10.07,0
16,(주)동방생활산업,0.35,4717625.0,99.58,-9.62,-43.71,-8.96,0.0,71.71,-1.22,10.0,0.0,-1.48,90.0,13.99,15.52,1.21,1.9,0.0,39.34,0.0,23.42,0.0,-31.08,0.71,166106644.0,147296251.0,188220793.0,-2.19,75473964.0,29693159.0,-1.93,9.31,0
17,(주)동성종합건설,0.01,650539.0,123.54,-22.29,-26.97,-41.42,0.0,0.0,-377.21,23.45,0.0,-36.77,76.55,0.36,0.44,0.1,1.39,0.0,39.66,0.0,27.21,0.0,-91.53,0.16,594082680.0,206729581.0,23040726.0,2.33,313602070.0,124380278.0,60.08,19.26,0
18,(주)동영콜드프라자,1.56,3593086.0,72.16,-5.53,32.97,36.71,0.0,302.03,13.39,55.81,16.57,2.18,44.19,3.49,0.0,0.16,0.19,628.26,118.01,126.12,118.01,656.94,1.49,16.78,54950739.0,63697174.0,10687832.0,5.77,5286172.0,6238120.0,29.68,4.74,0
19,(주)마주코통상,-10.78,-1029623.0,111.22,-8.47,-58.88,-45.8,0.0,0.0,-1.34,7.12,0.0,-0.62,92.88,8.21,20.57,0.46,3.57,0.0,163.52,0.0,142.46,0.0,5.5,2.75,20486077.0,17414845.0,8451410.0,-1.98,1507100.0,2464411.0,-4.79,0.48,0
20,(주)미라보건설,2.14,13531469.0,90.72,-70.92,-73.88,710.78,0.0,0.0,15.77,23.98,0.0,30.82,76.02,11.11,2.72,1.95,36.55,0.0,51.18,0.0,31.32,0.0,-80.87,0.32,32192706.0,16269106.0,70579236.0,55.3,26949352.0,13792215.0,25.22,18.88,0
21,(주)보성인터내셔날,-1.76,-8342874.0,815.46,-78.15,-91.09,-82.85,0.0,0.0,-767.57,-120.32,0.0,-119.3,220.32,0.34,1.28,0.16,5.88,0.0,14.6,0.0,14.6,0.0,-181.67,9.7,62221962.0,4983070.0,2159912.0,0.48,10600288.0,1547325.0,13.84,11.84,0
22,(주)부영건설,5.71,7276281.0,27.56,56.42,61.33,166.04,262.96,287.78,8.51,14.79,89.66,19.15,85.21,0.0,3.61,2.25,2860.13,294.32,140.14,752.68,79.53,7.17,28.12,5.48,22152991.0,29679781.0,54762966.0,16.47,20793981.0,29139916.0,6.66,11.37,1
23,(주)부흥산업사,0.93,367039.0,87.96,-0.75,10.32,3.92,-8.8,-52.03,2.36,25.48,0.0,3.32,74.52,6.44,12.62,1.41,2.6,0.0,64.57,0.0,49.7,0.0,-25.58,7.28,11624986.0,8964018.0,12662458.0,8.1,6471266.0,4178176.0,7.43,4.87,0
24,(주)뻬띠앙뜨,2.29,668659.0,73.45,-6.03,-17.58,-7.26,70.36,30.35,2.24,36.53,34.32,1.71,63.47,2.67,5.58,0.76,1.48,2070.84,51.79,683.58,35.24,1229.15,-40.38,3.21,14155841.0,14839420.0,11708961.0,1.97,12429748.0,6437188.0,2.38,2.61,0
25,(주)산호종합건설,16.08,5160366.0,53.78,-1.79,-80.73,1140.51,0.0,5903.64,43.95,61.68,178.09,21.97,38.32,0.0,0.99,0.5,1.28,324.82,33.27,92.27,29.46,342.74,-38.75,28.38,15584856.0,20382841.0,10284498.0,80.78,11835475.0,3938121.0,122.41,2.32,1
26,(주)삼명금속,1.44,590056.0,98.97,-2.57,-3.1,-13.63,-88.78,-66.14,1.65,21.78,0.0,2.05,78.22,5.78,15.66,1.24,1.91,0.0,40.29,0.0,29.76,0.0,-51.4,2.27,9049590.0,7454352.0,9346294.0,7.94,6417229.0,2585441.0,7.69,5.49,0
27,(주)서광,0.11,820035.0,27.29,-42.41,-49.44,-19.26,0.0,0.0,318.46,26.25,0.0,175.93,73.75,2.12,6.78,0.55,1.55,0.0,87.54,0.0,70.32,0.0,-7.91,17.97,60805680.0,37316558.0,28205424.0,0.51,23706156.0,20752587.0,1.1,20.7,1
28,(주)서륭,-0.87,-4292228.0,2.38,-28.76,-63.97,-3.71,0.0,0.0,-88.95,7.99,0.0,-69.5,92.01,13.38,4.02,0.78,1.08,0.0,218.44,0.0,97.65,0.0,9.23,5.54,66741880.0,22445300.0,21074451.0,-3.96,1749046.0,3820682.0,-12.53,20.52,1
29,(주)성림스포렉스,1.54,131269.0,81.35,0.0,0.0,0.0,0.0,0.0,21.81,42.19,0.0,12.11,57.81,0.0,0.0,0.56,0.57,0.0,2.43,0.0,2.43,0.0,-79.53,0.16,8406513.0,6878278.0,1908901.0,0.67,5606462.0,136475.0,2.93,3.05,0
30,(주)성우이컴,-0.89,-2986667.0,37.44,-61.96,81.34,-80.07,0.0,0.0,-243.85,-10.11,0.0,-78.86,110.11,5.8,8.44,0.32,0.68,393.28,110.87,9.13,110.87,69.72,8.42,1.99,12776168.0,16024795.0,9403148.0,-53.76,12410543.0,13759717.0,-73.04,14.19,1
31,(주)세림엘.엔.디,9.64,3460840.0,57.97,-11.18,-13.28,392.89,2307.56,2920.96,9.11,11.78,0.0,3.94,88.22,196.59,0.6,0.43,10.12,4750.17,102.22,292.97,24.75,290.53,2.04,1.18,83500622.0,85258466.0,39232982.0,-11.42,78410971.0,80151320.0,-24.31,0.57,1
32,(주)세모,0.95,20148143.0,125.76,-23.62,-27.09,-0.19,0.0,15.26,2.68,32.97,0.0,2.92,67.03,13.89,5.04,1.09,1.96,0.0,31.97,0.0,12.52,0.0,-71.3,0.39,222847555.0,83103019.0,104560291.0,8.44,87091650.0,27839889.0,17.99,13.11,0
33,(주)세중아이앤디,-0.56,-738344.0,67.11,-3.14,-4.45,-6.2,0.0,0.0,13.23,41.35,0.0,12.88,58.65,5.0,2.7,0.97,2.64,0.0,149.37,0.0,53.74,0.0,18.71,2.32,43581265.0,39332680.0,38921186.0,6.53,14908860.0,22269752.0,7.31,2.96,1
34,(주)세진푸드시스템,1.73,3021895.0,87.17,82.95,100.05,193.01,0.0,0.0,2.64,18.24,0.0,2.03,81.76,104.62,0.98,0.77,7.7,0.0,171.9,0.0,9.71,0.0,36.67,2.99,133472675.0,128847990.0,76466745.0,-23.65,65719874.0,112969465.0,-41.29,2.14,0
35,(주)센트로,2.76,628289.0,74.78,-2.23,-30.11,11.93,88.65,58.65,7.27,40.29,59.69,3.55,59.71,40.3,266.43,0.49,0.52,1180.58,14.37,612.41,13.74,1219.61,-28.37,4.84,7229916.0,7842321.0,3871430.0,8.78,2598499.0,373366.0,16.39,3.72,0
36,(주)송촌,0.54,1316590.0,204.01,-20.76,-34.55,-7.49,0.0,-57.46,4.86,19.8,0.0,6.65,80.2,6.34,17.71,1.37,3.42,0.0,16.6,0.0,14.75,0.0,-185.77,0.66,29574938.0,11227933.0,17388702.0,1.17,25010634.0,4152676.0,1.99,9.7,0
37,(주)수산정밀,-0.33,-1471433.0,199.7,-15.96,-21.62,79.78,0.0,0.0,-39.79,2.14,0.0,-42.39,97.86,3.12,4.32,1.07,3.1,0.0,116.96,0.0,76.19,0.0,9.07,13.54,46572971.0,14653103.0,17092673.0,2.19,7837510.0,9166699.0,5.96,14.32,0
38,(주)시티관광호텔,-0.41,-286523.0,73.44,-4.28,-38.47,-12.4,0.0,0.0,-94.85,-12.74,0.0,-12.29,112.74,39.51,539.77,0.13,0.13,0.0,0.84,0.0,0.82,0.0,-178.58,0.02,13457542.0,7472913.0,990212.0,-5.38,13457542.0,112420.0,-73.15,10.76,0
39,(주)신혼프라자,2.12,510461.0,91.99,-2.06,-10.56,-18.73,-44.65,-26.04,20.71,0.0,39.98,1.84,0.0,0.0,0.0,0.09,0.12,1739.26,7.29,179.42,7.29,1714.72,-86.11,4.97,9361577.0,9899827.0,888285.0,3.89,9194577.0,670327.0,40.96,2.75,0
40,(주)쓰리더블류투어,-3.28,-981080.0,544.7,-29.56,-80.36,-41.9,0.0,0.0,-18.36,11.28,0.0,-81.78,88.72,2322.72,0.0,4.45,44.38,0.0,1.36,0.0,1.36,0.0,-700.06,0.12,9026643.0,1232689.0,6642983.0,-7.11,8748800.0,119284.0,-9.67,4.61,0
41,(주)씨앤앰경기케이블티브이,-1.94,-5737478.0,95.42,66.67,39.42,46.95,0.0,0.0,-64.67,8.49,0.0,-17.87,91.51,7.88,21.01,0.28,0.62,0.0,8.08,0.0,6.5,0.0,-65.28,1.0,69764561.0,62929872.0,13910897.0,-2.79,44688349.0,3609139.0,-14.0,6.14,0
42,(주)아리수인터넷,-90.2,-1379077.0,8.56,-44.49,-65.72,-30.22,0.0,0.0,108.38,30.4,2157.37,49.92,69.6,4.48,19.08,0.46,3.6,161.49,43.59,32.02,37.51,200.74,-30.07,1.45,1954656.0,3165066.0,2042182.0,-34.81,1686988.0,735300.0,-33.32,0.48,1
43,(주)아성,1.21,1956591.0,94.57,-12.19,17.11,18.03,0.0,0.0,0.68,23.2,0.0,1.14,76.8,9.3,9.63,1.68,3.32,0.0,112.55,0.0,68.82,0.0,5.18,1.42,12936563.0,8781955.0,15798606.0,5.87,3627237.0,4082491.0,4.8,18.0,0
44,(주)에스켐텍,-1.53,-420336.0,89.63,6.1,24.82,3.6,0.0,0.0,-4.19,7.87,0.0,-4.19,92.13,6.43,5.53,1.0,2.83,0.0,44.0,0.0,24.98,0.0,-50.45,1.27,8376781.0,7381412.0,7174853.0,-6.82,6648809.0,2925215.0,-7.96,4.37,0
45,(주)에이치에이코리아,1.57,1750178.0,61.91,15.52,29.38,7.1,0.0,26.71,5.23,24.32,1141.43,5.7,75.68,3.17,13.3,1.09,2.65,3098.15,95.39,32.58,83.31,1231.85,-2.97,25.72,15138556.0,15627187.0,15900231.0,12.34,10072019.0,9607984.0,11.75,11.16,1
46,가야산업주식회사,1.37,294737.0,72.68,-4.83,-91.86,-47.0,0.0,0.0,2.4,96.08,10.98,0.24,3.92,52.36,0.0,0.1,0.1,4217.0,1.19,11.07,1.19,4305.95,-21.19,0.31,15869380.0,16245699.0,1632932.0,4.52,3483534.0,41598.0,43.93,1.75,0
47,구본그래픽스주식회사,-0.77,-522657.0,92.66,-2.2,5.69,-75.5,0.0,0.0,-52.14,9.85,0.0,-12.08,90.15,2.28,5.04,0.23,0.53,0.0,53.29,0.0,49.64,0.0,-49.54,0.14,8557725.0,6995748.0,1639579.0,-8.52,7419407.0,3953860.0,-44.48,10.28,0
48,금성직물공업주식회사,0.36,59756.0,95.44,-39.64,-77.66,-30.01,0.0,-67.22,-27.31,18.09,0.0,-3.94,81.91,7.94,7.73,0.14,0.15,0.0,2.2,0.0,2.2,0.0,-87.8,0.0,5475674.0,5265542.0,1008939.0,3.17,4726944.0,103846.0,17.2,2.8,0
49,나노광학주식회사,1.42,390947.0,63.92,31.2,374.62,104.79,0.0,0.0,26.69,35.54,135.02,15.6,64.46,14.39,10.82,0.58,0.95,486.31,65.06,53.54,55.4,314.56,-24.9,27.3,3992559.0,4813553.0,2479872.0,1.99,3429423.0,2231055.0,3.21,8.92,1
50,남유산업주식회사,-0.03,-164065.0,209.46,-38.76,-48.83,3.93,0.0,0.0,-773.08,42.5,0.0,-19.98,57.5,5.17,210.57,0.03,0.09,0.0,27.44,0.0,27.43,0.0,-167.02,0.14,67604571.0,29357657.0,998833.0,-4.69,67570446.0,18538045.0,-317.34,9.44,0
51,넥센알미늄(주),1.5,1389345.0,110.1,2.72,21.06,-3.23,-68.07,1.81,0.9,14.65,0.0,0.95,85.35,6.55,9.5,1.05,1.53,0.0,25.46,0.0,18.18,0.0,-97.26,3.61,22438182.0,14855431.0,15426571.0,2.1,19384212.0,4935296.0,3.05,5.78,0
52,넥스트디앤드에스주식회사,0.15,329427.0,41.86,-64.04,-86.98,-47.85,0.0,0.0,-9.54,27.24,0.0,-9.64,72.76,5.91,0.0,1.01,5.17,0.0,8.22,0.0,8.22,0.0,-200.37,0.34,11013475.0,5044773.0,9641198.0,-68.0,11013475.0,905490.0,-77.67,10.14,1
53,넥스트미디어코퍼레이션(주),-1.3,-1278997.0,27.97,-92.12,-95.55,0.0,0.0,0.0,0.0,0.0,-33.84,-6.67,0.0,0.0,0.0,0.0,0.0,136.23,93.59,4237.04,93.59,108.73,-3.69,9.46,2886154.0,5004674.0,0.0,-420.68,2886154.0,2701258.0,0.0,4.2,1
54,대경염직(주),2.19,1675616.0,75.15,0.0,0.0,0.0,0.0,0.0,14.83,34.48,0.0,21.45,65.52,9.36,29.26,1.45,1.84,0.0,35.49,0.0,27.29,0.0,-38.92,0.14,10403991.0,8131392.0,5880713.0,4.81,4905268.0,1740900.0,8.51,25.06,0
55,대동주택종합건설주식회사,-0.19,-1064004.0,160.58,-8.55,-11.98,0.0,0.0,0.0,0.0,0.0,0.0,-25.96,0.0,0.0,0.0,0.0,0.0,0.0,27.38,0.0,26.11,0.0,-163.91,0.03,51937988.0,21292637.0,0.0,1.31,48060305.0,13159489.0,0.0,15.77,0
56,대방건설주식회사,213.27,3684501.0,44.9,48.07,795.17,1214.71,86.98,379.11,8.53,25.72,60.72,5.92,74.28,7.45,6.15,0.69,1.19,775.95,129.1,151.32,88.17,359.63,13.29,15.88,45814708.0,51719047.0,30071699.0,-28.25,23613412.0,30485361.0,-43.04,0.07,1
57,대산건설주식회사,-0.11,-638299.0,190.14,-76.58,383.28,0.0,0.0,0.0,0.0,0.0,0.0,-44.09,0.0,0.0,0.0,0.0,0.0,0.0,0.37,0.0,0.37,0.0,-170.38,0.02,23234438.0,6054477.0,0.0,11.7,10354143.0,38479.0,0.0,14.14,0
58,대성쎌틱에너시스(주),-0.17,-328512.0,68.89,-25.97,-30.29,-0.19,0.0,0.0,-12.35,22.9,0.0,-16.39,77.1,2.69,8.67,1.33,4.57,0.0,64.77,0.0,50.19,0.0,-36.03,0.35,21719840.0,20321086.0,31690825.0,3.01,20787136.0,13464496.0,2.06,9.17,1
59,대성청정에너지(주),0.54,353802.0,81.79,34.01,50.93,20.86,0.0,-26.16,-1.47,22.17,-33.49,-0.56,77.83,5.41,12.64,0.39,0.48,8064.61,30.17,10.38,26.0,6562.12,-45.44,0.33,25120127.0,25431613.0,8553366.0,-2.61,16546841.0,4991536.0,-7.67,3.79,0
60,대우중공업,0.0,-903136.0,3529.12,-34.79,758.86,0.0,0.0,0.0,0.0,0.0,0.0,-331.9,0.0,0.0,0.0,0.0,0.0,0.0,51.21,0.0,51.21,0.0,-70.81,0.29,4761647885.0,107356225.0,0.0,0.68,155795393.0,79778126.0,0.0,10.94,0
61,대일광업주식회사,0.05,29575.0,84.11,-4.79,-3.58,-11.16,0.0,-94.86,-71.34,60.35,0.0,-34.84,39.65,7.31,2.11,0.49,0.82,0.0,34.74,0.0,12.69,0.0,-69.62,1.8,14245001.0,10722912.0,5368898.0,0.9,11438281.0,3973235.0,2.39,6.74,0
62,대한건설(주),0.26,662218.0,43.61,88.74,70.46,122.31,351.52,0.0,190.69,17.31,84.9,14.53,82.69,9.64,4.48,0.08,0.12,458.28,24.59,925.15,19.66,524.11,-18.77,0.4,93275917.0,113629210.0,6623784.0,-26.02,28286515.0,6954789.0,-366.43,5.55,1
63,대한송유관공사,1.15,44603197.0,60.28,1.46,30.23,22.9,0.0,63.02,18.69,49.26,9.65,2.26,50.74,11.85,38.83,0.12,0.13,309.54,22.13,92.82,20.19,395.7,-11.9,11.89,646302549.0,855096022.0,102840469.0,4.23,130632589.0,28909547.0,26.61,6.98,1
64,대홍방직(주),-2.36,-715437.0,72.21,-5.27,-7.53,-5.16,0.0,0.0,0.61,6.93,0.0,0.65,93.07,7.95,20.63,1.07,1.4,14873.45,24.4,5.56,17.2,12116.45,-59.12,0.17,8266066.0,8321642.0,9114570.0,3.93,6507478.0,1587801.0,3.57,4.52,0
65,대화흥산(주),0.56,777775.0,88.6,-2.55,52.97,15.59,0.0,-42.1,-2.36,49.7,-43.95,-0.33,50.3,3.89,0.0,0.14,0.14,16975.42,35.5,4.83,35.5,16318.09,-8.06,0.91,22115583.0,22245863.0,3106885.0,-5.25,2779365.0,986654.0,-37.36,6.91,0
66,도레미농산주식회사,2.32,1440481.0,104.39,10.27,66.79,-51.55,0.0,259.78,30.91,58.15,0.0,10.95,41.85,2.56,13.16,0.35,0.52,0.0,95.6,0.0,95.6,0.0,-1.61,0.02,10583251.0,7858575.0,2654683.0,3.62,2880067.0,2753348.0,14.45,7.51,0
67,동건해운주식회사,0.06,66655.0,79.74,-30.48,-54.15,5.54,0.0,-54.09,13.45,12.65,674.49,7.61,87.35,11.65,67.17,0.57,0.69,2065.83,77.65,128.79,71.39,1890.11,-3.66,5.08,13303049.0,13947006.0,9613919.0,14.12,2286529.0,1775539.0,19.54,7.25,0
68,동남갈포공업주식회사,-4.85,-656085.0,474.22,-51.81,-65.99,-19.49,0.0,0.0,-131.41,20.97,0.0,-73.08,79.03,2.62,1.64,0.56,2.22,0.0,10.27,0.0,6.75,0.0,-449.26,0.0,19123123.0,3815681.0,3262490.0,-4.59,19104762.0,1962619.0,-26.89,0.75,0
69,동부팜가야(주),0.3,1659356.0,79.92,-11.77,-17.37,4.6,0.0,-14.86,-8.87,30.88,0.0,-11.98,69.12,8.36,30.1,1.35,6.73,0.0,33.79,0.0,29.9,0.0,-75.42,0.28,59319299.0,51182331.0,73703021.0,-4.13,58307396.0,19704528.0,-3.32,13.73,0
70,동신섬유주식회사,0.74,1066930.0,78.94,-10.44,-18.69,6.18,103.47,-43.86,2.68,22.79,0.0,2.36,77.21,12.59,6.55,0.88,1.16,0.0,52.1,0.0,23.83,0.0,-19.75,2.58,17833964.0,16782854.0,15680913.0,20.48,6920584.0,3605481.0,23.29,9.81,0
71,동양수산주식회사,1.52,742497.0,46.26,18.58,-1.71,18.18,0.0,0.0,5.18,7.08,0.0,10.23,92.92,1258.64,6.67,1.97,3.92,3927.15,54.05,137.42,18.74,2299.8,-36.46,1.19,16190435.0,16602704.0,30202391.0,8.14,13174944.0,7121346.0,4.37,5.21,1
72,동양제지공업주식회사,-1.76,-962060.0,86.75,-7.4,-3.76,15.37,0.0,0.0,-15.69,1.13,-83.37,-9.5,98.87,3.66,3.42,0.61,0.97,1346.55,68.4,12.07,34.23,937.62,-16.25,0.31,13806971.0,14832331.0,9343024.0,1.82,7629307.0,5218319.0,2.69,4.29,0
73,동일산업주식회사,2.8,2983885.0,66.52,11.71,-4.21,-4.82,30.54,-27.75,5.74,16.25,51.98,7.95,83.75,10.69,10.66,1.38,2.45,447.82,69.38,271.08,49.14,331.22,-17.45,11.59,24279603.0,29701295.0,38960227.0,22.62,16925976.0,11743641.0,14.09,5.42,1
74,동일제강(주),-0.03,-339915.0,86.4,-5.91,-3.11,-5.01,0.0,0.0,-20.71,8.31,0.0,-10.01,91.69,3.73,6.88,0.48,0.81,0.0,460.61,0.0,390.4,0.0,31.65,34.72,95653741.0,84310790.0,42023415.0,2.81,7399775.0,34084264.0,6.38,13.33,0
75,디에스디삼호(주),-0.8,-367216.0,96.44,36.19,36.36,0.0,0.0,0.0,0.0,0.0,0.0,-1.14,0.0,0.0,0.0,0.0,0.0,0.0,95.85,0.0,15.01,0.0,-4.33,0.08,88408066.0,84751442.0,0.0,-15.89,88396976.0,84728879.0,0.0,0.65,0
76,매일산업주식회사,1.13,931606.0,50.27,-2.41,28.55,111.75,0.0,0.0,0.93,5.6,22.7,2.53,94.4,21.53,9.93,2.72,10.13,637.81,103.07,238.3,47.51,264.61,1.91,2.91,13071027.0,15120386.0,41659080.0,-6.52,9408594.0,9697578.0,-2.04,8.77,1
77,모토로라코리아(주),-12.77,-31273430.0,84.93,-26.49,-27.85,-34.81,0.0,0.0,-0.88,5.67,0.0,-4.38,94.33,9.72,101.89,4.97,78.26,0.0,68.92,0.0,66.06,0.0,-30.56,4.77,141975772.0,74916853.0,439288335.0,9.59,73648358.0,50754908.0,3.1,3.44,0
78,무림파워텍주식회사,2.28,10528741.0,69.86,-0.04,18.01,11.39,179.18,41.14,8.13,21.55,28.85,4.94,78.45,9.83,71.85,0.61,0.67,409.79,50.39,102.85,44.29,458.34,-9.94,11.39,67432980.0,83888378.0,51004779.0,9.02,16801351.0,8466655.0,11.93,7.6,1
79,문창수산주식회사,3.47,2109697.0,79.12,0.0,0.0,0.0,0.0,0.0,11.5,19.93,0.0,36.26,80.07,0.0,0.0,3.15,4.25,0.0,17.27,0.0,17.27,0.0,-84.45,2.16,11206620.0,10159900.0,16023082.0,19.91,10371542.0,1791576.0,13.92,15.12,0
80,보영운수주식회사,-5.8,-3434083.0,65.87,0.0,0.0,0.0,0.0,0.0,-1.38,-7.65,0.0,-9.45,107.65,0.0,297.61,6.83,19.14,0.0,30.6,0.0,29.38,0.0,-129.83,3.26,14871888.0,5726361.0,19556239.0,-13.64,10713003.0,3278705.0,-10.37,31.4,1
81,부국관광주식회사,-0.08,-25330.0,131.73,-0.2,-7.61,0.0,0.0,0.0,0.0,0.0,0.0,-4.04,0.0,0.0,0.0,0.0,0.0,0.0,1.74,0.0,1.74,0.0,-136.94,1.73,11787947.0,8458165.0,0.0,-3.25,11787947.0,204977.0,0.0,3.2,0
82,부산물류터미널(주),0.37,2590161.0,191.03,-84.72,-0.7,-4.74,0.0,16.12,-700.18,0.0,0.0,-49.54,0.0,8.53,0.0,0.07,0.08,0.0,8.88,0.0,8.88,0.0,-403.92,0.41,86506501.0,19502478.0,5204136.0,3.1,86447661.0,7673000.0,51.6,9.51,0
83,부평판지(주),-0.32,-970700.0,154.07,-48.12,-45.07,-18.52,0.0,0.0,19.35,6.84,0.0,11.21,93.16,4.31,13.13,0.58,1.36,0.0,11.41,0.0,8.95,0.0,-160.91,0.11,32723643.0,17092121.0,14499578.0,-9.27,31046161.0,3543799.0,-20.92,8.74,0
84,삼덕실업(주),0.27,269729.0,217.35,-15.71,-19.18,-31.96,0.0,0.0,-3.59,7.67,0.0,-10.15,92.33,36.79,9.32,2.82,7.48,0.0,19.03,0.0,10.12,0.0,-212.38,0.16,17209426.0,6280498.0,19391088.0,-2.22,16474211.0,3135438.0,-1.97,7.0,0
85,삼도주택주식회사,1.08,1011015.0,73.49,23.88,147.04,-75.61,-70.25,-15.49,7.37,93.98,2.92,0.55,6.02,1.0,0.13,0.07,0.24,478.9,266.0,82.16,12.09,70.89,54.76,0.92,17706493.0,21403825.0,1441380.0,-3.78,7061253.0,18782817.0,-46.4,6.45,0
86,삼목강업(주),3.47,1522972.0,70.67,1.1,23.73,24.56,133.82,35.93,5.97,15.74,0.0,14.69,84.26,11.09,10.27,2.46,5.08,903.93,62.98,90.26,39.4,449.49,-32.46,3.93,7386858.0,8204053.0,20089102.0,15.42,7194047.0,4530876.0,5.67,6.86,0
87,서일석유(주),0.47,234224.0,67.4,-8.49,-3.69,-14.44,-23.07,0.0,0.25,13.85,5.04,0.88,86.15,72.71,39.89,3.57,7.8,434.39,37.6,128.44,26.16,392.5,-44.06,3.14,9484992.0,11668538.0,43611043.0,6.08,8238934.0,3098209.0,1.32,5.74,1
88,서통상사(주),0.23,822826.0,326.16,-65.79,-66.25,-23.76,0.0,-0.92,-111.42,14.11,0.0,-88.09,85.89,4.68,12.51,0.79,329.24,0.0,25.63,0.0,24.57,0.0,-283.37,0.05,43280245.0,11338688.0,17582026.0,-0.87,43203422.0,11073133.0,-2.14,9.4,0
89,설악산업(주),0.23,724069.0,131.01,68.34,-70.91,-25.27,0.0,27.5,-24.69,15.76,0.0,-7.45,84.24,8.95,30.1,0.3,8.92,0.0,10.56,0.0,10.1,0.0,-125.28,0.79,37331844.0,26406806.0,6353606.0,-0.51,36986534.0,3904667.0,-3.02,10.96,0
90,성도통상주식회사,-1.52,-939076.0,258.8,-0.7,1.35,6.11,0.0,0.0,-74.31,0.23,0.0,-7.38,99.77,34.17,0.28,0.1,0.19,0.0,15.76,0.0,2.58,0.0,-224.3,0.05,51388141.0,18669488.0,1859810.0,-3.09,49713188.0,7836642.0,-85.47,1.28,0
91,성일종합건설주식회사,-4.67,-946212.0,33.02,-39.69,323.04,37.79,0.0,0.0,0.45,6.37,2.97,0.39,93.63,6.07,52.97,0.86,1.65,224.17,126.57,123.23,124.73,61.22,17.03,0.15,14170829.0,20492428.0,23553957.0,-13.76,13132705.0,16622190.0,-8.28,1.31,1
92,성훈엔지니어링주식회사,52.29,2460601.0,66.07,-0.59,11.0,-17.36,126.38,163.62,10.24,15.44,107.08,14.78,84.56,5.79,20.12,1.44,2.7,370.36,61.27,443.33,49.75,248.56,-29.81,11.43,13135337.0,16681983.0,24162361.0,19.19,12838586.0,7866309.0,10.43,0.38,1
93,세광주택주식회사,-1.94,-7147056.0,153.0,-25.89,-25.4,-30.33,0.0,0.0,-243.72,-60.51,0.0,-38.27,160.51,0.42,0.43,0.16,8.44,0.0,171.82,0.0,119.02,0.0,40.2,0.02,63155221.0,31111945.0,5738204.0,0.87,17415832.0,29923533.0,9.6,8.13,0
94,세연산업주식회사,-2.2,-4624858.0,245.27,-59.29,-66.16,-54.74,0.0,0.0,-48.13,12.63,0.0,-83.78,87.37,2.87,24.93,1.74,11.67,0.0,39.71,0.0,33.51,0.0,-112.6,1.86,22272630.0,4986221.0,14999635.0,1.28,9312198.0,3697902.0,1.91,14.19,0
95,센텀시티주식회사,-0.01,-102832.0,94.73,5.38,-95.52,1098.59,-99.99,0.0,0.01,0.0,0.05,0.0,0.0,0.0,0.0,0.07,0.13,6538.88,4.42,113.79,4.42,6360.4,-90.64,1.5,218750873.0,222096261.0,14315657.0,0.69,210630833.0,9316174.0,10.56,5.85,0
96,송촌건설주식회사,-0.37,-2268678.0,48.33,-0.78,-48.08,-87.97,0.0,0.0,1986.7,3.86,0.0,188.62,96.14,1.62,0.6,0.09,0.59,141.52,123.83,204.67,32.69,197.15,3.54,4.08,40956653.0,69897992.0,6662173.0,32.02,10368579.0,12839715.0,196.82,5.97,1
97,슐럼버제코리아(주),999999999.0,-1648648.0,85.97,-6.33,-16.71,-39.73,0.0,0.0,-27.59,31.93,0.0,-5.58,68.07,2.93,3.3,0.2,0.28,0.0,64.21,0.0,27.67,0.0,-12.4,6.89,13597364.0,11153557.0,2333355.0,-9.4,3864812.0,2481755.0,-54.79,0.0,0
98,스카니아코리아(주),-0.09,-634632.0,59.44,2.09,-5.14,53.87,0.0,0.0,0.53,10.57,8.8,0.9,89.43,3.34,6.59,1.71,19.11,839.02,101.13,88.08,56.97,160.85,0.92,2.03,110857680.0,124070376.0,210119546.0,-9.57,101670265.0,102817653.0,-5.05,8.3,1
99,시드코세화흥업(주),-0.27,-199666.0,73.88,-26.19,-21.63,-65.1,0.0,0.0,-11.29,8.05,0.0,-2.4,91.95,7.23,0.25,0.21,10.63,0.0,86.48,0.0,6.12,0.0,-15.24,0.02,15735091.0,13964835.0,3495992.0,29.97,15737302.0,13609255.0,134.89,5.98,0
100,신공항하이웨이주식회사,0.28,19947550.0,70.01,-1.4,67.29,30.15,0.0,0.0,15.71,30.4,3.57,0.97,69.6,38.97,101.22,0.06,126.32,258.07,362.99,92.74,359.08,335.03,4.66,1.33,1039154140.0,1441813612.0,89905895.0,1.27,25564299.0,92796613.0,14.7,6.91,0
101,신동양레미콘(주),0.77,3661972.0,55.32,64.73,198.4,135.12,0.0,273.73,3.99,14.82,0.0,5.36,85.18,4.54,157.81,1.34,2.75,0.0,55.89,0.0,54.64,0.0,-44.17,12.16,35753120.0,34269764.0,37030674.0,1.29,34317610.0,19180338.0,1.25,11.11,1
102,신세계음향공업주식회사,1.38,400945.0,135.08,-4.77,-21.08,2.1,0.0,29.51,6.6,51.29,0.0,0.91,48.71,194.23,6.86,0.14,0.14,0.0,15.71,0.0,6.05,0.0,-17.99,0.24,15808948.0,9788495.0,1389940.0,2.84,2088991.0,328095.0,32.35,2.13,0
103,신신상사(주),1.14,1783944.0,65.63,31.78,87.47,30.22,0.0,0.0,0.2,35.01,29.21,0.21,64.99,7.17,4.39,1.04,2.97,158483.07,52.7,2.48,25.45,76029.81,-46.72,0.32,25590262.0,25606409.0,23484879.0,-9.56,25292321.0,13329876.0,-10.42,9.53,1
104,신젠타종묘주식회사,-1.04,-2479232.0,159.03,0.0,0.0,0.0,0.0,0.0,-46.03,63.57,0.0,-47.27,36.43,6.45,3.24,1.03,2.94,0.0,29.26,0.0,12.36,0.0,-132.68,2.39,59929804.0,30454367.0,15638132.0,-2.09,57116619.0,16710507.0,-8.02,9.86,0
105,신해물산주식회사,999999999.0,-22251.0,70.54,0.28,15.08,14.92,0.0,0.0,-2.73,0.0,-0.85,-0.13,0.0,0.0,0.0,0.05,0.05,579.19,1059.82,143.64,1059.82,614.61,8.61,1012.27,6655594.0,7804706.0,360844.0,1.17,70024.0,742126.0,21.58,0.0,0
106,신호유통주식회사,-1.75,-822573.0,143.89,-9.78,-10.45,8.92,0.0,0.0,-42.48,9.03,0.0,-13.68,90.97,6.83,0.0,0.32,0.36,0.0,46.93,0.0,46.93,0.0,-7.3,4.21,13001594.0,8410944.0,2854893.0,-4.54,1157520.0,543172.0,-20.69,3.91,0
107,씨네플랜,1.79,558558.0,73.92,-0.43,61.09,-4.31,-68.55,-52.91,3.13,38.0,449.76,1.95,62.0,4478.65,1110.45,0.62,0.86,6973.85,8.75,134.23,8.67,6537.91,-78.98,7.02,9361204.0,9495437.0,5936453.0,10.76,8218437.0,719408.0,16.96,4.3,0
108,아성전자부품주식회사,-0.61,-436324.0,65.95,-7.49,-13.29,17.27,0.0,0.0,-4.39,4.46,-154.12,-7.53,95.54,12.8,21.56,1.71,2.68,8472.14,30.28,11.17,21.36,6124.44,-65.76,0.8,14191603.0,14359112.0,25618536.0,3.03,13542292.0,4100128.0,1.68,7.01,1
109,애드라닷컴(주),-1.79,-894483.0,85.49,-31.15,2.32,-15.92,0.0,0.0,-109.15,-4.65,0.0,-36.52,104.65,6.58,0.0,0.33,1.13,0.0,125.17,0.0,125.17,0.0,8.08,14.11,5245536.0,4388368.0,1800275.0,-5.35,1408770.0,1763342.0,-15.58,11.8,0
110,앰코테크놀로지코리아(주),-1.79,-128176789.0,87.27,-28.04,-6.54,-8.1,0.0,0.0,-42.76,18.71,-178.09,-16.89,81.29,3.68,51.75,0.39,0.77,8378.46,301.65,10.97,288.83,6920.88,12.28,50.54,1100956906.0,1114097233.0,525763901.0,16.25,67849282.0,204670504.0,34.03,6.56,0
111,에스엘미러텍,-3.53,-2400750.0,49.08,-1.2,64.47,21.69,0.0,0.0,-8.63,-4.27,0.0,-9.31,104.27,13.96,28.49,1.08,1.3,0.0,28.51,0.0,22.61,0.0,-46.97,3.72,16098395.0,12912074.0,14000607.0,-8.36,8483801.0,2419018.0,-9.61,6.25,1
112,에이비씨통상(주),0.45,202297.0,75.85,-4.02,-8.54,-21.92,0.0,-13.88,-5.49,29.68,-13.38,-1.65,70.32,1.76,7.63,0.3,0.6,751.53,43.87,79.97,38.64,579.43,-40.89,0.09,11179212.0,12666746.0,3883129.0,11.33,9226982.0,4047494.0,32.61,4.48,0
113,에이케이에스앤디주식회사,1.05,13539348.0,69.14,0.61,-14.38,61.86,0.0,74.17,44.81,0.0,48.57,4.73,0.0,0.0,0.77,0.11,0.14,701.58,66.82,65.59,22.05,653.0,-9.21,0.45,221097423.0,252611664.0,26610391.0,4.38,70077397.0,46823371.0,36.35,7.22,1
114,(주)엠에스에스글로벌,1.22,1135788.0,57.35,-5.86,-7.05,-6.56,0.0,1705.1,0.89,4.81,0.0,3.68,95.19,13.79,49.54,4.15,7.78,0.0,75.38,0.0,59.43,0.0,-14.05,7.81,18681131.0,10813144.0,46267013.0,6.0,6167720.0,4648943.0,2.42,12.65,1
115,(주)올림픽콜로세움,1.69,1530374.0,92.63,0.08,125.94,23.79,0.0,51.7,21.03,99.86,0.0,3.08,0.14,181.54,1481.1,0.15,0.15,0.0,3.74,0.0,3.74,0.0,-58.42,0.17,21833190.0,21760007.0,3185116.0,3.04,13205404.0,493807.0,20.85,4.52,0
116,(주)옵토웨이퍼테크,-2.65,-4913007.0,57.59,6.14,1.07,-18.04,0.0,0.0,-48.63,7.08,-56.54,-13.07,92.92,5.82,1.7,0.27,0.45,258.53,41.99,257.2,17.8,268.87,-34.55,0.03,26963680.0,37393333.0,9756211.0,-5.32,22271578.0,9350864.0,-14.7,7.71,1
117,(주)용화미크론,1.97,1062023.0,63.19,18.43,11.14,47.0,0.0,0.0,5.67,17.98,62.18,6.08,82.02,9.19,3.07,1.07,2.64,586.46,80.41,104.67,30.31,330.39,-12.63,1.53,9975367.0,11676320.0,11549528.0,4.44,7531746.0,6056567.0,3.83,7.0,1
118,(주)원정,1.89,1331801.0,68.6,-0.85,30.41,-2.56,19.71,-2.59,16.48,47.28,29.82,5.36,52.72,0.0,0.0,0.33,0.34,381.68,2.6,85.07,2.6,472.07,-74.63,0.82,11688586.0,14750965.0,4821367.0,12.3,11303312.0,294291.0,29.82,6.65,1
119,(주)이논,-0.19,-412087.0,136.85,-3.34,-6.45,-64.21,0.0,0.0,-146.12,-6.54,0.0,-12.58,106.54,0.49,0.17,0.09,0.29,0.0,35.94,0.0,8.89,0.0,-118.61,0.41,28706366.0,15316028.0,1341799.0,-0.92,28357509.0,10190444.0,-19.72,10.85,0
120,(주)일신레져,12.1,2184553.0,88.84,0.7,23.01,18.77,-32.83,10.66,6.25,38.19,25.78,1.76,61.81,238.89,57.3,0.28,0.3,1207.47,68.91,458.26,64.22,1216.26,-3.15,26.12,41278500.0,44697093.0,12522123.0,3.63,4524781.0,3118206.0,11.98,0.45,0
121,(주)장안에너지,5.03,280886.0,116.33,33.3,-16.74,-2.44,0.0,-13.17,29.58,0.0,0.0,3.19,0.0,6.25,299.1,0.11,0.11,0.0,3.68,0.0,3.68,0.0,-112.34,1.81,10244732.0,7798618.0,736243.0,4.48,9095449.0,334465.0,62.34,0.67,0
122,(주)제이에이치레전드호텔,0.55,433293.0,64.4,24.53,-28.29,-1.7,0.0,-25.08,70.05,86.32,236.83,21.53,13.68,58.83,284.91,0.31,0.31,296.83,9.93,102.34,8.85,393.9,-6.69,0.85,12029036.0,16081596.0,4455004.0,1.44,1193717.0,118520.0,3.89,7.05,1
123,(주)중부농축산물류센터,-4.21,-8324670.0,109.58,-0.35,14.64,-33.68,0.0,0.0,-67.21,10.36,0.0,-60.05,89.64,19.88,30.03,0.89,1.09,0.0,20.99,0.0,18.13,0.0,-69.54,0.52,49805086.0,30875456.0,27633029.0,-10.25,27173612.0,5704069.0,-18.47,6.57,0
124,(주)중앙제공,-2.18,-1321298.0,130.14,-18.06,-17.17,-13.77,0.0,0.0,-14.6,0.08,0.0,-26.28,99.92,2.75,15.27,1.8,42.62,0.0,42.91,0.0,37.15,0.0,-117.3,1.82,12730260.0,6103499.0,12198614.0,-13.33,12541162.0,5381794.0,-13.91,8.92,0
125,(주)캐슬렉스제주,0.69,2704953.0,133.26,-3.85,-38.79,33.85,0.0,169.61,-12.43,44.97,0.0,-2.15,55.03,85.03,86.18,0.17,0.19,0.0,3.49,0.0,3.32,0.0,-105.83,1.36,90635666.0,52831335.0,9335722.0,0.3,57929160.0,2020260.0,2.94,5.57,0
126,(주)케이비아이텍,2.33,2552473.0,76.12,-5.82,4.52,10.88,-87.9,-10.25,4.49,37.03,0.0,3.43,62.97,16.42,0.0,0.76,0.9,0.0,11.23,0.0,11.23,0.0,-86.77,1.42,15194765.0,12385130.0,9740699.0,17.96,12105234.0,1359148.0,28.02,11.13,0
127,(주)크로스텍,-2.47,-3137631.0,188.54,-60.13,-72.19,-58.14,0.0,0.0,-47.43,8.15,0.0,-48.35,91.85,2.36,8.79,1.02,3.42,0.0,21.84,0.0,9.84,0.0,-165.5,0.98,17688369.0,5934639.0,10611355.0,-6.19,12566417.0,2744834.0,-10.32,11.11,0
128,(주)탑금속,1.73,2112896.0,58.5,-7.55,-7.03,-2.52,232.47,0.38,4.14,9.88,76.93,5.06,90.12,2.57,37.41,1.22,2.93,800.44,71.17,39.37,67.05,400.84,-22.47,0.03,22061619.0,24817807.0,31598236.0,10.36,19347224.0,13769808.0,7.23,7.05,1
129,(주)투마트,-1.55,-675003.0,136.48,-73.85,-31.29,-24.78,0.0,0.0,-13.75,17.51,0.0,-30.52,82.49,25.39,28.62,2.22,3.96,0.0,46.41,0.0,31.72,0.0,-51.56,19.58,8993986.0,4515290.0,24185061.0,-12.58,4344240.0,2016190.0,-4.68,4.45,0
130,(주)평화목화예식장,1.39,374434.0,73.14,-1.8,-15.96,-5.88,60.12,-16.74,5.66,0.0,4.54,0.89,0.0,200.41,0.0,0.16,0.16,392.28,1.98,198.75,1.98,487.97,-43.27,1.28,7406909.0,9295079.0,1479000.0,3.03,4103638.0,81311.0,15.15,3.89,0
131,엘티삼보주식회사,3.14,14446952.0,100.2,18.94,30.8,22.93,-23.84,434.88,9.37,16.6,0.0,22.18,83.4,3.42,77.1,2.37,19.74,0.0,60.72,0.0,58.51,0.0,-51.42,0.58,107141127.0,55929448.0,121875841.0,1.17,73212799.0,44454906.0,1.03,7.99,0
132,엠에프씨주식회사,999999999.0,1634414.0,135.04,-87.36,-89.19,695.08,0.0,0.0,23.61,0.0,0.0,13.31,0.0,0.0,0.0,0.56,29.55,0.0,38.73,0.0,38.73,0.0,-113.71,26.61,5527572.0,2932465.0,7367896.0,16.66,5442256.0,2107654.0,12.5,0.0,0
133,연일주택주식회사,-0.02,-26830.0,96.78,0.42,0.43,0.0,0.0,0.0,0.0,0.0,0.0,-10.21,0.0,0.0,0.0,0.0,0.0,0.0,174.46,0.0,100.86,0.0,41.7,0.05,21270549.0,15610294.0,0.0,-0.13,8743606.0,15253706.0,0.0,11.78,0
134,영인관광농원주식회사,999999999.0,-49090.0,121.13,-0.23,-14.71,0.0,0.0,0.0,0.0,0.0,0.0,-0.69,0.0,0.0,0.0,0.0,0.0,0.0,2.01,0.0,0.3,0.0,-118.71,0.11,9187602.0,7584357.0,0.0,-0.53,9187602.0,184540.0,0.0,0.0,0
135,오성판지주식회사,0.42,111274.0,66.03,-24.43,-24.43,-2.12,0.0,13844.11,-0.43,15.4,-4.77,-0.58,84.6,2.94,36.41,1.34,4.42,643.38,88.73,175.08,83.23,319.44,-7.25,9.77,6758727.0,7809235.0,12192496.0,4.44,5019310.0,4453509.0,2.46,4.28,1
136,오진상사주식회사,2.92,3651407.0,71.75,6.6,5.64,14.75,18.05,3.99,4.7,23.27,35.39,6.73,76.73,8.36,3.41,1.43,22.61,361.2,112.52,204.09,56.19,56.25,9.77,3.98,24344554.0,31084554.0,43132478.0,-3.43,24257084.0,27293326.0,-1.94,5.58,0
137,와이이엔주식회사,5.29,1602934.0,64.27,492.03,273.84,584.33,0.0,0.0,0.57,14.88,16.94,0.89,85.12,8.29,60.51,1.55,8.0,936.39,25.27,77.88,23.71,805.45,-65.9,1.72,46672356.0,51656629.0,46881804.0,4.62,45552287.0,11511022.0,4.6,1.46,1
138,우리자원주식회사,1.13,536520.0,49.82,36.55,110.86,-33.46,0.0,0.0,0.13,4.08,6.91,0.49,95.92,87.1,13.03,3.7,7.54,1463.09,65.99,123.25,25.42,648.46,-30.16,11.82,9016037.0,9632269.0,30866807.0,9.74,8541111.0,5636248.0,2.84,8.77,1
139,원덕제지주식회사,-0.26,-400767.0,243.9,-26.43,-47.09,-17.86,0.0,0.0,-80.93,10.09,0.0,-96.75,89.91,5.62,20.38,1.2,2.6,0.0,152.55,0.0,131.36,0.0,14.42,43.26,38395598.0,13796488.0,19456377.0,3.7,3785420.0,5774807.0,7.31,5.8,0
140,원일종합건설주식회사,-1.79,-622708.0,32.44,8.87,0.98,391.38,0.0,0.0,-6.25,16.51,-14.07,-1.55,83.49,5.84,0.58,0.25,1.06,914.97,89.71,174.03,17.48,348.35,-7.53,2.86,47768544.0,52989347.0,12637705.0,9.95,38792245.0,34802436.0,37.61,1.3,1
141,유로써키트주식회사,-1.27,-1494068.0,71.29,-8.62,-12.61,11.23,0.0,0.0,-10.04,4.06,-107.66,-6.76,95.94,8.63,4.34,0.67,1.15,3195.85,49.86,16.62,23.71,2190.79,-33.72,0.24,28151595.0,29032474.0,20455804.0,-7.85,19524176.0,9734203.0,-10.8,5.41,0
142,유신전자공업(주),0.59,8332448.0,73.63,28.42,26.11,7089.42,0.0,0.0,-5.87,16.7,0.0,-2.91,83.3,469.69,0.68,0.5,48.62,0.0,136.17,0.0,54.7,0.0,25.98,46.75,244115722.0,206597173.0,91021467.0,-6.16,148383814.0,202054430.0,-16.51,8.57,0
143,유원산업주식회사,0.76,3942447.0,300.69,-13.99,2.35,13.01,0.0,854.48,-64.13,19.89,0.0,-88.99,80.11,19.76,23.18,1.39,1.94,0.0,14.87,0.0,9.81,0.0,-125.05,1.25,68917433.0,17897031.0,26856456.0,-7.04,26289895.0,3909492.0,-18.06,10.51,0
144,유유후마킬라주식회사,-1.5,-377613.0,115.18,-8.87,-11.03,-8.99,0.0,0.0,-4.49,29.74,0.0,-3.21,70.26,4.3,1.63,0.72,2.53,0.0,31.05,0.0,13.04,0.0,-153.3,2.98,14604883.0,6510583.0,4890613.0,-1.93,14476192.0,4495337.0,-5.75,3.32,0
145,이지디지탈주식회사,0.03,37231.0,65.06,-35.17,-48.12,12.8,0.0,0.0,0.17,11.22,3.01,0.15,88.78,4.4,4.16,0.86,6.23,1493.2,225.07,54.39,131.94,561.48,35.99,4.42,19897788.0,21230344.0,23089614.0,9.74,6108480.0,13748346.0,8.39,5.81,1
146,이화화섬주식회사,0.16,249384.0,257.2,-14.15,8.26,-2.0,0.0,-90.25,52.53,6.69,0.0,157.76,93.31,458.72,37.16,3.0,5.57,0.0,14.84,0.0,14.39,0.0,-285.41,0.06,27804658.0,7970425.0,25909627.0,28.46,26713287.0,3964535.0,30.54,6.2,0
147,인천공항에너지(주),0.38,5243770.0,77.67,-1.96,15.53,15.81,0.0,563.07,-17.98,13.99,-22.16,-4.38,86.01,11.59,158.66,0.24,43.66,463.61,274.7,59.36,271.16,496.79,7.54,1.06,145793768.0,177241421.0,43588280.0,-2.85,7648893.0,21011320.0,-9.52,9.96,0
148,인텍크산업주식회사,1.46,3369025.0,277.46,-20.05,-19.54,13.2,0.0,0.0,-20.96,46.72,0.0,-16.69,53.28,5.08,3.08,0.8,34.24,0.0,22.52,0.0,13.81,0.0,-302.87,0.29,47685553.0,12051946.0,10799281.0,3.35,47111044.0,10608881.0,14.81,6.87,0
149,전일제지주식회사,-0.51,-973863.0,271.35,0.0,0.0,0.0,0.0,0.0,-31.56,2.17,0.0,-117.5,97.83,16.2,43.47,3.72,7.04,0.0,12.76,0.0,10.19,0.0,-291.52,1.04,18270324.0,5292666.0,9853983.0,-6.0,17685724.0,2256296.0,-11.12,26.8,0
150,정일울산컨테이너터미널주식회사,1.16,1749214.0,75.47,-2.78,40.51,24.53,0.0,98.45,1.83,42.6,2.87,0.59,57.4,5.15,0.0,0.32,0.69,376.5,88.17,35.8,88.17,436.73,-1.12,4.21,18868698.0,23880371.0,7736994.0,2.34,2260523.0,1993104.0,5.7,8.22,0
151,제이유알바트로스(주),-0.05,-168260.0,73.05,-1.67,-1.67,0.0,0.0,0.0,0.0,0.0,0.0,-10.14,0.0,0.0,0.0,0.0,0.0,0.0,200.68,0.0,5.22,0.0,49.34,2.02,61780334.0,50615927.0,0.0,-0.41,24803454.0,49775441.0,0.0,9.72,0
152,주식회사강릉주택,-17.64,-529269.0,83.17,20.54,30.11,59.2,0.0,0.0,523.8,31.62,0.0,11.02,68.38,47.37,0.04,0.02,0.08,1653.59,92.5,66.47,36.67,442.82,-6.06,0.02,10002911.0,10607833.0,204208.0,-6.23,8571911.0,7929125.0,-305.3,0.34,0
153,주식회사경북실업,0.08,68173.0,87.01,-5.64,-6.01,9.04,0.0,2507.0,-11.6,12.86,0.0,-7.29,87.14,4.23,5.14,0.63,2.49,0.0,66.37,0.0,49.24,0.0,-25.87,2.32,11850650.0,9625602.0,6230152.0,1.41,7402794.0,4913091.0,2.68,9.83,0
154,주식회사고려식품,-0.53,-404330.0,104.55,-25.31,-31.0,-36.99,0.0,0.0,-13.52,7.6,0.0,-11.22,92.4,3.04,3.11,0.83,2.73,0.0,51.94,0.0,36.11,0.0,-59.99,0.99,10746894.0,8459085.0,8205846.0,-8.47,10558503.0,5483663.0,-11.09,8.37,0
155,주식회사고려자동차,0.42,77226.0,86.17,0.0,0.0,0.0,0.0,0.0,4.09,78.66,24.23,1.19,21.34,66.17,10.93,0.29,0.31,1934.53,5.68,91.46,2.61,1934.26,-81.87,0.19,8846650.0,9303953.0,1355129.0,2.21,8075856.0,458502.0,14.4,4.58,0
156,주식회사광주매일,0.82,1122236.0,147.78,-8.41,-69.62,-52.84,0.0,0.0,-1.18,92.77,0.0,-0.16,7.23,19.75,0.0,0.14,0.15,0.0,3.66,0.0,3.66,0.0,-50.54,1.71,19150042.0,11248244.0,1637566.0,-10.5,5900980.0,215997.0,-122.78,8.49,0
157,주식회사교하,0.65,221873.0,79.69,0.0,0.0,0.0,0.0,0.0,1.69,24.86,27.07,2.28,75.14,9.06,4.23,1.35,2.82,1088.17,56.0,37.24,20.19,595.92,-39.16,1.22,12157837.0,13275114.0,8941167.0,-6.37,11816050.0,6616997.0,-8.66,6.48,0
158,주식회사남북,-1.42,-1740838.0,106.07,-17.53,-28.65,-28.8,0.0,0.0,-52.27,-32.6,0.0,-18.57,132.6,467.47,20.72,0.36,0.49,0.0,12.89,0.0,10.6,0.0,-86.59,0.42,14181041.0,11363379.0,4465270.0,-9.76,11296270.0,1456206.0,-30.99,10.47,0
159,주식회사남선정공,1.17,862322.0,76.93,7.4,26.02,5.25,0.0,278.78,17.29,27.7,0.0,14.95,72.3,11.46,2.41,0.86,1.57,0.0,63.74,0.0,11.26,0.0,-26.99,0.26,13776423.0,8537297.0,7128726.0,2.82,6355735.0,4051300.0,5.45,10.74,0
160,주식회사남전물산,0.99,413617.0,78.04,7.95,14.0,11.73,0.0,47.43,0.95,22.48,5.9,0.33,77.52,19.92,10.98,0.35,0.38,1706.09,23.23,33.61,14.01,1661.04,-26.54,4.74,8600585.0,9104698.0,3028520.0,-6.98,3147445.0,731178.0,-19.81,6.34,0
161,주식회사대도공영,0.36,131347.0,81.35,1.8,-46.99,63.8,0.0,0.0,-6.08,41.9,0.0,-2.34,58.1,50.48,36.25,0.39,0.4,0.0,2.24,0.0,1.77,0.0,-60.81,0.18,12409351.0,9817547.0,3750976.0,1.85,6106510.0,136880.0,6.12,4.63,0
162,주식회사대아고속해운,1.58,5160960.0,88.75,19.92,-3.09,6.96,86.67,1.1,31.26,42.36,0.0,14.02,57.64,21.72,550.98,0.45,0.67,0.0,80.58,0.0,80.33,0.0,-5.96,0.85,65591424.0,58730534.0,24143856.0,10.42,18032597.0,14530655.0,28.31,6.25,0
163,주식회사동방관광호텔,1.79,1025154.0,68.45,-3.96,-20.1,4.11,-39.44,17.18,6.59,27.13,12.85,2.39,72.87,28.64,91.37,0.36,0.39,394.64,7.92,243.44,7.37,465.29,-68.98,1.7,14410910.0,18062584.0,6685881.0,7.55,13530638.0,1071627.0,16.27,4.46,1
164,주식회사동양SRP,0.66,320994.0,60.42,15.08,188.88,-12.5,0.0,-59.48,-3.18,3.15,0.0,-14.28,96.85,103.53,16.28,4.48,7.64,0.0,53.78,0.0,12.62,0.0,-46.49,5.36,8607966.0,8539769.0,35782597.0,-0.56,8589908.0,4619555.0,-0.13,9.22,1
165,주식회사동양레저,-0.19,-1201664.0,37.57,-29.49,-20.26,25.19,0.0,0.0,-74.07,60.9,0.0,-5.38,39.1,492.31,0.0,0.07,0.09,0.0,2.88,0.0,2.88,0.0,-39.8,1.49,194363869.0,113113831.0,9935226.0,-4.3,46347882.0,1333501.0,-84.15,7.28,1
166,주식회사동영,-0.67,-1296808.0,154.45,-47.92,-63.33,-75.67,0.0,0.0,-15.75,-3.0,0.0,-8.55,103.0,4.72,6.39,0.54,0.74,0.0,23.21,0.0,14.58,0.0,-57.62,0.3,24168067.0,9081977.0,7198626.0,2.52,6814560.0,1581964.0,8.47,13.26,0
167,주식회사동원,-0.31,-555894.0,87.62,-16.02,-43.72,-35.33,0.0,0.0,-66.9,4.37,0.0,-26.67,95.63,7.69,18.82,0.4,0.46,0.0,37.72,0.0,36.45,0.0,-15.9,15.03,20283987.0,7710660.0,3367407.0,-0.8,1968944.0,742674.0,-4.85,26.17,0
168,주식회사동화면세점,1.02,4552085.0,29.74,9.03,23.73,-14.7,-91.35,-38.4,2.63,23.19,356.48,3.56,76.81,142.69,3.52,1.36,5.86,5883.25,66.59,13.21,27.21,2318.97,-30.72,6.42,69927951.0,71116544.0,92510635.0,1.96,65402714.0,43553389.0,1.48,11.92,1
169,주식회사디비월드,-0.07,-228391.0,114.06,4.75,-14.51,0.0,0.0,0.0,0.0,0.0,0.0,-9.22,0.0,0.0,0.0,0.0,0.0,0.0,8.85,0.0,8.85,0.0,-85.95,1.7,45905650.0,40197071.0,0.0,-17.84,37905650.0,3355064.0,0.0,7.9,0
170,주식회사디아이건설,6.6,1258461.0,49.85,9.32,8.4,428.81,0.0,0.0,9.29,19.06,277.89,8.18,80.94,41.85,0.95,0.88,406.86,1384.34,111.79,48.28,10.95,23.58,10.38,2.58,12698055.0,13615319.0,11484693.0,18.51,11985629.0,13399054.0,20.47,2.07,1
171,주식회사디피엘,1.96,671159.0,78.42,-2.15,74.98,-4.83,-67.08,-46.75,8.28,0.0,23.24,3.08,0.0,9.91,0.0,0.37,0.41,568.35,11.11,80.45,11.11,607.63,-72.7,1.05,6858301.0,8065009.0,3032596.0,17.33,6596122.0,732743.0,39.2,5.17,0
172,주식회사매일신문사,-0.91,-4190288.0,75.6,-4.17,-25.17,8.52,0.0,0.0,8.84,36.4,0.0,10.95,63.6,5.7,220.04,1.24,1.99,0.0,60.64,0.0,59.56,0.0,-17.57,0.13,69854823.0,32940545.0,41703654.0,-3.38,14702943.0,8915910.0,-5.65,14.86,0
173,주식회사맥.킴,-0.35,-3344374.0,99.94,1.28,-14.55,0.02,0.0,0.0,-16.51,56.0,0.0,-11.16,44.0,0.0,80.62,0.68,1.22,0.0,26.47,0.0,23.77,0.0,-19.76,17.54,168468126.0,153422756.0,103083724.0,-2.89,41226723.0,10911572.0,-4.72,6.72,0
174,주식회사메트로프로덕트,0.74,1453294.0,238.98,2.41,1.77,16.3,0.0,259.62,-11.87,45.04,0.0,-14.94,54.96,2.19,3.74,1.26,26.06,0.0,102.25,0.0,65.64,0.0,2.02,0.36,26725333.0,8536136.0,10618651.0,0.48,7677478.0,7850319.0,1.21,10.43,0
175,주식회사명성건설,-0.05,-391104.0,633.22,-75.98,-35.4,-69.19,0.0,0.0,-4280.43,0.0,0.0,-34.72,0.0,0.0,0.2,0.01,0.03,0.0,2.55,0.0,1.31,0.0,-842.19,0.22,74351473.0,8504147.0,178082.0,0.86,73497108.0,1875997.0,360.0,13.56,0
176,주식회사바이오피드백,1.45,2110043.0,67.05,19.24,49.71,-10.09,0.0,-34.42,-2.87,90.3,-16.49,-1.11,9.7,64.41,89.81,0.39,0.43,1666.88,7.42,438.07,6.94,1651.91,-81.21,0.58,29208430.0,30960716.0,10973884.0,7.58,27158465.0,2014456.0,20.17,7.12,1
177,주식회사박달재엘피씨,-3.26,-1297419.0,88.44,-5.37,0.8,87.82,0.0,0.0,-65.63,-19.72,0.0,-11.78,119.72,79.86,0.0,0.18,0.18,0.0,0.62,0.0,0.62,0.0,-38.88,0.01,13961961.0,13483720.0,2488097.0,-2.42,5274764.0,32532.0,-13.58,3.37,0
178,주식회사벨루가,0.2,136399.0,92.61,165.78,110.59,23.73,0.0,-90.31,-4.72,20.53,0.0,-1.65,79.47,48.69,20.66,0.35,0.39,0.0,13.69,0.0,9.58,0.0,-36.25,3.93,30129921.0,30125847.0,7238238.0,-0.35,12651854.0,1732413.0,-1.46,3.61,0
179,주식회사비버리힐,999999999.0,652306.0,96.73,-6.79,-66.83,-3.34,-10.82,-4.23,61.27,0.0,0.0,5.31,0.0,4.1,0.0,0.09,0.09,0.0,2.31,0.0,2.31,0.0,-115.19,0.21,13938437.0,11137079.0,1000541.0,5.88,13132167.0,303739.0,81.97,0.0,0
180,주식회사비전산업,0.0,-11188.0,104.06,7.91,16.98,165.18,0.0,0.0,-152.57,83.72,0.0,-12.15,16.28,3.44,0.17,0.08,0.18,0.0,45.35,0.0,9.66,0.0,-69.11,0.01,32759652.0,25688662.0,1970273.0,-8.89,32483036.0,14730169.0,-147.79,10.63,0
181,주식회사사이버타운,999999999.0,-11801.0,0.0,36.71,4571.39,1583.96,0.0,0.0,-3.66,80.61,0.0,-7.22,19.39,0.0,0.0,1.97,6.39,5.53,1300.1,7.62,1300.1,48.05,50.28,36.2,9899.0,188856.0,322360.0,-2937.09,7912.0,102864.0,-90.19,0.0,1
182,주식회사삼보,-0.91,-1148749.0,250.27,-18.37,-15.05,48.44,0.0,0.0,-33.8,1.63,0.0,-6.23,98.37,2.02,0.3,0.18,4.95,0.0,1651.27,0.0,473.75,0.0,89.26,38.85,22177204.0,8607491.0,1765594.0,3.07,495246.0,8177868.0,38.55,5.64,0
183,주식회사삼보건영,-6.41,-510043.0,71.12,-1.59,-1.57,0.0,-89.9,0.0,0.0,0.0,3.35,0.9,0.0,0.0,0.0,0.0,0.0,263.33,147.53,635.85,143.98,9.49,31.38,69.97,25115399.0,34653093.0,0.0,-20.21,22875399.0,33748292.0,0.0,0.32,0
184,주식회사삼한종합건설,8.77,4150963.0,44.61,-13.47,-13.19,22987.45,0.0,0.0,6.78,17.01,44.54,6.0,82.99,69.11,1.07,0.89,1023.96,463.01,134.01,128.21,32.15,14.92,24.71,4.57,32649402.0,39700892.0,37870814.0,-11.43,28840034.0,38648902.0,-9.86,1.82,1
185,주식회사서봉테크,0.18,175319.0,124.74,10.03,-25.72,37.13,0.0,-77.83,-2.14,6.39,0.0,-4.47,93.61,12.2,67.4,2.09,3.4,0.0,18.44,0.0,15.78,0.0,-127.0,2.08,35784205.0,17708441.0,35268385.0,-1.22,27574580.0,5084522.0,-1.24,4.99,0
186,주식회사서울정밀,2.95,911342.0,49.92,-9.59,-4.78,12.62,0.0,352.45,39.43,28.62,229.56,33.03,71.38,5.47,15.31,0.84,1.29,200.17,261.07,133.23,208.46,198.72,20.85,42.42,4666964.0,6998501.0,6173823.0,21.18,905994.0,2365278.0,16.01,6.3,1
187,주식회사성보냉장,6.66,1090897.0,66.65,14.76,47.72,-9.78,0.0,121.78,21.46,44.83,41.6,9.24,55.17,2.84,0.0,0.43,0.59,298.31,104.84,245.44,104.84,293.62,1.21,1.86,7321567.0,9775947.0,3937841.0,15.27,2450906.0,2569428.0,28.39,2.58,1
188,주식회사성웅,-0.61,-842612.0,233.61,-28.84,-30.31,10.13,0.0,0.0,-18.31,-1.69,0.0,-16.87,101.69,1.95,5.51,0.92,1641.2,0.0,137.42,0.0,134.2,0.0,25.94,0.54,34472610.0,11347945.0,12575718.0,6.29,7866197.0,10809863.0,17.24,4.84,0
189,주식회사세계일보,-2.07,-20225942.0,77.36,178.44,1335.98,9.09,0.0,0.0,-126.55,8.45,0.0,-43.92,91.55,6.49,223.05,0.35,1.0,0.0,44.24,0.0,44.19,0.0,-79.2,41.42,255960317.0,151965949.0,35842052.0,17.48,215842852.0,95491363.0,124.83,10.96,0
190,주식회사세광쉽핑,1.64,133360.0,78.13,7.72,59.47,-4.54,-38.9,-75.6,1.94,11.79,42.66,0.98,88.21,30.5,656.25,0.51,0.58,3618.85,26.11,117.92,25.84,3407.0,-23.74,2.91,34139853.0,35083241.0,17125724.0,12.56,11269613.0,2941977.0,25.04,0.29,0
191,주식회사송원산업,999999999.0,-51254.0,69.71,-1.76,-7.07,-0.38,0.0,0.0,-4.95,0.0,-45.08,-0.22,0.0,10.1,0.0,0.04,0.04,26697.94,748.11,24.04,748.11,26493.16,0.99,446.8,12835303.0,12883379.0,565176.0,1.73,19586.0,146525.0,39.4,0.0,1
192,주식회사수암월드,0.81,426349.0,84.65,0.0,0.0,0.0,0.0,0.0,-6.53,85.07,-197.54,-2.04,14.93,23.86,0.0,0.31,0.32,9563.82,3.11,3.32,3.11,9406.37,-82.97,0.13,9528053.0,9627678.0,1507005.0,1.0,8244550.0,256488.0,6.34,12.85,0
193,주식회사신라식품,1.45,652951.0,70.48,22.46,22.87,3.31,-21.98,8.59,0.23,8.34,2.29,0.43,91.66,18.2,5.11,1.91,5.21,478.68,109.24,144.79,42.68,228.34,5.12,24.12,8317117.0,10054636.0,17422822.0,7.59,5572528.0,6087161.0,3.62,6.96,0
194,주식회사신성소재,-1.31,-461083.0,140.53,14.92,7.46,25.35,0.0,0.0,-3.93,4.24,0.0,-4.83,95.76,5.03,7.54,1.23,2.71,0.0,102.97,0.0,62.53,0.0,1.44,6.78,47422757.0,27442039.0,31559268.0,5.67,13270365.0,13664267.0,8.52,0.96,0
195,주식회사신한건설,-0.37,-890892.0,7.03,-6.06,-13.15,-73.88,0.0,0.0,-304.59,10.27,0.0,-8.3,89.73,0.07,0.37,0.03,0.07,0.0,91.41,0.0,79.37,0.0,-4.5,0.25,56639323.0,38959985.0,1096361.0,4.42,20412089.0,18659098.0,228.19,10.74,1
196,주식회사신호기공,-0.61,-895848.0,209.29,-10.57,-12.08,-93.75,0.0,0.0,-3303.72,-722.04,0.0,-24.74,822.04,0.11,0.3,0.01,0.01,0.0,15.28,0.0,13.21,0.0,-94.7,2.09,29312638.0,9024777.0,71584.0,-1.1,10087882.0,1541744.0,-448.6,7.76,0
197,주식회사씨앤해운,0.68,4494919.0,73.57,17.47,8.11,12.76,4.38,-37.63,0.53,4.44,6.49,0.95,95.56,9.17,32.62,1.79,3.59,614.69,103.94,237.64,86.77,443.76,1.44,4.28,105799882.0,123011871.0,203524064.0,-0.97,44861780.0,46631213.0,-0.5,7.91,0
198,주식회사씨프로,2.19,823378.0,68.87,-0.11,3.19,3.59,0.0,0.0,-0.82,17.47,-32.49,-1.74,82.53,25.77,6.02,2.13,9.27,2122.62,87.37,16.52,43.33,550.31,-10.88,2.8,7365476.0,7712477.0,16453858.0,18.95,6642083.0,5802914.0,8.49,6.91,1
199,주식회사아에라,-121.78,-73796.0,0.07,3.89,103.56,-15.53,0.0,0.0,-11.47,47.85,0.0,-1.42,52.15,0.0,9.96,0.12,0.14,0.0,11.28,0.0,10.09,0.0,-91.22,4.7,10827857.0,7911601.0,963045.0,0.91,8135133.0,917780.0,10.25,0.02,1
200,주식회사아이린냉장,0.08,42215.0,79.79,-1.18,7.89,-15.74,0.0,-93.25,-28.8,0.0,-73.9,-7.01,0.0,5.71,0.0,0.24,0.26,1900.98,24.01,26.44,24.01,1898.69,-16.18,1.05,7036191.0,7406326.0,1812946.0,-0.95,1576949.0,378606.0,-3.68,9.67,0
201,주식회사아이오시스템,-8.94,-306520.0,60.65,-17.15,-23.21,-0.15,0.0,0.0,-34.74,64.2,0.0,-40.37,35.8,6.71,0.0,1.16,6.73,0.0,30.76,0.0,30.76,0.0,-79.99,0.3,725433.0,580217.0,744196.0,-17.47,670305.0,206191.0,-17.03,7.68,1
202,주식회사알리앙스,1.74,1290565.0,84.04,7.7,252.5,23.61,0.3,-10.88,5.52,66.42,12.72,1.3,33.58,63.81,106.26,0.23,0.26,856.5,14.26,678.54,14.02,836.14,-75.68,3.05,34870330.0,38941565.0,8824220.0,5.43,34370330.0,4900475.0,21.48,2.44,0
203,주식회사영보두일,999999999.0,626544.0,53.06,2.26,329.37,154.48,36.2,0.0,35.45,0.0,0.0,5.49,0.0,0.0,0.0,0.15,0.17,0.0,1011.82,0.0,1011.82,0.0,5.47,1002.99,11801399.0,11559275.0,1769225.0,6.45,69377.0,701971.0,43.02,0.0,1
204,주식회사영창기업사,0.5,278652.0,92.59,-18.76,-17.97,-22.71,-13.5,-82.37,7.0,12.83,0.0,5.66,87.17,10.66,100.45,0.81,1.4,0.0,52.51,0.0,51.0,0.0,-29.51,4.62,9493401.0,6999298.0,6314736.0,21.24,4348529.0,2283376.0,31.93,7.66,0
205,주식회사온바다,0.1,75755.0,82.78,-37.17,-72.88,4.68,0.0,0.0,1.59,15.39,0.0,1.06,84.61,298.18,226.39,0.67,1.08,0.0,81.63,0.0,79.83,0.0,-4.57,10.82,9492358.0,9440773.0,8135668.0,-20.51,2347723.0,1916563.0,-23.93,8.09,0
206,주식회사우일상사,20.97,540327.0,64.13,-0.57,-69.54,-17.14,-18.77,-1.11,22.75,0.0,17.6,3.12,0.0,151.08,31.55,0.14,0.14,417.73,0.55,784.62,0.55,515.91,-63.02,0.25,9832799.0,12186674.0,1673970.0,9.32,7723169.0,42834.0,54.73,0.31,1
207,주식회사우주,0.06,149847.0,137.86,-1.26,-20.45,8.31,0.0,0.0,-58.0,88.09,0.0,-6.0,11.91,30.58,159.63,0.1,0.15,0.0,0.89,0.0,0.84,0.0,-121.51,0.16,31017554.0,17200282.0,1789996.0,-0.42,21086775.0,187490.0,-7.36,10.67,0
208,주식회사월다크,-0.3,-309324.0,54.85,-22.26,-18.78,0.79,0.0,0.0,-0.23,43.11,0.0,-0.23,56.89,1.56,4.64,0.99,53.34,0.0,43.48,0.0,33.42,0.0,-125.45,0.05,33374551.0,14681065.0,16685416.0,-3.98,32584836.0,14168021.0,-7.97,9.32,1
209,주식회사인켈,0.08,2736682.0,117.32,-0.44,6.06,14.45,0.0,0.0,-9.87,8.76,0.0,-13.69,91.24,5.93,11.56,1.39,2.89,0.0,116.38,0.0,90.27,0.0,6.87,13.69,367700818.0,224625693.0,312289176.0,2.72,94161195.0,109586659.0,3.2,12.55,0
210,주식회사일신,-0.05,-338584.0,598.48,-66.19,-13.98,-97.63,0.0,0.0,146220.11,0.0,0.0,348.75,0.0,0.1,0.1,0.0,0.0,0.0,1.58,0.0,0.15,0.0,-683.53,0.01,75576136.0,5537231.0,26136.0,0.13,38455566.0,606673.0,379.61,13.66,0
211,주식회사전주코아호텔,-0.05,-66196.0,130.73,-1.97,18.47,-5.9,0.0,0.0,-32.83,38.05,0.0,-9.05,61.95,25.73,18.48,0.28,0.28,0.0,2.07,0.0,1.04,0.0,-137.94,0.02,23097718.0,14954422.0,4163261.0,-3.47,21064459.0,436460.0,-19.25,7.26,0
212,주식회사정일스톨트헤븐울산,3.62,8462923.0,69.14,24.56,7.77,22.76,10.96,23.78,21.97,55.87,33.67,8.0,44.13,6.37,0.0,0.36,0.42,316.67,12.6,1181.71,12.6,389.04,-46.01,0.56,48647845.0,64010083.0,20999975.0,14.26,33693329.0,4244854.0,33.04,5.79,1
213,주식회사정지원,-0.02,-61696.0,244.75,-34.04,510.13,0.0,0.0,0.0,0.0,0.0,0.0,-2.15,0.0,0.0,0.0,0.0,0.0,0.0,10.4,0.0,10.4,0.0,-234.9,10.39,47673907.0,15034902.0,0.0,-10.15,39415503.0,4098370.0,0.0,6.98,0
214,주식회사조창,-0.29,-640278.0,159.13,-58.08,3.86,-95.8,0.0,0.0,-5807.22,0.0,0.0,-60.72,0.0,0.11,0.12,0.01,0.01,0.0,7.63,0.0,4.24,0.0,-416.85,0.0,19572743.0,4298380.0,76084.0,-3.9,19397353.0,1479692.0,-1003.94,27.08,0
215,주식회사주영이십일,3.51,775703.0,59.75,-2.47,8.66,3.53,-63.97,-10.85,7.3,54.99,0.0,4.32,45.01,30.06,78.27,0.59,0.7,0.0,13.59,0.0,12.55,0.0,-63.58,2.9,7936173.0,7175927.0,4303643.0,12.81,5280011.0,717716.0,23.62,4.76,1
216,주식회사중외신약,1.54,6499027.0,111.52,10.19,9.44,16.81,0.0,46.03,1.6,26.35,0.0,2.28,73.65,3.05,4.1,1.42,17.27,0.0,53.2,0.0,30.79,0.0,-76.13,0.71,83586591.0,48012080.0,65183903.0,2.47,78099375.0,41549054.0,3.16,7.52,0
217,주식회사중원미디어,3.91,2826815.0,84.29,1.55,184.72,2.27,123.9,15.1,9.26,70.91,54.1,2.26,29.09,65.53,74.39,0.24,0.25,1656.19,121.84,182.11,112.48,1679.49,0.78,17.72,54288470.0,57566374.0,13922946.0,5.95,2063596.0,2514300.0,23.2,1.47,0
218,주식회사지에이에셋,-0.12,-1620432.0,186.0,0.0,0.0,0.0,0.0,0.0,9.27,9.95,0.0,32.0,90.05,102.04,63.73,3.45,18.97,0.0,45.41,0.0,40.71,0.0,-62.89,5.77,82163546.0,37772520.0,65199900.0,-16.62,43511550.0,19758289.0,-20.94,38.42,0
219,주식회사진넥스,1.6,628900.0,37.37,49.75,48.76,-56.56,-20.13,-22.84,5.69,17.78,24.0,3.53,82.22,7.63,0.79,0.62,76.0,628.43,113.64,303.07,25.32,17.24,11.72,0.18,11427507.0,13245920.0,6853842.0,-33.74,11380562.0,12932388.0,-56.25,6.84,1
220,주식회사진로종합유통,0.05,1170245.0,553.98,-42.72,-56.88,0.86,0.0,0.0,143.36,63.56,0.0,12.09,36.44,37.95,240.33,0.08,0.1,0.0,1.5,0.0,1.49,0.0,-622.46,0.83,950735316.0,149726036.0,17332996.0,1.01,946164475.0,14178600.0,55.24,2.56,0
221,주식회사진천여객터미널,0.0,-245.0,55.11,-5.16,613.12,17.21,0.0,0.0,199.16,0.0,113.78,9.64,0.0,48.02,0.0,0.05,0.05,222.37,11.81,523.49,11.81,300.2,-51.34,0.2,6984596.0,10125507.0,503535.0,-13.64,5894448.0,696417.0,-189.22,8.96,1
222,주식회사천하제일,1.08,472161.0,77.95,8.28,18.0,-11.69,0.0,0.0,2.68,11.39,60.24,4.5,88.61,4.95,9.75,1.68,6.45,969.51,70.34,72.71,51.83,392.04,-26.71,9.4,9517015.0,10498644.0,16944742.0,-21.06,9453967.0,6650234.0,-11.83,5.47,0
223,주식회사초원주택,-0.22,-3083212.0,82.2,-8.92,-18.34,121.5,0.0,0.0,-57.76,5.5,0.0,-5.86,94.5,0.0,519.08,0.1,0.1,0.0,3.0,0.0,3.0,0.0,-37.9,0.63,356031220.0,282453643.0,30049448.0,5.43,110355928.0,3315870.0,64.36,6.01,0
224,주식회사컴마을,-0.3,-1685437.0,289.43,-60.45,-1.84,-41.01,0.0,0.0,-98.21,8.05,0.0,-119.92,91.95,8.86,24.91,1.22,99.47,0.0,22.77,0.0,21.23,0.0,-231.47,2.06,71608397.0,13098973.0,28215591.0,0.67,39260848.0,8940133.0,1.71,14.64,0
225,주식회사코코스,-2.36,-6324032.0,174.2,-11.79,-16.63,-13.75,0.0,0.0,-52.38,46.65,0.0,-17.39,53.35,56.07,17.48,0.33,0.53,0.0,21.13,0.0,16.81,0.0,-26.34,3.41,98497770.0,46872290.0,16602750.0,-1.85,15652837.0,3308142.0,-10.96,3.23,0
226,주식회사콜롬버스,0.08,509940.0,343.77,-1.0,1.78,18.69,0.0,66.89,-9.75,31.64,0.0,-37.0,68.36,8.86,48.52,3.8,9.87,0.0,13.06,0.0,11.24,0.0,-372.14,0.14,90216535.0,20742821.0,79119040.0,-7.62,88792155.0,11599857.0,-8.69,9.76,0
227,주식회사태전방적,-0.06,-247999.0,93.04,-9.81,-19.95,-16.43,0.0,0.0,-2.64,4.98,0.0,-1.17,95.02,2.9,6.31,0.44,0.69,0.0,139.45,0.0,103.71,0.0,8.88,13.94,82159722.0,69557584.0,32481461.0,3.75,15663184.0,21841582.0,9.48,5.44,0
228,주식회사태평주택,1.05,5692237.0,51.06,-8.11,-6.15,129.93,0.0,240.67,10.93,8.78,0.0,20.37,91.22,23.79,3.62,1.86,2873.09,0.0,151.43,0.0,94.79,0.0,33.64,0.56,56848983.0,48807763.0,94995700.0,10.16,31926820.0,48347146.0,6.08,16.59,1
229,주식회사태화,999999999.0,9358.0,1278.39,-88.8,24.21,-12.93,0.0,0.0,-63.79,86.68,0.0,-2.67,13.32,2.04,0.0,0.04,0.06,0.0,1.29,0.0,1.29,0.0,-3119.08,0.03,64143487.0,2020430.0,419917.0,0.12,63845043.0,826297.0,18.11,0.0,0
230,주식회사파라다이스호텔도고,-0.26,-344355.0,198.99,-15.27,-63.64,11.72,0.0,0.0,-33.65,27.69,0.0,-14.48,72.31,104.73,22.65,0.43,0.56,0.0,3.81,0.0,2.86,0.0,-228.17,2.08,22664144.0,9328043.0,4374569.0,-4.13,22127739.0,843680.0,-21.42,6.96,0
231,주식회사페밀리어드벤쳐,0.08,46607.0,59.36,-2.0,126.19,211.95,0.0,0.0,1215.28,99.82,0.0,42.03,0.18,82.47,5715.34,0.03,0.03,226.18,0.29,187.47,0.29,325.87,-33.09,0.05,8904438.0,12841353.0,448654.0,-4.6,4261378.0,12169.0,-91.23,5.11,1
232,주식회사포천사,0.2,146539.0,97.26,0.0,0.0,0.0,0.0,0.0,12.51,7.25,0.0,11.81,92.75,11.29,0.0,0.94,1.13,0.0,27.89,0.0,27.89,0.0,-37.12,0.67,14526346.0,10315992.0,4872120.0,6.77,5310779.0,1481396.0,20.18,14.28,0
233,주식회사한국공영,-0.19,-1727367.0,113.19,-17.8,-18.12,-93.38,0.0,0.0,-2528.12,0.51,0.0,-16.61,99.49,0.12,0.01,0.01,0.06,0.0,116.56,0.0,42.19,0.0,12.07,5.81,116393391.0,57652708.0,419762.0,1.24,42017258.0,48973753.0,343.66,12.53,0
234,주식회사한국일보사,0.48,13319798.0,82.19,-20.44,-21.49,-2.33,0.0,0.0,-6.11,42.8,0.0,-3.88,57.2,4.27,106.07,0.64,1.5,0.0,124.08,0.0,122.99,0.0,7.78,2.51,400225752.0,313322249.0,224886871.0,10.98,101259278.0,125640765.0,19.54,9.81,0
235,주식회사한국폴라,-0.59,-140221.0,90.81,-7.41,-6.63,-5.61,0.0,0.0,-7.34,56.2,0.0,-6.85,43.8,3.05,2.69,0.93,3.76,0.0,618.29,0.0,341.61,0.0,59.42,59.47,8878194.0,8618387.0,8362199.0,-7.72,988014.0,6108771.0,-8.2,3.12,0
236,주식회사한도,3.88,1443020.0,65.43,-3.19,-15.04,7.19,38.7,24.31,10.45,38.46,18.13,4.06,61.54,26.09,129.48,0.39,0.42,303.07,22.83,311.23,21.97,372.41,-25.71,7.31,14148377.0,18816767.0,7428709.0,8.95,6268536.0,1431113.0,17.05,2.85,1
237,주식회사한도주택,-0.18,-684307.0,113.15,-7.94,22.01,16.93,0.0,0.0,-535.14,-27.31,0.0,-12.43,127.31,0.4,1.74,0.02,0.03,0.0,29.99,0.0,27.04,0.0,-29.81,0.9,66609601.0,33248078.0,805320.0,0.09,14158492.0,4246113.0,7.36,9.66,0
238,주식회사한유통,0.11,1511379.0,610.1,22.08,3.08,18.19,0.0,41.81,-22.4,28.22,0.0,-52.95,71.78,858.91,42.56,2.36,8.42,0.0,3.45,0.0,2.48,0.0,-637.88,0.18,161692585.0,23975486.0,51549921.0,-5.84,158398423.0,5462737.0,-18.31,9.89,0
239,주식회사호반레미콘,-0.08,-405710.0,810.59,11.8,15.99,11.49,0.0,0.0,-243.26,2.4,0.0,-97.79,97.6,6.98,17.36,0.4,0.67,0.0,3.22,0.0,2.93,0.0,-803.81,0.02,121313487.0,14602972.0,5560475.0,-5.35,121282168.0,3901993.0,-116.67,4.32,0
240,주식회사호텔덕구온천,7.92,1994408.0,68.17,22.13,-16.6,37.78,98.75,46.47,5.29,25.04,36.72,6.61,74.96,23.44,25.41,1.25,1.77,415.8,25.9,397.15,17.28,423.51,-51.2,1.54,17339263.0,21509368.0,24477907.0,3.96,14860608.0,3848684.0,2.8,1.82,1
241,주식회사화랑산업,0.35,705821.0,86.57,37.07,50.22,25.26,0.0,-3.86,-3.73,37.74,0.0,-1.12,62.26,4.02,0.0,0.3,0.84,0.0,136.04,0.0,136.04,0.0,16.12,16.52,33881274.0,25412852.0,6576650.0,9.77,11366696.0,15463426.0,50.33,8.88,0
242,주식회사효성통상,1.06,956420.0,0.0,-7.37,13.69,-22.14,0.0,0.0,0.06,7.74,0.0,0.13,92.26,15.37,5.64,2.14,5.66,0.0,353.67,0.0,165.73,0.0,49.31,25.49,16488373.0,14693104.0,32690120.0,8.91,2856313.0,10101989.0,4.5,11.08,1
243,중후산업주식회사,1.34,749138.0,77.92,10.16,387.06,8.08,-24.35,-5.09,4.98,35.74,0.0,1.7,64.26,43.08,424.49,0.34,0.44,0.0,9.99,0.0,9.91,0.0,-90.58,3.0,12258740.0,11855330.0,3864939.0,6.14,11929496.0,1191453.0,19.48,6.21,0
244,진원관광주식회사,-0.87,-239634.0,134.09,-15.95,28.67,-15.55,0.0,0.0,17.34,17.51,0.0,2.33,82.49,37.81,81.04,0.13,0.14,0.0,3.16,0.0,2.99,0.0,-97.52,0.96,13808792.0,9362710.0,1375735.0,-0.64,9428792.0,298263.0,-6.46,2.06,0
245,청학산업주식회사,999999999.0,927315.0,67.21,0.31,26.91,153.12,0.0,0.0,17.5,49.56,0.0,8.27,50.44,27.55,3.5,0.47,0.66,0.0,38.95,0.0,21.25,0.0,-44.72,4.66,16771281.0,10776871.0,5086744.0,0.83,7895055.0,3075143.0,2.73,0.0,1
246,케이비메탈주식회사,-1.95,-3290799.0,151.72,-13.15,-13.85,16.04,0.0,0.0,-37.71,11.27,0.0,-25.05,88.73,25.41,32.92,0.66,0.77,0.0,11.24,0.0,8.47,0.0,-63.7,0.74,42007928.0,18050188.0,12898502.0,0.09,12953678.0,1455515.0,0.3,6.93,0
247,케이에스테크놀로지,0.36,303819.0,46.83,41.68,90.17,28.54,0.0,0.0,-0.49,2.64,-18.18,-1.36,97.36,19.43,11.9,2.75,5.66,928.06,60.36,50.08,32.99,522.19,-32.32,0.22,21846178.0,24200147.0,56748375.0,-2.04,19729706.0,11907969.0,-0.78,6.95,1
248,케이지에너지(주),-0.67,-1686083.0,66.23,9.36,25.71,116.21,0.0,0.0,-25.76,-5.98,-66.98,-7.55,105.98,6.18,66.69,0.29,0.32,978.18,95.01,42.69,88.82,997.43,-0.39,19.29,51815958.0,57113114.0,16026416.0,-3.34,4502288.0,4277566.0,-10.79,6.6,1
249,타임레미콘(주),0.05,272195.0,149.15,-27.71,-3.47,172.58,0.0,0.0,-54.7,6.98,0.0,-50.45,93.02,2.92,97.35,0.92,7.72,0.0,32.81,0.0,31.83,0.0,-139.2,4.73,39841868.0,18759537.0,20618130.0,-8.08,38865015.0,12752450.0,-15.61,11.65,0
250,태안,0.04,31059.0,86.8,-7.29,97.8,-7.51,0.0,0.0,-32.02,31.25,-214.26,-7.63,68.75,41.99,84.98,0.24,0.26,29563.97,6.46,0.88,6.18,27822.54,-89.91,4.82,10641847.0,10677843.0,2644149.0,-3.93,10263407.0,662841.0,-15.82,8.45,0
251,태화건설주식회사,999999999.0,-6569249.0,1419.41,-88.04,-88.35,0.0,0.0,0.0,-2195.68,-261.86,0.0,-138.21,361.86,4.36,0.17,0.06,0.7,0.0,25.6,0.0,18.08,0.0,-160.05,0.0,71945040.0,4400903.0,1296943.0,0.2,9466973.0,2423213.0,11.1,0.0,0
252,태화기계주식회사,0.65,326742.0,327.87,-37.02,-20.15,-11.49,0.0,-2.82,-42.14,21.31,0.0,-35.78,78.69,5.13,4.22,0.85,1.45,0.0,7.72,0.0,4.16,0.0,-555.38,0.5,41124007.0,5743558.0,6308912.0,0.77,34566671.0,2667942.0,5.01,2.68,0
253,태흥산업주식회사,-2.57,-2074412.0,18.02,-68.6,-54.84,-35.78,0.0,0.0,867.15,-15.73,0.0,120.52,115.73,1.73,3.94,0.14,0.18,25.51,152.26,545.27,125.39,86.67,10.62,3.72,4173518.0,20531749.0,5971413.0,71.88,4173518.0,6354468.0,50.24,2.52,1
254,퍼시픽랜드주식회사,1.0,483275.0,92.48,0.06,-31.86,37.84,0.0,181.75,7.59,34.58,12.55,0.68,65.42,1148.69,55.33,0.09,0.09,1630.94,1.07,25.61,0.33,1726.93,-21.49,0.05,25063457.0,26600202.0,2390988.0,0.21,5776852.0,61721.0,2.24,1.96,0
255,평창정보통신(주),-4.87,-2899921.0,399.66,-48.08,-48.16,-24.93,0.0,0.0,-337.52,88.16,0.0,-152.69,11.84,19.08,0.0,0.45,3.77,0.0,4.07,0.0,4.07,0.0,-476.77,0.1,9403677.0,1848607.0,1223417.0,-24.9,9187362.0,373809.0,-191.39,10.12,0
256,평화주택건설주식회사,1.26,578709.0,66.84,33.11,43.22,78.74,0.0,907.64,3.76,20.32,33.91,2.79,79.68,2.92,1.87,0.74,8.49,1070.6,409.44,50.34,167.41,125.72,67.46,16.91,10239304.0,11195712.0,7272736.0,-109.09,2440732.0,9993342.0,-153.59,6.34,1
257,폴리미래주식회사,-0.11,-1521504.0,58.85,8.2,60.01,2.36,0.0,0.0,-0.83,10.8,-19.25,-1.14,89.2,12.43,16.19,1.37,2.0,1746.99,99.57,74.0,75.65,1203.03,-0.15,4.48,242604533.0,256491544.0,339057029.0,-0.15,89816171.0,89426165.0,-0.1,8.08,1
258,풍성주택(주),1.0,87197.0,11.44,1378.96,1466.38,326.78,-19.94,0.0,1.77,19.51,19.88,0.56,80.49,2.33,0.55,0.32,222.68,5901.22,106.29,56.43,36.85,462.35,5.46,2.91,98244829.0,99909652.0,17013059.0,6.23,86756763.0,92212337.0,36.0,1.07,1
259,(주)하나콤,1.46,1306917.0,84.94,3.31,16.4,3.85,-4.32,-1.11,2.17,11.65,0.0,5.11,88.35,11.83,23.02,2.36,6.81,0.0,60.03,0.0,49.38,0.0,-41.26,8.3,13038945.0,11792285.0,27342178.0,1.14,12172434.0,7306854.0,0.55,8.69,0
260,(주)하이네트정보통신,0.01,1452.0,69.07,7.14,22.79,102.2,0.0,0.0,-6.86,24.56,-83.91,-8.82,75.44,10.17,0.0,1.28,9.28,1595.38,111.11,7.22,111.11,1165.55,3.12,11.82,1147714.0,1219655.0,1514923.0,-11.39,343047.0,381159.0,-8.63,13.78,1
261,(주)한통엔지니어링,0.22,490607.0,57.06,-14.99,240.08,-16.61,0.0,-52.93,-20.47,32.64,-56.64,-9.75,67.36,1.17,0.0,0.48,5.33,289.77,168.18,62.76,168.18,57.54,34.55,21.81,24437845.0,32871460.0,17037973.0,-12.34,16660410.0,28018878.0,-17.7,8.99,1
262,(주)혜성건설,15.75,2878152.0,108.18,-23.96,-0.2,5834.03,0.0,0.0,12.78,28.13,0.0,4.27,71.87,5.09,0.63,0.33,2.42,0.0,76.29,0.0,27.62,0.0,-29.96,0.09,62004907.0,45583067.0,17615272.0,2.33,57608866.0,43950290.0,8.19,0.35,0
263,(주)호텔금오산,1.13,116691.0,109.53,-0.42,-21.09,-24.76,-99.34,-42.91,3.98,49.34,0.0,0.14,50.66,252.37,0.0,0.03,0.03,0.0,0.12,0.0,0.12,0.0,-110.61,0.1,11155628.0,9885420.0,342592.0,1.09,10948196.0,13590.0,35.66,0.95,0
264,(주)호텔인터내셔널,2.88,1543813.0,69.3,-2.49,10.78,4.05,77.29,80.83,9.31,23.66,0.0,5.6,76.34,41.93,42.05,0.6,0.66,0.0,82.59,0.0,67.99,0.0,-1.74,45.29,21377258.0,19627340.0,11949215.0,9.89,1959436.0,1618350.0,17.69,3.86,1
265,(주)화목,-0.39,-1080880.0,66.55,-58.95,-60.96,-89.66,0.0,0.0,-694.53,18.9,0.0,-12.09,81.1,0.04,0.04,0.02,0.37,0.0,45.48,0.0,27.1,0.0,-106.01,0.46,30621437.0,11065542.0,330971.0,22.25,21515794.0,9784979.0,2058.73,19.55,1
266,(주)화성,3.59,417657.0,43.16,-16.45,-74.45,22.67,174.17,368.85,33.33,0.0,0.0,3.88,0.0,40.21,0.0,0.12,0.14,0.0,6.16,0.0,6.16,0.0,-92.41,5.65,14748648.0,11634747.0,1488968.0,19.82,11458014.0,705808.0,196.31,1.33,1
267,(주)화천공사,999999999.0,-682135.0,48.1,50.55,6.85,1434.02,0.0,0.0,-6.64,58.95,0.0,-1.29,41.05,11.38,9.73,0.19,0.25,0.0,46.96,0.0,42.84,0.0,-21.43,0.73,35384022.0,34984919.0,5663204.0,7.2,14136325.0,6638455.0,44.98,0.0,1
268,한국CES주식회사,0.63,409288.0,101.49,-2.44,8.94,63.19,0.0,0.0,-11.94,50.27,0.0,-2.0,49.73,9.44,0.0,0.17,0.19,0.0,1214.26,0.0,1214.26,0.0,10.37,897.88,9995746.0,9641574.0,1634964.0,-3.03,89747.0,1089761.0,-18.5,6.62,0
269,한국도로관리주식회사,0.07,654494.0,76.8,-0.19,39.23,22.67,0.0,0.0,-8.3,69.72,-2.32,-0.5,30.28,0.0,0.0,0.06,58.59,364.38,1382.75,72.8,1382.75,412.27,10.41,364.79,144032355.0,183560657.0,11162580.0,0.79,1489695.0,20598818.0,10.24,6.53,0
270,한국롱프랑로라제약주식회사(주),-1.47,-1345467.0,133.07,-14.65,31.81,29.67,0.0,0.0,9.55,32.31,0.0,25.76,67.69,6.33,27.6,2.7,3701.04,0.0,49.77,0.0,43.43,0.0,-97.13,0.01,19715853.0,10196365.0,29848910.0,-8.53,19715853.0,9812599.0,-5.63,5.49,0
271,한국맥도날드유한회사,0.14,1931734.0,102.0,3.38,0.72,4.51,0.0,-75.58,-9.03,56.42,0.0,-7.52,43.58,45.78,83.9,0.83,1.34,0.0,17.59,0.0,15.2,0.0,-31.21,8.72,220888421.0,193796476.0,158755976.0,-0.23,73395076.0,12911324.0,-0.32,7.39,0
272,한국복합물류(주),1.32,23747985.0,65.08,-2.39,1.82,12.7,61.59,9.41,15.6,65.32,14.98,2.12,34.68,32.74,0.0,0.14,0.15,563.98,42.51,153.82,42.51,620.31,-8.89,22.11,260248593.0,306393802.0,42173540.0,0.64,47396573.0,20149930.0,3.96,8.42,1
273,한국케이블TV푸른방송(주),6.78,3211755.0,59.18,30.64,8.97,18.41,145.06,128.69,28.79,53.72,295.54,20.21,46.28,6.71,238.05,0.7,1.36,568.67,44.17,93.76,43.65,454.09,-40.57,10.42,13329937.0,15674006.0,9711103.0,15.94,11388515.0,5029777.0,21.89,5.21,1
274,한국홀딩스(주),0.25,3314213.0,183.32,-34.11,-8.54,23.0,0.0,0.0,20.7,9.97,0.0,51.68,90.03,31.49,19.47,2.5,4.55,0.0,15.33,0.0,8.33,0.0,-190.45,0.48,193964466.0,46600378.0,146476639.0,2.0,104822640.0,16070436.0,2.65,10.94,0
275,한미에프티(주),2.16,4254215.0,75.06,-1.51,-4.87,7.53,42.36,10.56,5.32,23.6,0.0,9.56,76.4,7.01,8.07,1.8,4.22,0.0,43.33,0.0,24.59,0.0,-67.03,0.74,32510462.0,24054217.0,43525433.0,5.02,28451255.0,12326874.0,3.75,10.16,0
276,한영나염(주),-2.35,-920355.0,165.47,-49.99,-39.42,5.61,0.0,0.0,-14.06,6.5,0.0,-9.78,93.5,5.37,24.06,0.7,1.52,0.0,16.13,0.0,13.18,0.0,-132.85,0.11,23870524.0,9123579.0,9523196.0,-17.87,14452941.0,2331884.0,-44.8,1.75,0
277,한용산업(주),0.73,3533237.0,99.69,255.91,327.11,455.67,0.0,3709.13,-3.26,13.11,0.0,-3.9,86.89,4.22,260.45,1.2,11.53,0.0,28.89,0.0,28.5,0.0,-95.26,2.9,69944023.0,51316600.0,39337705.0,3.15,68739418.0,19856836.0,5.6,11.94,0
278,한일냉장(주),2.04,1606517.0,33.46,-8.28,-42.33,35.18,245.22,34.66,15.49,79.65,0.0,4.85,20.35,5.55,9.83,0.31,0.35,0.0,11.11,0.0,11.11,0.0,-67.74,0.79,17204060.0,15482618.0,5069310.0,1.0,11798950.0,1311194.0,3.38,7.32,1
279,한창중기주식회사,1.18,1034700.0,65.11,30.66,39.85,38.88,1005.51,26.44,2.69,11.93,437.8,4.03,88.07,7.22,0.0,1.5,3.1,7056.46,59.59,7.45,59.59,4225.0,-27.78,0.11,10508697.0,10657620.0,14102117.0,21.4,7326006.0,4365617.0,15.95,13.67,1
280,한화컴파운드(주),1.23,6870211.0,123.56,8.18,6.37,-5.92,-9.07,-5.59,3.03,13.03,0.0,5.49,86.97,5.66,22.67,1.81,3.84,0.0,30.77,0.0,26.06,0.0,-114.17,0.33,88488156.0,45127746.0,78526573.0,4.09,74421452.0,22896943.0,4.61,9.88,0
281,해비치컨트리클럽주식회사,-0.1,-186407.0,127.3,-8.23,-52.53,0.0,0.0,0.0,0.0,0.0,0.0,-7.97,0.0,0.0,0.0,0.0,0.0,0.0,2923.46,0.0,2923.46,0.0,10.46,42.32,29423945.0,23055818.0,0.0,-14.04,85415.0,2497074.0,0.0,6.06,0
282,홍림수산냉동주식회사,1.3,1408050.0,92.65,0.0,0.0,0.0,0.0,0.0,28.48,60.7,0.0,14.79,39.3,8.81,0.0,0.52,0.58,0.0,31.68,0.0,31.68,0.0,-17.26,0.99,14541469.0,13705850.0,3559418.0,3.85,3462864.0,1097029.0,15.74,17.01,0
283,효성석유주식회사,-0.47,-317881.0,87.14,-29.75,-77.93,-85.35,0.0,0.0,28.35,49.05,0.0,6.27,50.95,8.49,29.15,0.22,0.24,0.0,2.4,0.0,2.4,0.0,-86.12,0.16,7589137.0,6619953.0,1773045.0,-16.17,5841137.0,140073.0,-69.23,9.91,0
284,휘트니스서비스인터내셔날(주),-168.19,-953778.0,100.76,-0.18,-0.16,0.0,0.0,0.0,0.0,0.0,0.0,-1.71,0.0,0.0,0.0,0.0,0.0,0.0,1104.53,0.0,976.79,0.0,87.36,0.16,56431058.0,55920958.0,0.0,-3.92,4863240.0,53715996.0,0.0,0.01,0
285,흥국제선주식회사,1.82,1027285.0,83.62,0.0,0.0,0.0,0.0,0.0,17.21,99.08,0.0,6.41,0.92,60.57,1490.77,0.37,0.38,0.0,1.93,0.0,1.91,0.0,-102.35,1.05,11298071.0,10762450.0,2005831.0,3.52,11232546.0,217345.0,19.82,12.53,0
286,흥한주택종합건설(주),-1.33,-3403573.0,128.7,-77.79,-79.51,583.12,0.0,0.0,-24.71,-5.29,0.0,-8.16,105.29,77.97,0.37,0.33,120.07,0.0,80.16,0.0,14.78,0.0,-22.28,0.08,54785429.0,23486310.0,21341582.0,-21.18,26371686.0,21139442.0,-54.37,4.24,0
