구분,총자산증가율2018,유동자산증가율2018,매출액증가율2018,매출액순이익률2018,매출총이익률2018,자기자본순이익률2018,총자산순이익률2018,매출원가대매출액비율2018,매출액대판매관리비2018,매출채권회전율2018,재고자산회전율2018,총자본회전율2018,유형자산회전율2018,부채비율2018,유동비율2018,자기자본배율2018,당좌비율2018,고정비율2018,순운전자본비율2018,차입금의존도2018,현금비율2018,부채/총자산2018,부채/매출액2018,부채/현금흐름2018,유동부채/부채2018,총부채/총자산2018,유동부채/총부채2018,유동자산/총자산2018,현금흐름/매출액2018,이자보상배율2018,차입금평균금리2018,정상기업여부
(주)가야호텔,-0.01187988187651182,0.19662691069897736,-0.002193683153829273,-0.1536999694783563,1.0,-0.2359112474572717,-0.03997642688393013,0.0,1.1204232834734182,62.0955474917864,0.0,0.26009391556554295,0.2750977226055864,4.901258962994118,0.6971866784300641,0.1694553664346617,0.5945353423906035,0.9475334878892012,-0.0227880986470311,0.7678060390782372,0.520180981643232,0.7678060390782372,2.952033835196549,121.64472592375652,0.09801252780998465,0.8305446335653383,0.09060874962827589,0.05246651211079878,0.024267668102987056,-2.3644916328452976,1.75,0
(주)강원심층수,-0.005554885549091845,0.24557524036968706,0.0010829300809770044,-0.136948151015734,0.3543291642744122,-0.726917447390153,-0.051855980267102024,0.6456708357255878,0.3992257947390394,10.859646199593579,12.766748558408331,0.37865411020514095,0.4067706206100349,13.018006093914629,0.07270911453376502,0.0713368216064702,0.051079747558726664,0.9356248006176769,-0.82100484953064,0.5518512674093372,0.003493387302203217,0.5518512674093372,1.4574020261139233,384.24328147100425,1.6043816535375102,0.9286631783935299,0.953392004240503,0.06437519938232311,0.003792914792249664,-0.4887437423056348,3.92,1
(주)경주신라컨트리클럽,0.0021973635156591334,-0.5111615440848088,-0.041216378059725306,-0.010976192651651907,1.0,-0.012877694217274442,-0.0015184213769680037,0.0,0.9801427310444892,179.75349255866143,0.0,0.1383377119150221,0.14098632190162544,7.480975315948678,0.20979566378652076,0.11791096692847058,0.18559467506506597,0.9851260124722868,-0.05602354561379076,0.7944494364817938,0.16819521192194362,0.7944494364817938,5.742826200348082,-66.70087224217548,0.08924110129001434,0.8820890330715294,0.0803745880208868,0.014873997017075804,-0.0860982174190647,2.0572512845295035,0.16,0
(주)고암개발,0.28819143345297366,0.2730173602320538,-0.0014044370903896258,-0.6709799842580517,0.5572223384332458,-39.94406090873482,-0.05957367109554493,0.4427776615667543,0.4111187173739075,90.38952768003172,1529.419034090909,0.08878606291277019,0.11996359697570676,669.4985637811725,0.03228386387088473,0.001491427504871383,0.03224409892539377,0.9791316012924927,-0.6255349807320769,0.8868359786098257,0.011151450104426287,0.8868359786098257,9.988459331518248,-378.85071592716986,0.7288871843617177,0.9985085724951286,0.6473688831977833,0.020868398707507386,-0.02636515891773694,0.31377311755088055,5.11,0
(주)금반석건설,0.08171947500934655,0.3175074490804475,3.936746513906686,0.2825708439146708,0.4916549783882378,0.47098987435321377,0.08017990041115836,0.5083448994665553,0.10101591832980598,148.12695856703456,0.9585481356392063,0.28375149856356247,0.4433905832500789,4.874163873215134,2.938480670962713,0.17023699399326855,1.6868589874791218,0.6467090521730602,0.23306180407124064,0.5734237745397907,1.6668677855912752,0.5734237745397907,2.0208660657041055,7.227466566251113,0.2096688599863256,0.8297630060067315,0.14489572109923438,0.35329091316805433,0.2796091890816354,5.8592581193011,2.78,1
(주)금송,-0.09332725789808612,-0.5111094552078158,-0.10092813805194135,0.11412039824962865,1.0,0.22602393512545446,0.03206883436383694,0.0,0.9553154434522615,18.00216815225247,0.0,0.2810087841937696,0.3087440563601078,6.048087016855682,0.15975851243922295,0.14188247074822916,0.15792441257533973,0.9206967509791328,-0.41709126423573645,0.7272198670028529,0.04400703337661329,0.7272198670028529,2.5878901582713456,-1097.2213779128672,0.6825920684791416,0.8581175292517709,0.5784691447678864,0.07930324902086713,-0.0023585852503111323,0.8994237669671288,1.77,0
(주)기흥금속,-0.008054563490921578,0.05002162544391582,-0.055623805717262734,-0.04200758566497818,0.1126416038199361,-0.5055919131713015,-0.025707731725417238,0.8873583961800638,0.1506205667331616,45.6764143974323,3.6926430234414744,0.6119783205453255,0.7572603909248302,18.666920386889778,0.20420289961542015,0.05084680165109189,0.026364575036820728,0.8311371379362881,-0.6580740555886534,0.7839829178937274,0.006728558564708444,0.7839829178937274,1.2810632200093803,6093.100265251989,1.0547895458392995,0.9491531983489081,0.871236579457758,0.1688629303222403,0.00021024817650139226,-1.4704784936949387,2.01,0
(주)대성메탈,0.028122559018195797,3.143540579816207,0.6443743699039745,0.0080015172710706,0.11079919260066445,0.015185584982163628,0.002199134116652622,0.8892008073993355,0.1037603467980637,6.543040716681636,8.175969084897016,0.27483963880245166,0.31196400106045485,5.9052564221404245,0.16328215700281878,0.14481721443300577,0.11778111757372613,0.892735160337381,-0.5496645005148706,0.6888608454963759,0.035696870671620334,0.6888608454963759,2.5064100960761095,34.499987800943934,0.9536459278711402,0.8551827855669942,0.7681741859922254,0.107264839662619,0.0726495936907993,0.06255141151968077,4.11,1
(주)덕수산업,0.0011984311516202602,-0.026702293492939174,0.03664623120617464,0.09428883498150474,0.15997723875782377,0.3828090570280833,0.09396588922089331,0.8400227612421762,0.036140842492689125,7.087205129399569,14.110336230026059,0.9965749310544058,1.3305528182115052,3.0739151217755487,0.7421627452161315,0.24546412237576676,0.547072463186212,0.7743022845770144,-0.07841040220727655,0.6252513378132203,0.07287557424824924,0.6252513378132203,0.6274002268466515,-85.75904329091179,0.4863773961585789,0.7545358776242332,0.4030399701970317,0.22569771542298556,-0.007315849183606035,5.347948542704705,3.29,1
SBC벤드(주),-0.046020750520116505,-0.10824300984067127,-0.5742064661631756,-0.5201986274106245,0.11167325918221528,-1.2354817142052816,-0.09593684179255649,0.8883266458407316,0.1936816705399892,2.954420114682085,0.2711106076516016,0.18442348121927607,0.5916395918671702,11.878073648460875,0.9960769402103508,0.07765136520394998,0.1042319152773159,0.32508996567284626,-0.002658140392271493,0.8274231492560675,0.008994303827311848,0.8274231492560675,4.486539044734097,197.5697502258507,0.8188895341067325,0.92234863479605,0.7346117635369521,0.6749100168111549,0.022708633480607917,-0.42741297967665404,4.13,0
강원레저개발(주),-0.0048012668271705675,0.07360259595562388,0.005206661251096553,-0.03879026188533451,0.5515383300089741,-0.07464501889034995,-0.0056096376046789066,0.4484616699910259,0.16028808988646848,1112.4714739604917,464.6266563746301,0.1446145844867253,0.15398163799242973,12.306567045987029,8.143503977041624,0.07515086321994509,8.12154833461382,0.9482275800624769,0.04541490846783133,0.9122383927451333,8.017187711845256,0.9122383927451333,6.308066340493278,257.9505120926997,0.006969133858267716,0.9248491367800549,0.006874106507604123,0.05177241993752316,0.02445456025389222,0.898895640762296,6.9,0
광주제2순환도로(주),0.012453275345177876,0.3433993030466896,0.030793861997180334,0.13666269662241914,0.6568037670759824,0.19067827278062435,0.02958678491166379,0.34319623292401763,0.08068622135773142,44.87607227717669,141.05825109649123,0.21649495906998045,13.631587108453026,5.444710869379107,5.805233994625604,0.15516600019606552,5.792701182431884,0.7560187849083267,0.20195341477948128,0.8025732664103012,5.439816142921737,0.8025732664103012,3.707122188239381,38.46246582420185,0.05236630980766555,0.8448340078255986,0.04974681407577505,0.24398121509167323,0.0963828529658839,1.2600848370781892,11.82,0
금양상선주식회사,-0.0494049942550409,-0.19399911491677255,0.011869383548431754,-0.08877464964695998,0.11726973931429087,-0.3738559304441103,-0.039821807639104374,0.8827302606857091,0.07318963857824604,28.53250295712003,72.00087995966028,0.4485718366388173,0.4904937323855106,8.38822099268517,0.33047596568088444,0.10651645298711543,0.29812786021947635,0.9438157387241867,-0.11382586687391795,0.8442604311967311,0.15592216684886356,0.8442604311967311,1.8821075293599314,-29.55994029672679,0.20137166432014772,0.8934835470128846,0.19027784979154144,0.05618426127581337,-0.0636708839891784,0.6543963980392203,3.45,0
금호섬유공업(주),-0.00896899083209833,0.014458793033234952,0.14136848918693312,0.0058434026755931285,0.12521585797138862,0.041399037190528586,0.007119496502090183,0.874784101731228,0.07532544066095447,10.817726235817691,2.263987112878184,1.2183819766224697,5.144051647171907,4.814882720761843,0.842430176772603,0.17197251398201613,0.19519905531195994,0.387247741411945,-0.11461040657138065,0.5845878589869632,0.004470176972405513,0.5845878589869632,0.4798067192421255,-83.4927247610566,1.2442315624205538,0.8280274860179838,0.878428165056876,0.6127522585880549,-0.005746688955418078,1.5250406802501544,5.56,1
농업회사법인(주)자연일가,0.5426913027953403,1.9737698645703412,-0.024265348613410516,-0.7087659786873262,-0.2548708129466054,-9.719068151764638,-0.21324021108596472,1.2548706791973654,0.39867625702216947,6.727466919088761,7.228330065447597,0.30086123981415897,0.4158341930873,44.57802541637704,0.2868229676453045,0.021940396729006148,0.23151126319969637,0.7291529431629045,-0.6734533911383073,0.8746155775814801,0.1872231213437337,0.8746155775814801,2.90703973074673,6.5347549143702075,1.0796748562226823,0.9780595630310317,0.9654835795981499,0.27084705683709553,0.44485826459291145,-7.469124498630405,3.84,0
농업회사법인주식회사민속한우,-0.01579574573298678,-0.014227237707229473,0.22029539239462032,0.1089960234919626,0.16539070752976076,0.2528255696450531,0.09813289258108504,0.834609303627857,0.0051166715272969,7193.006902086678,0.7869299272940018,0.9003346125587911,31.974622190510168,1.5763590622417152,1.7324839638281635,0.3881446513454148,0.024681075453214713,0.03131497550071588,0.4095542938696971,0.4959772738226986,2.3176709383378258e-05,0.4959772738226986,0.5508810467844939,-267.05235828645607,1.1273313519390495,0.6118553386089957,0.913828310954557,0.9686850244992842,-0.0020628203784427415,5.469527488448512,4.3,1
다이아디앤더블유주식회사,0.19505359352041618,0.18538293245738954,2.397402461420973,0.04469170994605151,1.0,0.13891630663498863,0.023804913290784956,0.0,0.8056152457512374,2.2726093349244008,0.0,0.5326471804171392,1117.5239033584646,4.835614897566718,3.3201155147067283,0.171361547592349,0.6918173155898828,0.010250600730562848,0.6916424825416125,0.7719509830648782,0.32066933545345905,0.7719509830648782,1.449272635706679,9.260315510200883,0.3861733753408153,0.828638452407651,0.35975510895211277,0.9897493992694372,0.15650359149320606,2.3988678841847224,5.99,0
대선건설주식회사,0.011437408086841827,0.06344069491537775,8.997078174303232,-0.3322146917289291,0.2369300094918644,-1.0608041822208192,-0.04555023909371606,0.7630699905081356,0.3878095868018043,5580.553997488489,0.3473658368024825,0.13711085098814,1.294254754333738,22.288663316087046,0.4122371893752539,0.04293934720200248,0.09404981199473474,0.6097765912064768,-0.5563758278859898,0.8282530138482701,0.08865468792964248,0.8282530138482701,6.040754673165244,14.690839772983795,1.142886558639101,0.9570606527979976,0.9890692234730367,0.39022340879352324,0.4111919241181903,-0.9018880749374367,2.69,0
대우송도호텔(주),-0.02954803482633388,-0.1437146892655367,-0.04393941232135491,-0.1999553746572467,0.1459025615431131,-0.5896804552198296,-0.037987327132548696,0.8540974384568869,0.17563913386719324,15.619801512790948,96.65211752035297,0.1899790250582893,0.19974355715684344,14.523083610548989,0.05977521201243579,0.06442019028490138,0.05770935299738117,0.9514237681611519,-0.7640721922059233,0.7938695848284355,0.03787145563218596,0.7938695848284355,4.1787222804457524,-55.69609663568296,1.0236548163265307,0.9355798097150986,0.8686040630699777,0.04857623183884802,-0.07502720177644477,-0.1729440925867584,4.13,0
덕명디앤씨(주),0.051123525682201125,0.02955185266362863,50.891719497868955,0.04374473680419406,0.20929929639456238,0.10428248656412624,0.018055134744004508,0.7907007036054376,0.13421166611380309,5.849770459206356,0.4907310323718507,0.41273844725186365,7.724003216251899,4.775780022841142,3.88746752989201,0.17313678776638966,1.1238642281295204,0.06451978283107199,0.694840197780897,0.5824007842194129,0.655998162920648,0.5824007842194129,1.4110650173183814,7.59640392563461,0.41318626359055954,0.8268632122336104,0.2910275851960915,0.9354802017247279,0.1857543425984289,1.215355907320193,3.78,1
(주)동바오,-0.02525951540959442,0.10994906680926791,-0.06771276727201789,-0.01603818413835405,0.6644099295680314,-0.4595784914259855,-0.003022726174684776,0.33559007043196865,0.5797945557991807,41.26297477192329,21.91557855577451,0.18847059920307097,0.19235396807986532,151.0410599130477,0.028861435264475207,0.006577170670685275,0.02473553999079082,0.9798113399190082,-0.6793143236060877,0.26904309251712766,0.01738521576988598,0.26904309251712766,1.4275069621190222,130.23319954718534,2.599966336777624,0.9934228293293147,0.7041341944591026,0.020188660080991905,0.010961160188664613,0.6827483417336989,2.52,1
(주)동양유화,0.06580524472316207,0.2269202641542498,0.022743773837440764,0.001172994155940482,0.054220889093834525,0.017208649838254823,0.0017951446655521384,0.9457791109061655,0.03610825122063355,6.089724787864911,25.676378988441964,1.5303952338217996,2.417154276887934,8.58621896523415,0.36648521426835867,0.10431641543205397,0.3016688662598132,0.6812633353120792,-0.5509755427315196,0.25175589277871957,0.0002779615450826763,0.25175589277871957,0.16450384006360166,-15.568837600405105,3.454585304121849,0.8956835845679461,0.9710038482384006,0.31873666468792083,-0.010566224935079369,1.3298122700226689,3.08,1
(주)메디퍼스트,-0.035985068368488055,-0.09619817109584373,0.0685287771958363,-0.01905576198761424,0.11841507727234886,-0.24744156190470107,-0.016033122614697564,0.8815849227276511,0.09732342803766957,8.719467959062227,4.828955194323631,0.8413792439850312,1.5200051962276881,14.433148479627503,0.6449320501011315,0.06479559250790906,0.37165045691401355,0.637501488591158,-0.1995739551228177,0.7532786511248265,0.039413113443234206,0.7532786511248265,0.8952902707191431,124.60760251934005,0.7461681930804073,0.9352044074920909,0.6010157410433417,0.36249861487304064,0.007184876786151048,1.2003975197010204,1.83,0
(주)미포,-0.036507960485473674,-0.4391071450217142,-0.04158302426786182,-0.18551606869330642,0.07698997141078501,-0.18850367981784938,-0.023967985341472056,0.923010028589215,0.08194707292339572,16.356256221441335,86.90083186634911,0.12919627669070394,0.1333405684079976,6.864811210964799,0.04052359006298905,0.12714863372764,0.03821698241868496,0.9758908632352125,-0.5708316551865877,0.4858829867015939,0.01997231465752346,0.4858829867015939,3.7608126112240714,-26.772175519823364,1.2244528173133165,0.87285136627236,0.6816060728554019,0.02410913676478759,-0.14047467335776995,-0.026303502853874616,3.05,1
(주)삼남,-0.00421639260425674,0.6320164591949126,-0.05288875461206578,0.0037854173691940604,0.7975119742631254,0.002204171864731631,0.00033618147520564394,0.20248770610355799,0.39600010867532764,116.94770484449761,70.10069713400465,0.08880961923551885,0.08900803784615106,5.556494117896674,0.002645181941435077,0.1525205364358354,0.0023407861078821005,0.9977707787360149,-0.8405185795831651,0.7419884531045009,0.000867445601581255,0.7419884531045009,8.354820789590182,1247.376139346218,1.1357963824383912,0.8474794635641646,0.9944167818567367,0.002229221263985006,0.0066979161505920405,0.9846729329467272,4.83,0
동문산업개발(주),-0.13622217938950795,-0.14068321455527988,4.982719977084672,0.08533663732368943,0.1798407276048539,0.532061076203434,0.07875349509578533,0.8201592723951461,0.06650537890214961,11.404175331674898,1.537058992368818,0.9228567888967354,145815.27329192546,5.7560312790728245,1.1616152556251356,0.1480158925695851,0.5796114525071141,0.01716991571162663,0.13674091704559913,0.23873966261732796,0.32941643213114363,0.23873966261732796,0.2586963280648761,-2.650656813374918,3.543982419875315,0.8519841074304149,0.9930809270545905,0.9828300842883734,-0.09759706604020683,24.31052756610566,0.82,1
동연오토텍(주),0.12649585208320724,1.1764050643935682,0.3066202324316343,0.02517340846572835,0.10650207081443756,0.079493802331848,0.017161144613570264,0.8934979291855625,0.0652427780957859,4.438040096492673,10.828985780205292,0.6817171634478436,0.8953716571036137,3.6321969846339894,0.7927937545386222,0.21588028387333671,0.604138081344165,0.7636256037643196,-0.06177929768888603,0.7081273609585674,0.07784238699564387,0.7081273609585674,1.0387406961813195,-33.62988884222064,0.42104522868134214,0.7841197161266633,0.3802399563463507,0.23637434894142934,-0.030887425797174586,1.9100146769308834,2.19,0
디에스디엘주식회사,0.5326579927316193,0.278372940551211,-0.6898469888056212,-0.1846571641157225,0.36150812896562246,-0.054690188586727924,-0.013055700668613853,0.638491976513579,0.2323336577170377,11.448920566181966,34.1700018628176,0.07070237827562433,0.09341388841842489,3.188989160742951,0.04770223722450645,0.2387210760465759,0.04542091932660738,0.9723751546060003,-0.5514852131968736,0.6569471369597553,0.031004337738895008,0.6569471369597553,9.291726148146383,38.30653981109077,0.881516983650923,0.7612789239534241,0.7607068058359959,0.027624845393999665,0.24256239780383865,2.030723413005051,0.72,1
렉스텔레콤주식회사,0.05644024455240134,0.20760969017300282,0.149505215450457,0.012976328360503046,0.27863518181762753,0.1851754109138434,0.03833432533210395,0.7213648181823725,0.24955785308357334,66.05495169390774,4.902850828315526,2.954173497087574,8.190868334442897,3.830537666798656,0.6380807071662455,0.20701628333331887,0.08324019663141508,0.5001384561768256,-0.2835214016400874,0.7196155211180072,0.016926903771865728,0.7196155211180072,0.2435928430836758,6937.152930806523,1.0886131864501538,0.7929836709489407,0.9878929089747963,0.4998615438231744,3.5114238580776876e-05,1.9879468994901344,6.09,0
마불개발(주),0.06201790157935092,0.10348945230804985,-0.26065925987677246,0.2395486046156041,1.0,0.10086073388965257,0.013215909894201088,0.0,0.5059397051801473,1.6052822830564346,0.0,0.05517005584485968,0.07803968749487537,6.6317661589012875,0.5382144136467363,0.13103126840877494,0.3259402536212723,0.7457997596550343,-0.2181026414382997,0.8050610052074743,0.001805921554814743,0.8050610052074743,14.592354364681754,-878.7999382684294,0.5866671365297133,0.868968731591225,0.5435210928613474,0.25420019321850185,-0.016604865031550013,0.728796815600433,4.82,0
마이스터인터내셔날주식회사,0.007201185410269619,-0.4144284200241176,-0.313908208206506,-0.22806610203653122,0.10371021950616141,-18.35249070981702,-0.1874786707931404,0.8962897804938386,0.2809390331328555,15.15648799503854,7.609401488833747,0.8220365460672907,1.0452849976603926,96.89108612822804,0.20816661810308273,0.010215434719869129,0.1087198481341713,0.7973206623949469,-0.770960621827288,0.45315243635162855,0.0398514546570108,0.45315243635162855,0.5512558273954576,-8.541042342916763,2.148592573552522,0.9897845652801309,0.983688767824723,0.2026793376050531,-0.06454198507195363,-3.6242418301747406,4.77,1
미광냉동주식회사,0.002521875063639634,0.1692053154294541,0.21177004839976094,0.06262454479647549,0.35174617788611484,0.07039902720573327,0.01252754951876216,0.6482538221138852,0.25581507240462065,2.0049677469706584,40.83860846254608,0.20004216492871355,0.2442753691021686,4.619536933404144,0.17930832558787202,0.17795060551265574,0.17466281771014353,0.8774341262464783,-0.5609822735602343,0.7645550620621997,0.016629722420025517,0.7645550620621997,3.8219695449439586,13010.61975308642,0.8940469839674497,0.8220493944873443,0.831517122812356,0.12256587375352167,0.00029375768545055657,1.8483504607157164,1.35,0
부페파크주식회사,-0.061961146441703786,-0.28899359419545617,0.08913949426115009,0.1728735120747928,0.7299475194139368,0.48524841865254487,0.08311124680345901,0.27005248058606324,0.57298535408806,43.28211405608475,40.90742896399061,0.48076333850093456,0.5342704466908949,4.838540959445085,0.2914346641853283,0.17127566749057171,0.28125914457905954,0.9091004673371245,-0.2210042548676181,0.7030863340275487,0.20527586021422903,0.7030863340275487,1.4624374982914425,-17.650499312760754,0.443620979387713,0.8287243325094283,0.37636622440052386,0.09089959322779977,-0.082855304678783,2.755171628407857,3.68,0
빅토리오토모티브그룹(주),0.0364818427739391,0.048465839597343,-0.01616842345534327,0.0018710126837321625,0.11368008368523792,0.36268715325674356,0.009342640786731225,0.886319916314762,0.10925745868991922,120.16466033072295,6.379118833245854,4.993360476902375,338.65598137745826,37.8206248678474,0.9119556552392155,0.02575950292928528,0.18632624841486342,0.1280700780624008,-0.0841800785085112,0.8408297168997334,0.00039967505152372045,0.8408297168997334,0.16838954863946473,2764.519044911882,1.1371030081708253,0.9742404970707147,0.9813901221729974,0.8719299219375992,6.091097435171842e-05,0.850202536954257,3.16,0
삼삼레져개발주식회사,0.01842148830801914,0.6998240334591451,0.04348603996914801,0.20206371614012114,0.6066593402493055,0.16742675341781396,0.026290991715443735,0.3933406597506945,0.27843495405886187,170.83987655570172,66.92739091000705,0.13011238344845763,0.13133522851907617,5.368217495556277,0.00844498756441103,0.15702981261205304,0.007187745084996585,0.9948635057609666,-0.6030889168966648,0.7935159601296338,0.005121840897947083,0.7935159601296338,6.098696673587377,274.8056070775677,0.766494189361115,0.8429701873879469,0.7215265518337441,0.005136455708005707,0.022192766510276973,2.504830650391989,2.14,0
삼영중공업(주),0.01936837197031747,0.055768681179355795,0.3373561503716798,-0.11237750491380376,0.010255758235376831,-1.8831246326327908,-0.059261446505426855,0.9897442417646232,0.08137093146484005,4.946455112163606,4.471260120486814,0.5273426078544973,0.6466331240845766,30.776555310041985,0.19501771890291736,0.031469742086360795,0.07136627328730023,0.8158970112538363,-0.7599292873033129,0.8166201399817039,0.0015328925199435417,0.8166201399817039,1.5485571008649146,884.2935911362155,1.1560237985257187,0.9685302579136392,0.9747060646384367,0.18410302887094054,0.0017511798303040927,-1.4298219446114495,3.45,0
(주)삼한리얼에스테이트,-0.026640986566125912,0.012432383556279356,-0.03795756279124293,-0.5796186542008813,0.9535015848789902,-0.3580980585626089,-0.03184311706643277,0.046499176715911396,0.6271223745919755,8.9653208791659,0.4937767389950586,0.05493804734482673,0.11440817304550505,10.245697392485981,0.30508798932365594,0.08892289780695756,0.29902839368646283,0.7395230354539554,-0.5932995643939877,0.016047644990744247,0.029909553249084425,0.016047644990744247,0.29210439333634924,-1.1855786737226706,53.20260570522731,0.9110771021930425,0.9371067793109029,0.26047696454604463,-0.24638128182514696,0.3086911705279445,6.86,1
(주)신광테크,-0.01744430218093234,0.5331999976233183,-0.08396109162630812,-0.03152463890977041,0.054555788823521675,-0.059334115318029707,-0.03581508198377159,0.9454442111764784,0.046997178180433995,6.626385682616086,20.753251716660643,1.1360980877935274,1.518486458641154,0.6566795894789513,1.4483648759889893,0.603617021873562,1.1453210073224194,0.7526350824326903,0.07657582142763618,0.10955958273009887,0.6008396407008068,0.10955958273009887,0.09643496799020232,1.239507847506053,1.5588693248242242,0.39638297812643797,0.43086883691563266,0.24736489418612917,0.07780101447863677,0.950765479142829,1.66,1
(주)애그미트,0.12206713759450219,0.26804643474465834,0.12943220862465749,0.011508943314788661,0.038755933181557886,0.27943700394966614,0.020358130557398352,0.9612440668184421,0.0496885290288414,35.2713351732998,34.187303306644026,1.7688965876857472,2.7014616549579262,12.72606404904481,0.24407520003163527,0.0728540968792572,0.18566366470032794,0.7921757109329286,-0.6436521781861962,0.7451180436683766,0.006091179049755548,0.7451180436683766,0.42123324159001113,-88.61652434602856,1.1427403677694685,0.9271459031207427,0.918384543778089,0.20782428906707145,-0.004753438985546144,-0.784895123491673,3.44,0
(주)양지이엠알,-0.0034996691293375628,0.018032162745378152,0.05203980510415709,0.04951922734830283,0.4621252190990316,0.19067944441806006,0.01135814757406975,0.5378747809009684,0.23837915339422647,83.20351275346589,76.82210064533614,0.2293684328751755,0.49148899846408595,15.787899890768674,2.4343729913653998,0.05956671212638573,2.4223106617354113,0.6758958591706014,0.1909675418041137,0.8557528940346978,0.13583733068219106,0.8557528940346978,3.7309096256519605,-219.08230558708627,0.15557832167832167,0.9404332878736142,0.14156942416012958,0.32410414082939865,-0.017029716825619705,1.6018993360389886,3.6,0
서신식품(주),0.06189759051548569,-0.11920371620684234,-0.005702227962640311,0.0005485947389623022,0.1488314413182878,0.004714759738465291,0.0005170187563409446,0.8511685586817123,0.11533005465821243,5.985513104602951,30.601015825280314,0.942442060816906,1.359696089649192,8.119127073517955,0.3831689261340456,0.1096596189457663,0.3475808061015678,0.7177585125271095,-0.4543565720841435,0.8216878773031063,0.11480815516574032,0.8216878773031063,0.8718709737878949,-15.951509711865967,0.8964450856627593,0.8903403810542337,0.8273218594048753,0.2822414874728904,-0.054657583484987,1.5168763304215345,2.62,0
성민기업(주),-0.007478049412241028,0.17795209416994034,0.057998559423517414,0.02162392028951977,0.2902746321736573,0.04454901255209166,0.008833061611658758,0.7097253678263428,0.22258562848891209,2.670104769444288,2.308425231512397,0.40848567204253805,0.712689524982278,4.043439580823418,0.7387850483655186,0.1982773827215622,0.46754151869829863,0.6579339730772831,-0.12094552757846201,0.6614079701162068,0.018803583811384982,0.6614079701162068,1.6191705496278226,200.068241389353,0.7000391963011441,0.8017226172784379,0.5775208206038634,0.3420659762488585,0.008093091329156801,1.0349572091894024,3.72,1
성우오토텍(주),-0.044743322417997645,-0.20954154969926228,-0.14807645862795787,-0.07489641339436415,0.08195565942113103,-1.4586275917673155,-0.08742435479428659,0.918044340578869,0.13245191038227253,22.561109959730597,24.08431999342947,1.1672702447573429,1.4445925717429409,15.684454410166106,1.1737583093360604,0.05993603527570783,0.8624633312700164,0.8322329068377265,0.024835544283892053,0.8237352267779028,0.46631825766342816,0.8237352267779028,0.7056936733182506,-38.94210498798637,0.17351637301887413,0.9400640128079469,0.15204448519569277,0.16776709316227348,-0.018121610876863408,-1.8358838417876024,3.93,0
성원이앤에스(주),-0.007459647851680019,-0.0772948897734767,0.026885259088079237,-0.004522355160783438,0.09833898424573208,-0.20429024314507102,-0.004406954980188603,0.9016610157542679,0.09267738788049741,27.32855757342758,33.62869246110414,0.9744822826841307,1.0525206231117494,45.35632993204648,0.18046179413826055,0.021572028660512815,0.11296222626411653,0.9301459586231177,-0.3172308909792913,0.9011713142507304,0.03263370195328936,0.9011713142507304,0.9247693162450616,360.3161320460916,0.4295353460934466,0.9784280492297818,0.395619210488586,0.06985404137688232,0.0025665498544116404,0.48877296126085096,1.26,0
성진수산주식회사,-0.0959958629718599,-0.2836034319727597,0.06935844591344016,-0.09739160019212989,0.13755578946350702,-0.5230699203604736,-0.052438460323614794,0.862444210536493,0.12002892313580413,36.522498950208046,3.672943153836966,0.5384289838155086,0.6730403726047197,8.974929033622251,0.20620614648388363,0.10025133979693733,0.061956319538867495,0.8192694860448786,-0.6957250895787136,0.8227769641571417,0.0019048689738399296,0.8227769641571417,1.5281067492441385,1176.689292062108,1.0652408431011917,0.8997486602030627,0.9741116222225737,0.18073053740427908,0.0012986493202179,0.36350859444860945,3.07,0
신신중공업(주),0.06875617214447224,0.2955704833115213,0.06075011808171846,-0.04764270651260396,0.157572945186056,-0.11145044207909853,-0.01957901108720705,0.842427054813944,0.1464490814500869,4.198881320177285,49.286343452869346,0.41095505525126685,0.6764836620128615,4.6923427635178365,0.45952119001133523,0.17567459331665503,0.45055397124171015,0.640049673887976,-0.4233657296788852,0.6930104903541985,0.022284904689419904,0.6930104903541985,1.6863413200513542,66.2404384422823,1.1303090886698635,0.824325406683345,0.950251016698083,0.3599503261120241,0.02545788282365801,0.13945881653285758,4.82,1
신우개발주식회사,-0.021327706724983523,0.516969449959654,-0.03313942904125823,0.20849739194756553,0.837546392451084,0.23568632144481558,0.04006444656357326,0.16245368763773776,0.337068862851657,525.5771772530202,51.0140083496806,0.19215802264638862,0.22482473595222288,4.882680073237363,0.0962792033400983,0.16999054640917755,0.09498380920221125,0.9545190835784966,-0.42690475819657475,0.7029069807168785,0.06948371399097017,0.7029069807168785,3.6579632275378686,141.87591635396734,0.6720457863945283,0.8300094535908225,0.5691328846610397,0.04548091642150346,0.025782834194434997,3.595664394813385,3.55,0
신원합섬주식회사,-0.08244157444602783,-0.026462401535711923,0.10404053787723602,0.013674123122343895,0.08557543583866578,0.3988346604306923,0.02922784721250156,0.9144245641613342,0.07453451184759674,15.58427261581803,6.786607845786186,2.137456782493237,5.5077787498686295,12.645706502370224,0.577344465498649,0.07328311732219833,0.2613405155780832,0.47381923577629176,-0.3852002148409287,0.7827084357263828,0.0946908270533836,0.7827084357263828,0.36618678896206375,-39.07082423641713,1.164393965191957,0.9267167932352834,0.983451455414866,0.5261807642237083,-0.009372384538044846,0.7925500279351424,3.7,0
신일산업주식회사,-0.24637228487682217,-0.4585162013625922,-0.4045888342041548,-0.19414422259330213,-0.0854645208718313,-1.05913743295824,-0.1370898792447945,1.0854646975017812,0.16483848780741117,9.434696822746377,3.0342628722768166,0.706123918670367,1.1083956128978705,6.725861593816066,0.40287009389460493,0.12943540184572036,0.10752221371245047,0.6554322755482153,-0.5107147342703245,0.799983187389145,0.0006143659853858767,0.799983187389145,1.1329218091004696,-808.5337199041977,1.0691255418922505,0.8705645981542797,0.9824457145804337,0.3445677244517848,-0.0014012053934308495,-6.870678871682489,2.93,0
신흥에너지산업(주),-0.017015378855460596,-0.23578077813376666,0.01549982558222762,0.021274322613385584,0.22707035042221085,0.058206616284333365,0.008596161623247424,0.7729296495777891,0.24893505969341442,11.11611402745533,306.9956534551348,0.4040627652153215,0.4634986501805462,5.771233352211484,0.17275631876307362,0.14768358258889425,0.16981639211612776,0.9402202604345132,-0.286255299809667,0.8094173004853805,0.04687812017962705,0.8094173004853805,2.0031969539535504,366.1761714246966,0.4275112962962963,0.8523164174111058,0.4059936337096831,0.05977973956548681,0.005470582496287593,-1.023192632520029,1.07,0
신흥화학주식회사,-0.014025357207934075,0.0475807571024714,0.023177952788487402,-0.0100710861820249,0.1040891498419925,-0.2713827721335728,-0.008336818543996984,0.8959109089394667,0.08101360632069977,9.888345677175304,2.616761235211879,0.8277973590253574,1.3598113196386896,31.552318453540643,0.575236039010202,0.030719778114336807,0.15162301774723602,0.615141020260448,-0.28418634016385963,0.8310431180774775,0.01888697546421963,0.8310431180774775,1.0039209584528532,-24.41991155060961,0.8050669157229421,0.9692802218856632,0.6902496355510415,0.38485897973955197,-0.04111075326265019,0.6505586434790679,3.6,0
씨에스개발(주),0.12304880074591674,0.003124617407366006,-0.04207825810483385,-0.4432154384077461,0.8252306204433864,-2.044034421272967,-0.06719112748883163,0.1747693795566136,1.2433592900552803,142.77363018945005,30.3449046761473,0.15159924873153366,0.18391159043819386,29.421195441507095,0.01093605999959494,0.03287181800343015,0.010001576719289938,0.9897819984350652,-0.9241222969807256,0.9085929950109367,0.0007844134943726441,0.9085929950109367,5.993387187689561,-1792.2060962566845,1.0283375545223234,0.9671281819965698,0.9660976858484042,0.01021800156493479,-0.0033441394938939946,-17.632911010558068,0.44,0
(주)에이스전자산업,-0.3180000172309575,0.027936322749372206,0.021195619898940605,-0.04951334121204676,0.06579642875946554,-0.15543955325626133,-0.03210317513891112,0.9342034225107316,0.10253997782736099,3.9443429880812078,304.61745877788553,0.6483742432453804,1.2046611895891333,3.8418747548699175,0.23310426748000473,0.206531571060199,0.23056924526290776,0.8171559333998075,-0.6015434033369528,0.09323380848876657,0.0068220619713350705,0.09323380848876657,0.143796286573774,-72.47593703148426,8.41312269284434,0.793468428939801,0.9885553619130262,0.18284406660019248,-0.0019840555702137037,-1.1843192713326942,2.19,1
(주)에이취.에이취레저,-0.011724093310122944,0.10270809583443308,0.17871566883423526,0.01315047626207036,0.5635762753273746,0.006331706177187381,0.0014273512452423634,0.4364238516555269,0.3887170104771052,214.27612102742708,44.72122678950176,0.10853988987145982,0.11066524105917094,3.4359832229748473,0.024204703366744105,0.2254291663730375,0.02262584098751472,0.9837617208683918,-0.654634048302693,0.38882677863703635,0.007381974125483925,0.38882677863703635,3.582339903767278,216.03705632346748,1.7253757984550746,0.7745708336269624,0.8661213210290937,0.016238265348898075,0.0165820621921617,0.6106010808778275,4.18,1
(주)에이치엔에스통상,0.18096900527126192,12.382564062410724,0.20819613653825048,4.140717934640665,0.515379059161697,0.8066040289937672,0.6466503351754322,0.48462094083830304,0.7902494706112076,1.737602914064772,2.0721973113103984,0.15616865127799368,2025449.0,0.24735731989521126,4.9271764117863155,0.8016948985267578,4.742642902471928,0.024815287657485266,0.777265126997494,0.010794451590200057,3.9167620784723307,0.010794451590200057,0.06912047649681625,0.032399435046422606,18.335307142857143,0.19830510147324218,0.9980559444746637,0.9751847123425147,2.1333852395197312,-5.020298114466577,2.65,1
(주)엘케이하우징,1.739968918531495,1.753308038310159,10.041220681766386,0.025227484517623657,0.28338714809627336,0.9595219236224609,0.0184142369390223,0.7166128519037267,0.1745552075161187,3.5458547527415845,1.0115179258271745,0.7299275885456715,36255.1749871333,51.10761253913824,1.1426262777513927,0.019191053883900282,0.550104720981859,0.002780341297528112,0.12447615706961135,0.443400312695528,0.2552848163041556,0.443400312695528,0.6074579446695135,3.263269093106196,1.968296991779868,0.9808089461160997,0.8898200868669001,0.9972196587024719,0.18615012349205157,2.1071371049531575,7.38,1
(주)오.케이,-0.024758483061747195,-0.08569673545915432,0.07787810135813932,0.1614816621316063,0.7810206110596145,0.15451246079240377,0.030878661457459208,0.2189793889403855,0.5443424287022957,1275.6061525129983,18.179939089729853,0.1912208547388702,0.1985531867254393,4.003858765227627,0.05112031984295852,0.1998457684195868,0.047765174247218656,0.9649063724805031,-0.6513971383306462,0.7795263260174764,0.04614730188561605,0.7795263260174764,4.076575889601538,-285.9896821236239,0.8806511633254993,0.8001542315804132,0.8579480539573359,0.03509362751949686,-0.014254276096014434,4.215064755947808,1.32,0
(주)위드윈홀딩스,-0.39728973145412094,-0.6130407252526081,-0.2536342874768401,-7.649183093488525,0.8072570509844771,-0.33443577065046526,-0.04872445689943909,0.1927429490155229,5.8523907111558975,16.058363636363637,1.2394968690840251,0.006369890261996274,0.5266787620923198,5.863817309255944,0.4346277439823714,0.14569152338181954,0.43346148579726085,0.6308561469754759,-0.48018955545996983,0.8232714079115565,0.01619444500465446,0.8232714079115565,129.24420579477135,-53.770172686676844,1.031656654601378,0.8543084766181804,0.9941765179214049,0.3691438710550329,-2.403641263119756,-0.7403901912989151,4.01,0
(주)은화삼,0.08884265923827112,0.1258345746704883,0.00355852417302799,1.9587232202962233,0.7150914620618486,0.9211699129469436,0.07301520690363227,0.2849085379381514,1.2326137143016518,2.8893663003663,1.881619598616844,0.03727693946089534,0.09709447853062803,11.616137815821466,0.7301462309378369,0.0792635602589831,0.723439871294674,0.3854839132712411,-0.22711817869700818,0.8797542396890804,0.0016829348875119852,0.8797542396890804,23.60049543798975,-766.9742913645352,0.9566697464546626,0.9207364397410169,0.9140881462913539,0.6145160867287589,-0.030770908104366522,-0.40654867838316683,5.4,0
(주)이지알앤에스,0.1344449815185289,2.481584068100746,-0.10140266003744561,0.020767110315743856,0.37779801862603873,0.0632510316564757,0.003256394576333351,0.6222019813739612,0.16181193933630525,10.837140604254481,58.51539622641509,0.15680537767763622,0.17195312818388916,18.42363868192391,0.1602196270663288,0.0514836594922157,0.15717469839694273,0.9122674433066084,-0.45984428080025413,0.6278703232322072,0.00025263332708516526,0.6278703232322072,4.004137693051549,-492.21426457531817,0.8721177243650897,0.9485163405077843,0.5772982647831906,0.08773255669339167,-0.008134948499524518,1.6513920022252402,3.21,1
에이치모터스주식회사,0.009184482917827893,-0.040069893448700725,-0.2241151303146678,0.011527764215351309,0.11337850540140917,0.18073124746802355,0.03722438548505867,0.8866215035770268,0.08509512096341636,99.76466647020307,13.239634583792586,3.2291071182291926,6.741670906769431,3.8551841786768097,0.5466219794284343,0.20596541000274296,0.25753680493894937,0.5911104755991983,-0.33914026545205034,0.6175143140215701,0.0007119116879132333,0.6175143140215701,0.19123376568573183,-3861.354060913706,1.211356195099832,0.7940345899972571,0.9420619696875373,0.40888952440080173,-4.9525053302281355e-05,2.1530987816755807,6.39,1
옥산개발주식회사,-0.003977736927925584,-0.259390421572382,-0.07899059444556297,0.13572777277393264,0.9352218402310741,0.10743290860290289,0.023992634976828395,0.06477815976892588,0.6504496293305493,216.09034589571502,122.45690628528415,0.17677026953643735,0.18468714328766386,3.4777453042010364,0.0888508710925017,0.22332668163635758,0.08863357723165823,0.9617499327715341,-0.3922473129113883,0.7615034231175757,0.046300596544406304,0.7615034231175757,4.307870464386029,-50.363193065677294,0.5653256007404521,0.7766733183636424,0.5542837251662779,0.03825006722846589,-0.08553608701434498,2.257861089187056,2.89,0
왕림개발주식회사,-0.08770454388666754,-0.5294327296817936,0.19423542211324554,0.27731879702928564,0.8587469372326453,0.4651215295990367,0.014563425695774476,0.14125306276735478,0.8399528993291145,16.316051026067665,8.456854444806252,0.05251510482441815,0.05295013293583139,30.93764566903994,0.00950997934746392,0.03131101178723987,0.008469048142813998,0.991986342071165,-0.8346441056731474,0.8379062079196736,0.0003345487134449603,0.8379062079196736,15.955527666205269,-76.50310656191935,1.0056707488706949,0.9686889882127602,0.8698950580172213,0.008013657928834987,-0.20856051973904272,0.26585370544902004,0.44,0
욱일정공주식회사,-0.038549979823883876,-0.12547044121197082,1.4437311533581891,-0.06286689969274696,0.031135265044536172,-0.5473023405045763,-0.05135963343241529,0.9688648319419012,0.05591995515347134,46.006380652789865,28.915237262722805,0.8169582671235291,0.9352949025633183,9.65627427471377,0.19617936589715398,0.09384142845993519,0.14857445843668363,0.8871925181039493,-0.4622146738753643,0.74344500159062,0.019325705770911045,0.74344500159062,0.9100158863784489,-164.32144796063116,0.7734562133596166,0.9061585715400648,0.6345712260869908,0.11280748189605071,-0.005538022562924801,-0.5921462401868552,4.56,0
원우성업(주),-0.1503353867854859,-0.3622682391159338,-0.44455797018612153,-0.5645049116565719,0.12909224425421598,-18.716960973278855,-0.154846341157693,0.8709079176729767,0.5468551715092344,1.723463674678184,4.7636057991655,0.2743046835558748,1.0950491331088958,119.87441545821096,0.31915401420801454,0.00827304931493731,0.2606371843981449,0.7264799495915955,-0.5834958047333477,0.8789483170829361,0.027043469098586792,0.8789483170829361,3.2042774687217386,-77.47450845281068,0.9750469265201241,0.9917269506850627,0.8641651359275303,0.27352005040840455,-0.04135911969900973,-2.8433729761184456,4.44,0
원창마린(주),0.06410406978455786,3.834429297713347,6.112708926280673,0.01516006770467176,0.0981863655747299,0.07813415700815793,0.008530969620427516,0.9018136344252701,0.032490854663687715,8.517678831757179,54.12928245672174,0.562726353642774,0.6279899285920667,8.158883513201674,0.270837947866035,0.10918361376237545,0.23834702311368158,0.9218499565739804,-0.21039904669142256,0.7865016943951844,0.0011831149121187884,0.7865016943951844,1.3976628059159033,13631.075641025642,0.3668766287138579,0.8908163862376245,0.3239153371842803,0.07815004342601965,0.00010253503411787532,1.1915837712563542,3.89,0
유씨엘스위프트,-0.0036876268291492443,0.17335994429425494,-0.08491874553108003,0.10933054645049112,0.3968346341089899,0.8422195583213963,0.0789912073290374,0.6031654220691032,0.44462994450784143,1.1480263406111508,3.433939779289664,0.7224989711800949,2.411457194529678,9.66219376560654,2.217989367203494,0.09378932909902084,1.774038165270382,0.365976658867835,0.3481683230947877,0.010665591988391981,0.0355996488865552,0.010665591988391981,0.014762086056636618,-2.6358484131123863,26.801604426634395,0.9062106709009792,0.31543987135415,0.6340233005435505,-0.005600506456744862,-2.669985909172219,3.49,1
(주)인천리사이클링,-0.11373387318645628,-0.19996739300413577,-0.1301226874747406,0.015281658396602761,0.0697064778650755,0.0769300730695399,0.009361069066817619,0.9302935221349244,0.123608262666421,44.45614454811625,7.7111169407171545,0.6125689256932129,0.6945430018940414,7.218085614176316,0.1363512768277002,0.1216828308268446,0.04736352883524412,0.8867634412754507,-0.7172401435042116,0.7751729676594352,0.01309552331765859,0.7751729676594352,1.2654461157692773,106.79768586104352,1.0713437347232455,0.8783170906834974,0.9455317573093022,0.11323655872454934,0.011849003146152184,-1.0355715949121542,3.74,0
(주)인터파크씨어터,-0.053117947116385594,0.17958707985108688,-0.04180132609749335,-0.05353224389330636,0.13379065756675404,-0.2540424709668905,-0.017692110897079505,0.866209342433246,0.11052392625808075,10.631883184541177,229.6052659424379,0.33049447604589793,2.032917069607969,13.359081991105207,0.07457620742964705,0.06964233511720695,0.07322277691985672,0.9312979722725419,-0.8525304952896128,0.8052113135487797,0.012218562701384666,0.8052113135487797,2.4363835764593986,73.20895940121389,1.1440879027853632,0.930357664882793,0.9901917915978349,0.06870202772745818,0.033279855312613564,0.24876598317653964,3.63,0
(주)제이에이치레전드호텔,0.3538071633278143,1.2316298642563277,0.038778057342893794,0.03275207358173498,0.8134929277891731,0.017733863461476432,0.006214254614143465,0.1865070722108268,0.6954602594859267,27.570063787667717,5.804323536957799,0.18973621925449632,0.19711390198646087,1.8537394366034936,0.07146164448240908,0.350417416241125,0.05891777671008007,0.9652674952104014,-0.4512968636777002,0.6163709332311121,0.04433172943358821,0.6163709332311121,3.248567593751637,33.26260942967229,0.7885338061959996,0.649582583758875,0.7482179020207894,0.034732454331609,0.09766424370944618,1.237804929064861,2.91,1
(주)제일레이저,-0.019138243011645073,-0.0815960155156771,-0.21377179670312216,-0.180398256373924,-0.055891854102820555,-0.33878778028958323,-0.05182971843373935,1.0558918541028206,0.10783766333461318,9.04987444402114,6.2272548038453825,0.2873072028274391,0.38148215471515223,5.536554519830155,1.1603200619376295,0.15298579656396472,0.9122285818895363,0.7721573965368694,0.03148074526802703,0.7860583505684045,0.6786581197314637,0.7860583505684045,2.7359507274188406,-156.47528641815185,0.2498057021506265,0.8470142034360353,0.23182829449439382,0.22784260346313062,-0.0174848743852592,-2.045308386504356,2.96,0
일신로지스틱스주식회사,-0.0321504690930327,-0.6862044309642613,0.93638074208066,0.059275477011165305,0.1585436331849173,0.2881885486426904,0.016707028364408894,0.8414563668150827,0.005099223737609671,45.406286571549515,25.698391597704735,0.28185396738792856,0.30410843686959127,16.249539342899183,0.24303163204393893,0.05797256151604777,0.19859556809611914,0.9495248126149135,-0.15721459752308076,0.855282655373055,0.15794775115915818,0.855282655373055,3.0344886158579074,-7.363857057878691,0.2428317511215958,0.9420274191636613,0.22047106133339064,0.05047518738508653,-0.4120786962603065,1.7378009775365335,2.65,0
일진기계주식회사,0.17836409200514744,0.33533008569774325,0.07463038563822942,-0.12802075914987704,0.17640051069987733,-0.5133802319636762,-0.0608287491624046,0.8235994893001226,0.28912118543898147,4.537071919206999,2.505638793581199,0.47514754299488954,0.7148667504169843,7.439763089538795,0.5184851490856093,0.11848673824026104,0.24483884712204057,0.704081014060552,-0.27481864552661267,0.6618957006617381,0.03856674424013171,0.6618957006617381,1.3930319338068367,123.33200934784453,0.8622772906599317,0.881513261759739,0.6474521215105873,0.295918985939448,0.011294974769104276,-2.107042464004031,3.92,1
정풍전산폼(주),-0.03286773788603315,-0.33550003970608155,0.013036989288759716,0.09100937672366244,0.3874345507885881,0.1070316554229372,0.013742803285622409,0.612565449211412,0.2582515967609135,5.676216490916021,163.77452447104082,0.15100425670808137,0.15714230801987653,6.788196716379745,0.06488129812311444,0.12839942754615458,0.06381424577597557,0.9656577183735667,-0.49496712832507034,0.6648293840327094,0.0118997203406084,0.6648293840327094,4.402719489676011,-215.26108027827718,0.7961582665628115,0.8716005724538455,0.6072843762152675,0.03434228162643331,-0.02045292852746269,1.2009809750297264,2.31,1
정해주유소개발주식회사,0.9251306976947994,3.567906455401091,0.7995926749002219,0.006458345817624996,0.032680971684435796,0.10309927822901933,0.007505392986840965,0.9673190283155642,0.045869535349123004,41.35842340015397,31.669588572901535,1.1621231192604382,7.895537279006113,12.736692856693974,12.671988130719091,0.07279772580142489,12.12381802180396,0.1794428050828781,0.7558035677472897,0.9019846033430927,0.16542330541330968,0.9019846033430927,0.7761523614787953,89.87410871559375,0.07179016906700063,0.9272022741985751,0.06983764920745233,0.8205571949171219,0.008635995088807236,-1.2997327407010049,1.77,0
제주뮤지엄컴플렉스(주),-0.08037815226558781,-0.7700870948453841,-0.07801669432783365,-1.7489775118793927,0.9945221487093865,-0.9428553371545302,-0.07761231776344446,0.005475960420302653,2.3941008628041227,4.26212293384267,0.09908307102778158,0.044375823723453625,0.04509488645166648,11.148269299575238,0.17460956660876123,0.0823162522446687,0.143306351249751,0.986319991897754,-0.06466626105091065,0.878894580431448,0.0066412768044759275,0.878894580431448,19.805707402946354,-19.257149002982047,0.08914182758380038,0.9176837477553313,0.08537393120973635,0.013680008102246049,-1.028485961233377,-3.8182334036615373,1.79,0
주식회사광산기술,0.05974247117533283,0.4818666894365765,-0.37253819384158476,0.0035054399049661584,0.321562936801784,0.10767348365670337,0.00043685096760095863,0.6784363518670664,0.14601565639860153,3.4259342748175317,0.5455237023195264,0.1246208691189005,0.16727624631253696,245.47649012410417,1.1123109045610027,0.004057182444229033,0.3602607934093615,0.7707731810028335,0.023145211726008988,0.8449699421181333,0.037397537457758936,0.8449699421181333,6.780324580403538,309.45659372768,0.24389223450311281,0.995942906202477,0.2069211056052852,0.2292268189971664,0.021910422068337584,1.02453534376466,2.6,0
주식회사노일가스,-0.0016433613810631627,0.03685233211809456,-0.042968983491599264,0.0009472543952386993,0.24702627089488935,0.005570851072402262,0.0005777040095624776,0.7529737291051106,0.17571843068629242,8.248755567569502,892.5962371413102,0.6098720813186638,0.7385467585445727,8.643088813978162,1.0644812239591936,0.10370121226618255,1.0601993605024176,0.8721005383245957,0.007747542790729578,0.768785112005011,0.36283692579822735,0.768785112005011,1.2605678068468817,-208.43917681487775,0.15628804071311356,0.8962987877338174,0.13405342116825156,0.1278994616754043,-0.006047652970566262,5.4889914304548455,1.01,0
주식회사대화제지,0.06796034924612306,0.18568794867004548,0.3338398557529467,-0.1126867862636081,0.01661379169470042,-78.00435118655713,-0.0852987975156747,0.9833862083052995,0.10066486802643956,3.5959329226754613,5.106053097246322,0.7569547445974305,1.3390295145972668,913.4836114848424,0.7884869252698267,0.0010935133260921819,0.5150492353683936,0.5796173129081668,-0.11276843262771678,0.8839434676806053,0.14157870701394834,0.8839434676806053,1.16776263573156,25.072154637120313,0.6031506982211142,0.9989065023254884,0.5337347574356118,0.4203826870918332,0.04657607822834027,-2.189353198085409,3.47,0
주식회사동진오토텍,-0.5534216027487319,0.11428186209824553,-0.4487986490653626,-0.04156473443542868,0.08896157178107084,-0.6816541657244853,-0.017990004219983344,0.9110384282189291,0.19016337222282037,17.7478750517407,59.7746809616384,0.43281893808153726,0.5830609649128808,36.89071738889878,0.6624379424142441,0.02639168822633535,0.6447177527799394,0.7533946359929471,-0.12566401885514208,0.6431236841121214,0.03749505219138678,0.6431236841121214,1.4858954346192808,63.288371308438656,0.5788457058242843,0.9736083117736647,0.3823605225637563,0.2466053640070529,0.02347817464566601,-0.8397335485198019,3.89,1
주식회사라도,-0.01618467999324916,-0.16692911840055416,-0.03174314274996138,0.0359232002847135,0.5952014399035008,0.09915989477673272,0.0038370236324994766,0.4047985600964992,0.413749094772984,402.23027280727484,43.479633401221996,0.10681185423594501,0.10809829639128912,24.842920001026666,0.016199173967608796,0.03869531771023835,0.014806829522577513,0.988430389915774,-0.7026402692194997,0.9231218453639282,0.012273321053704593,0.9231218453639282,8.642503699306376,-1112.996196290209,0.7736897170082224,0.9613046822897616,0.7429589103867952,0.011569610084225933,-0.007765079277101932,1.1572007618303461,1.8,0
주식회사리더스컨트리클럽,0.00821889774178558,0.7594985182085957,-0.07014402636395047,0.15323540993760107,0.7591879420714132,0.06557262467678535,0.014320594365860856,0.24081205792858681,0.3477152228800206,66.7016388570261,63.76489132238261,0.09345486380525454,0.09527803486635161,3.578903850045862,0.12177886165700824,0.21839288020646777,0.11935856127882598,0.9822417095208305,-0.12806578964063015,0.7451153605784637,0.09843237550989593,0.7451153605784637,7.9729971265184085,66.60629428019546,0.19570671581188512,0.7816071197935323,0.18656953912896843,0.017758290479169575,0.11970335855914867,1.8492492092204473,2.74,0
주식회사메타네트웍스,-0.8952575992219669,-0.8065917572230931,-0.3681056663746516,-0.007620947106241509,-0.2493597761167325,-0.052675589270941854,-0.02150483476161973,1.2493597761167325,0.16148481756022942,11.498218819929784,13.145379737073698,2.821806064499175,11.86969057434936,1.4494765876998705,1.1293462005848611,0.40825048298952266,0.6229520096848963,0.4018915670272664,0.06850251349207508,0.056575713778218996,0.20355740759033072,0.056575713778218996,0.020049469199882902,0.6503052728437221,9.361011715322816,0.5917495170104774,0.8949832729162692,0.5981084329727336,0.03083085750205978,-8.091384902776598,3.76,1
주식회사미경금속전자,0.055098496065942075,0.22468384617047824,0.15467122353246143,-0.12872564691139,0.2545117366877731,-1.9638351285457876,-0.056092782807952254,0.7454882633122268,0.2372882137487008,4.76799022563948,2.71713193898895,0.4357545225355478,0.5747255097864691,34.01047782331411,0.24387857258051598,0.028562877806085865,0.11201727632785081,0.7788798654867671,-0.6855611379475962,0.7998913578761349,0.002107049939496001,0.7998913578761349,1.8356467150857434,1397.0755038604232,1.1335055236354121,0.9714371221939141,0.9333401532084351,0.22112013451323287,0.00131392090836426,0.24368107902565594,3.87,0
주식회사보성중공업,-0.018380664351754457,0.13759834582484087,-0.3056824270539774,-0.060259434728888374,0.3353190620395542,-0.12550925560868142,-0.01768110458599232,0.6646809379604458,0.26487107231262186,7.708704521469463,2.201704984482868,0.2934163698272463,0.4068684874611821,6.098496307075457,0.374695770948365,0.14087490599991517,0.25473641535704644,0.7233165990180231,-0.46173806633718667,0.7679314909653323,0.00014101245422603538,0.7679314909653323,2.617207388318057,-172.45323287809302,0.9615720621001321,0.8591250940000849,0.8595040145796168,0.2766834009819769,-0.015176331255953648,0.5637259402062487,4.75,0
주식회사비전홀딩스코퍼레이션,0.6344147144574235,0.39962917767023903,-0.4760871864143391,-0.44571158250578063,0.02361877250681884,-0.06292661251972267,-0.045135816212008954,0.9763812274931811,0.5522350287777802,1.8698518434688463,2.4695592758143077,0.1012668684943218,0.1690260538029684,0.3941613955566457,0.8881686277936262,0.7172770693458563,0.7284824819969106,0.777312655549925,-0.028039080106567176,0.24974443219113224,0.07712497599352036,0.24974443219113224,2.4662008009572824,78.03080366402493,1.0039319890213145,0.28272293065414367,0.8868273400269645,0.22268734445007501,0.03160547739038976,-6.453809572557304,2.28,1
주식회사상공에너지,-0.06312295408614624,-0.13144909265418353,-0.08634711800718724,-0.2262857841168874,-0.07029954719884184,-1.2346815491884924,-0.0680689075999062,1.0702995829939657,0.033482508318965765,4.659407889821101,60.98563710123172,0.3008094735847187,0.3557805391445414,17.138701001933555,1.3839714018737304,0.055130740104316955,1.33442160285577,0.8525467029543319,0.04090969888199412,0.8389686760359386,0.702406711164948,0.8389686760359386,2.7890367482048566,-16.025393890468575,0.1269935481198137,0.9448692706631954,0.11276015872164447,0.14745330781318047,-0.1740385769777361,-0.810091242752214,4.24,0
주식회사선문,-0.19210784831829547,-0.256062879689718,5.120329048903186,-0.11974292271601439,0.0323571116685808,-0.20597887689082878,-0.04712759578745567,0.9676428883314192,0.10482232825021816,3.1143624022913654,0.6942730767275154,0.39357312080334617,1.5576236369126288,3.3706638000331814,0.9903220681460663,0.22879819765418885,0.26336165811834483,0.2527328982642178,-0.007302674877097436,0.3100155115005482,0.009535963990385966,0.3100155115005482,0.7876948275018288,-9.588204120473167,2.4339742645798075,0.7712018023458111,0.9784336269931672,0.7472671017357821,-0.0821524883705706,-3.059586743593184,1.28,1
주식회사성파,-0.06335047758941857,-0.18519598204625426,0.18339476259253845,0.00797894311050594,0.13129454344498398,0.04780471608240577,0.0013179582516373313,0.868705456555016,0.20380449349339733,86.54084399722105,4.009638796154522,0.16517955240236828,0.21324344673032042,35.27179846024471,0.29493933188653426,0.027569628263567868,0.24803111638456776,0.7749871277599925,-0.5378995233389313,0.7625464077563753,0.00015278745431655116,0.7625464077563753,4.616469754675532,6811.875429881544,1.0004799548182786,0.9724303717364321,0.78454192480294,0.2250128722400076,0.000677709068845349,-0.5546610513637777,2.43,0
주식회사수덕산업기계,0.3219129752357057,0.23949080182069338,-0.02440295037111958,0.018637588390755452,0.19169762133516102,0.027500606557415666,0.0070809103061444814,0.808302378664839,0.13131692746989254,11.089040934223181,3.5759124680424312,0.37992631652154785,0.541266915972751,2.8837673065160363,1.0382331013167094,0.2574819683108074,0.6440859885805695,0.7737842306924055,0.008330432170199414,0.5178625220670353,0.12061152919878874,0.5178625220670353,1.3630604134200959,124.61987642608675,0.42073972889119526,0.7425180822321044,0.29344111928211075,0.22621576930759446,0.010937744864708963,0.8636916349354052,4.43,1
주식회사씨엔씨이엔지,-0.02703075923044807,-0.16079096305970098,-0.21442522411623915,-0.22942205934334445,0.1817339001540226,-0.22188222193833593,-0.03861860123324234,0.8182660998459774,0.26678786566991597,6.4786724677554375,16.42332691878856,0.16832993890725734,0.17602575569379772,4.745475362979819,0.3329507483298037,0.17405000227541875,0.26773768923684793,0.9571806363179138,-0.08578633519945379,0.7812511450689944,0.05765705015651695,0.7812511450689944,4.641189500457377,774.8589585050838,0.16461505329401135,0.8259499977245812,0.15570639776722217,0.04281936368208611,0.005989721677105609,-0.4357941787284285,4.27,0
주식회사아이지개발,0.1743633872943682,0.1859734606764975,-0.07118726144852552,0.09459160457129678,0.39383207072884796,0.37524264917181616,0.04658962408062603,0.606167929271152,0.279817727647022,27.076441704694048,0.8737054629720059,0.49253445156974696,14.168809043366545,7.054210708428063,1.1352703499687253,0.12415865889299157,0.7296387948438036,0.043616487045452505,0.11395552830675483,0.8502845468960517,0.01637839459060928,0.8502845468960517,1.7263453230248695,64.59219890847407,0.9907600787560596,0.8758413411070084,0.9618499893862245,0.9563835129545475,0.026726839342798472,5.91918132395267,1.19,0
주식회사아이피티,-0.039285332412122995,-0.3075980163370462,0.06549232331358285,-0.16355576239202074,0.12884134197175376,-20.90856227106227,-0.047750989594694385,0.8711587774182018,0.1297703152157484,4.6848955871701,7.270062600194685,0.2919554095577618,0.33661304004723563,436.86655982905984,0.11492293811883776,0.002283800721237653,0.07958204783013798,0.8862359457545741,-0.8761516689068967,0.9343863216231382,0.011517371533630855,0.9343863216231382,3.200441886103415,-211.6858505614606,1.059428702440956,0.997716164422219,0.992181668088983,0.11376401938888253,-0.015118827628841461,-0.009483616935970352,3.01,0
주식회사에스비,-0.06252054516466168,-0.29125994953459095,0.039942492751482164,0.14232572541348087,0.24730961826729428,0.23935098029212792,0.07656233613259084,0.7526905667022301,0.07588337745473056,19.987489093624763,6.526314438900624,0.5379374382963024,0.6028964432061049,2.1262235765327135,0.21590278599640142,0.3198747548021173,0.09083142605545515,0.8929021817412577,-0.3889486674986363,0.6251712678728037,0.030582774522645625,0.6251712678728037,1.1621635219381254,-50.423742415973805,0.7934569473181601,0.6801252451978826,0.7293457922048662,0.1070978182587423,-0.023047942620973767,13.576225005493297,0.97,1
주식회사에스지,0.038042548469998126,0.05650222135254876,0.003586788466754938,0.020726822847161895,0.2520574638366833,0.15188019951129572,0.01613009571964899,0.7479425361633167,0.2050995996269306,25.787597019379966,14.404846438322256,0.7782232635745072,3.0292063664238356,8.415952001087051,0.9746055329860529,0.1062027556689465,0.9123386783678583,0.36753613279281877,-0.01647957407729478,0.7402737356539333,0.011527610217997138,0.7402737356539333,0.9512356804315184,1721.1955339581164,0.8766263880390095,0.8937972940930295,0.7260521992349059,0.6324639169691573,0.0005526598586065503,1.0827137395745334,4.58,0
주식회사엠에이엠지,0.0020839008840703496,0.12167044144006448,0.008641616001381636,0.3336979785969084,0.9902560443915973,0.09552006883544299,0.012727009752536815,0.009743955608402695,0.39484423305588584,3543.5393258426966,0.14778301433105703,0.038139307304316784,0.03889879800093172,6.505303342476297,0.02261571660000126,0.13323911830991503,0.019702936803156237,0.9804752142573468,-0.8438034071235458,0.8610215130484502,0.01969060994819219,0.8610215130484502,22.575698771304005,381.2074208920062,1.0026790036982722,0.866760881690085,0.9960396357329918,0.01952478574265319,0.059221561632976615,2.6897425980834515,0.97,0
주식회사영신엠텍,0.11688209460936018,1.400056170133092,0.38279118262554257,-0.8015203289857165,0.11606211797924053,-0.9442684814913398,-0.059096040553257394,0.8839378820207595,0.8464189648072984,8.609233106591622,333.93030303030304,0.07372993349780717,0.07559129026028302,14.978540569741966,0.01773106422003755,0.06258393847894136,0.017502829590688856,0.9848377720863485,-0.8399600436822621,0.6697130697552971,0.003458676794751249,0.6697130697552971,9.083326648805608,-3952.4677137870854,1.2768487135966484,0.9374160615210586,0.912212097377962,0.015162227913651535,-0.002298140631768084,-7.012155362735534,0.97,1
주식회사와이엔스피닝,-0.019592836615141055,-0.045086387156547884,-0.09730423059499053,0.009713058452489213,0.17337210736605846,0.01777537782636696,0.002925121869455875,0.826628194957723,0.11098910666950448,2.125762526253011,57.10507299346296,0.30115353302607173,0.37314620550143013,5.076799613155373,0.2497062246616152,0.16456032035037366,0.24397495718606738,0.8100702018323165,-0.5706831918571483,0.7561713170168199,0.0013053356687729592,0.7561713170168199,2.510916307102916,-209.38304845459587,1.0058738977637167,0.8354397706955012,0.9104342607386571,0.18992979816768354,-0.011991975117543486,0.6665665258234161,3.56,0
주식회사용우,-0.07043984440320082,-0.27700368411329257,-0.2725188091493585,-0.5396769925776944,-0.22056632381123228,-0.9033884885979152,-0.08378906166833568,1.2205663238112323,0.09748214282634082,14.444184221344662,1.6467491007120996,0.15525779831400355,0.18824173847425674,9.781699551354569,0.3038595600797171,0.09274975575389355,0.09012675061330501,0.83639781040439,-0.3748117019922464,0.7824522874159044,0.007084548872081345,0.7824522874159044,5.039697174073161,371.4540530919447,0.6881108625123172,0.9072502442461065,0.5934569009853471,0.16360221637624717,0.01356748467845013,-1.3122299178437837,4.24,0
주식회사원랜드원마트,-0.017420421322434036,0.03316117036743371,0.35047398417603215,0.011941546907947423,0.2267211718843753,0.03956420709811007,0.00918155678762995,0.7732788281156248,0.18417104741122792,71.61739807230104,13.673281683469789,0.7688749923612807,0.8579310582109142,3.3090957245304855,0.1323728155415411,0.23206725121172816,0.06698131340152798,0.9119769146941068,-0.5769403737380814,0.6523879129553475,0.025800993911895845,0.6523879129553475,0.8484967250031226,59.91557973070469,1.0192761788483469,0.7679327487882718,0.86591366248311,0.08802308530589316,0.014161537430110133,1.1783763218997418,3.98,1
주식회사유비셀,0.03820327144661362,0.3221071259397397,1.5104140131257593,0.07047309225109258,0.03630331175617993,0.904108721686958,0.07709313532527078,0.96369668824382,0.043314262285558736,2.795213739316416,78.82383921839659,1.0939371732205432,10.132159426045378,10.727486732409433,1.5080754991283212,0.08526976178420696,1.4842800476163192,0.15237394596877976,0.28556795115695804,0.8099216168367188,0.04443807297658022,0.8099216168367188,0.7403730640694066,-46.4776100870039,0.693966047071903,0.914730238215793,0.614452304507362,0.8476260540312203,-0.015929671570536073,-0.4330138035900246,2.12,0
주식회사이원,-0.03530520866664816,-0.2112300955366809,0.2937678105207673,0.00939317843219443,0.49190458295676337,0.036932542594015016,0.004341983551830273,0.5080954170432367,0.4463724251914713,101.26375906526994,14.747667220990392,0.4622485970189221,0.7877334902929061,7.5059149011393345,0.07157592232809133,0.11756524860906543,0.05294127520966991,0.9388294088853368,-0.7934558600869206,0.594968625290507,0.009864255789110335,0.594968625290507,1.2871182933328664,135.65647670566528,1.4364228748068006,0.8824347513909345,0.9684869525055968,0.061170683072719605,0.009488071079168119,0.7833251765124628,3.94,1
(주)천일에너지,-0.2563925066213948,-0.3500918396747395,-0.11891862331892651,0.0008149925215823705,0.04465910559508874,0.0319754439388378,0.008472288904803301,0.9553408944049112,0.0426800168783771,21.400089448968586,101.84480174896522,10.395541898168224,68.65379296228163,2.7741210549028326,0.8929985188341747,0.2649623542681372,0.7580634186406953,0.3546542752798011,-0.07732705816717822,0.591128340797312,0.03090763504898844,0.591128340797312,0.05686363891251052,223.50146484375,1.2225311036730844,0.7350376457318628,0.9831779189592742,0.6453457247201989,0.0002544217728159586,0.6785312937183221,3.95,1
(주)청우테크,0.012183574362640358,0.027079898834034177,0.020769383395534385,0.005012025042715735,0.013765445787726503,0.08752407098456008,0.03335840498195587,0.9862345542122735,0.006278731175570217,11.89521560315423,24.039309421922344,6.65567404345626,41.44923739575284,1.62374867838865,5.6809615063799574,0.3811340652543522,3.8152938601556743,0.1685467446776309,0.6850954153002862,0.5595781201668449,0.041684489767401404,0.5595781201668449,0.08407534932048125,-20.310098010997834,0.26155032648246607,0.6188659347456478,0.2364936116288831,0.8314532553223691,-0.004139583633469164,2.1988051867327383,3.42,1
(주)케이피,-0.05593375844007507,-0.08179709401609774,-0.13010832230627442,0.01903441956152865,0.2716656441610372,0.11324973737642578,0.01908129921473842,0.7283343558389628,0.22639404267999874,20.81060743192573,1.697114722770961,1.0024628885088003,2.2999866455628455,4.93511668686331,7.152129008408376,0.1684886840074069,0.9923941981237617,0.5004704050239347,0.42968611279211766,0.7265232335238205,0.22859885272534478,0.7265232335238205,0.7247382839324358,305.71333269798913,0.0961338591268295,0.8315113159925931,0.08399582884879196,0.4995295949760653,0.0023706466366267276,1.7722960990947565,3.43,0
(주)코켐,-0.022150093807300267,-0.1442963155812603,0.0012911490742848267,0.039807057192433735,0.17682955151111263,0.1513237551614559,0.026244276345125314,0.8231704484888874,0.09086010167645385,44.88856484795263,47.78039168916161,0.6592870258722279,0.6811694566109411,4.765971827862214,0.041676155976214435,0.17343130506590856,0.026932815094030102,0.967892564932895,-0.7382955523252425,0.7398993671990629,0.007849842486542186,0.7398993671990629,1.1222719971171675,-110.22212116475052,1.041226714801444,0.8265687140134975,0.9320495372387966,0.03210743506710504,-0.01018191253495922,2.393046736922152,3.1,0
주식회사코너스톤아이앤디,0.002413827497010736,3.495396205357143,0.00927168364883349,0.3297216385403325,0.9754199465065552,0.3356804992173162,0.03750564146600106,0.024579705545969603,0.4576010343782544,2820.409224730128,7.679312968800956,0.1137494088408555,0.11743740526644794,7.950133174919119,0.10185262377659622,0.1117301766216699,0.10064108971950332,0.9693916011132572,-0.2699077999523392,0.8085469194439223,0.03268007427511108,0.8085469194439223,7.108141727357405,742.8376422675539,0.37167436055157094,0.8882697837995105,0.3383163141887209,0.030608359307923178,0.009568903516600748,2.6632152354501235,2.57,0
주식회사태보에너지,8.216692842723238e-05,0.04154436318877573,0.01745620248741661,0.029067506609745088,0.14318662645892083,0.24643748542433444,0.026678340021969657,0.8568134211317197,0.09559984076171675,34.49303328069444,40.59358216426088,0.9178062769589448,1.025847506075497,8.237362444047601,0.2795625739574663,0.10825601460765152,0.22551314752008658,0.8997997886199025,-0.2582177321580832,0.7922434240518264,0.03153235604876105,0.7922434240518264,0.8631924229989385,-173.98260927952728,0.4524089141492484,0.8917440290713371,0.4019292258008456,0.1002002550590861,-0.004961371866840436,2.221711434075371,2.33,0
주식회사태안모터스,0.06546451283964355,0.1938346273970643,1.7140682817570783,0.006259482143317596,0.13764277916375356,0.029980345885920374,0.006469910969284719,0.8623572259758459,0.10289162445894859,26.302656360513833,31.868403193851613,1.0336176094362326,1.2569978339093442,3.633811195895768,0.30560616676635427,0.2158050808987889,0.2520514247650611,0.840393348835922,-0.362655883171829,0.6787943212565395,0.07463486029674932,0.6787943212565395,0.656717063505502,19.58938613263931,0.7693973240216991,0.7841949191012111,0.6659856135442545,0.15960665116407802,0.033524126741843005,1.2892681370701113,4.01,1
주식회사태원프라콘,-0.07122162769234815,-0.07118663791543717,-0.06135226824457594,-0.20459583496089073,-0.05617248216614799,-4.111403652444517,-0.11894083597027827,1.056172482166148,0.10711008767720509,8.903157864182996,3.5502085946045536,0.5813453435795223,0.8480167900952124,33.56679633117681,0.3887971163869255,0.028929496110059544,0.1374898100679283,0.7324326635830808,-0.42062536136698087,0.39447610331461996,0.04305685224736198,0.39447610331461996,0.6785572597618296,64.95594674989029,1.744573858850513,0.9710705038899404,0.7086948836640792,0.26756733641691927,0.010446422440343781,-3.548108577209944,3.49,1
주식회사평화정밀,-0.023014601090311393,0.1150566689161774,-0.27590598592291904,0.018605879310698334,0.09165117262568473,0.07719436048203346,0.01467251695590833,0.9083488273743153,0.06212862925115254,13.41040624333485,12.245361855361184,0.788595728849626,1.5266498117165064,4.261153264569841,0.8185879802992698,0.19007239472271129,0.6493891545456592,0.7169888957283131,-0.06271972867826686,0.719030094919238,0.18275078121739008,0.719030094919238,0.9117854289778263,-24.523831611932298,0.48082943313907667,0.8099276052772887,0.42686634051890165,0.2830111042716868,-0.03717956652965227,1.0451947505707007,2.97,0
주식회사푸르온,-0.014073718249043016,0.024198320565312088,0.17055828310790677,0.05338970215012852,0.1555338953416915,0.23236896710592772,0.04642378739801234,0.8444661046583085,0.07271753746605734,5.531739296079591,11.913071039425448,0.8695269973125442,1.2113187771361913,4.005385818992372,0.3669060392446018,0.19978479904698113,0.2663187447956725,0.7751704110374719,-0.3879419789991622,0.615233476601826,0.0088399276002568,0.615233476601826,0.7075495970836263,590.5477275382639,0.9959984156685787,0.8002152009530189,0.765758470011452,0.22482958896252814,0.0011981243244015049,3.7533380280796584,2.73,1
주식회사풍정주공,-0.03083037080723898,0.04616632838170404,-0.12064136465232356,-0.06666114945286396,0.012617520334080685,-8.971257806728897,-0.051656653681193446,0.9873824796659193,0.037247305848610066,118.15488133104967,11.855217986785629,0.7749139357058314,0.8512047005144591,172.6709086025116,0.08007599495119333,0.0057580168571733994,0.0112027025892269,0.9249620703061553,-0.8620460208656285,0.7291837163314213,0.0012070524262127206,0.7291837163314213,0.9409867118562572,1153.1623555310953,1.2851136545862734,0.994242002476709,0.9425109261378497,0.07503792969384468,0.0008160054023120453,-0.6263873069857898,3.85,0
주식회사현대특수나염,-0.06998504450042786,-0.22492259458935918,-0.3457802427641608,-0.18608282166719387,-0.03932835470859172,-1.8669024450610288,-0.07980475978080441,1.0393283547085916,0.10120870119438628,6.296215265039766,22.911359570661897,0.4288668833898807,0.48199121740310646,22.393372152096603,0.12514678214775515,0.04274715049623045,0.10139136217232819,0.8975100217781216,-0.7164681800540026,0.8187968130773415,0.0002200457327956364,0.8187968130773415,1.90920969836922,-186.1094182606357,1.0001970515712355,0.9572528495037695,0.8555296113251801,0.10248997822187847,-0.010258533481070151,-3.980971077324825,1.83,0
주식회사호텔일루아,0.008476911661822326,-0.1872474459663883,0.015899932447725033,0.033931233576309,0.9419892933646261,0.025284651902709652,0.005881075367894545,0.058010279838141415,0.8133530342935844,38.44251751464339,67.15415019762845,0.17332335868863752,0.18082534377747697,3.299324582837592,0.022417421172937366,0.23259467405459097,0.022186050935289036,0.9854933424942648,-0.6326086995116833,0.7212997426594929,0.007332173128953241,0.7212997426594929,4.1615841518237255,-217.08809778252737,0.8971517924454674,0.767405325945409,0.8432510632112193,0.0145066575057352,-0.01917002449389317,1.3798614640131486,2.24,0
주식회사화인프라텍,-0.07893250568385753,-0.0914552301141243,-0.0547196778560803,0.014064010738805414,0.11859736646011133,0.7633846521815756,0.013697232364785802,0.8814026335398887,0.07503903786760127,7.3292702412358235,5.092052682881079,0.9739207839903309,1.4508770445150208,54.73276643420026,0.3840769745097258,0.017942766239329416,0.18648012461258784,0.6723250821409303,-0.5254741632003889,0.7830597410453031,0.02860168383725651,0.7830597410453031,0.8040281652445743,54.85788430575939,1.0895070150338637,0.9820572337606706,0.8687366191402371,0.3276749178590696,0.01465656533094116,1.4138523527319469,3.27,0
주식회사휘찬,-0.0614728200582476,0.008974182871869338,0.47427745575040425,0.07042585999259261,0.15577820121277308,0.2778327135982212,0.02174858149694811,0.8442219391317418,0.09449283913164358,29.079746313671553,131.82892833662063,0.30881527750226445,0.3280050088352488,11.774751017081657,0.8522759113867001,0.07827941215158385,0.8162592950116935,0.9532015454713024,-0.008111526973130735,0.8884808715052526,0.5816796809327649,0.8884808715052526,2.8770625556202853,386.21677122779255,0.061802097560975607,0.9217205878484162,0.059573348177027606,0.04679845452869752,0.007449346506818007,10.853727039992046,0.19,0
중앙섬유주식회사,0.016617060873297004,0.08343130086545951,-0.09015216452679044,0.007995106938632856,0.24390046891838102,0.12628273150505118,0.0018121412938572653,0.756099531081619,0.20279875343436599,4.840166384096898,9.798066568032448,0.2266562921254856,0.25782000362639557,68.68702271347168,0.08504439006841852,0.014349874066390315,0.06640888904227213,0.920180140293958,-0.8587471597272986,0.9162238489166364,0.016987120934474055,0.9162238489166364,4.042349057794433,121.43434437704153,1.024386148148319,0.9856501259336097,0.9522314203981135,0.07981985970604195,0.03328835082473326,0.8642621505095375,1.19,0
지앤아이주식회사,-0.16637172797623997,-0.1649349509556216,-0.5677652866200825,-0.015480755134613916,0.11077197964798263,-0.024746001945393087,-0.004227158053193357,0.8892280203520173,0.060201715305199494,6.287673367022215,0.3176491401314371,0.27305890548851325,1088.4112631370217,4.854051737360284,2.8954084054022378,0.17082185892175275,0.6811471204782006,0.00045404866192451333,0.6543283476752803,0.8125482792557304,0.5056943401011815,0.8125482792557304,2.9757252480084806,19.7967000113124,0.4248579591836735,0.8291781410782473,0.41633707711334605,0.9995459513380754,0.15031420622164635,0.49269173832731217,3.13,0
진해물산주식회사,0.006913111957043312,0.05718384304948751,-0.06260024137527975,-0.06115333667275494,0.29855385398730916,-0.1371083859178695,-0.02264240020024007,0.7014462225113531,0.29734624610354066,7.626743524593272,2.156611923820688,0.3702561696903731,0.5912787394158174,5.055382146121408,0.4588461605417544,0.16514234376446743,0.2898575971717685,0.6730100003056171,-0.3856453622498242,0.7083738875461218,0.0033703054614314114,0.7083738875461218,1.9131994157950154,-196.35223088458127,1.0060158547244695,0.8348576562355325,0.8536010379991728,0.3269899996943829,-0.00974371112146733,0.016631214976311107,3.73,0
진흥포장(주),-0.05392931550632046,-0.41810130668622736,-0.30382039081272644,-0.3829721271590825,0.022569574388107472,-2.291473558703306,-0.1568077842052705,0.9774304256118925,0.133674824128972,1.7338407757691847,21.497715965763785,0.4094495998141771,0.42796051956992054,13.613264069235454,0.04068234635964775,0.06843098128263131,0.02065322144896735,0.9621872727501983,-0.8916500651742748,0.8834414369292092,0.005652700101142695,0.8834414369292092,2.15763170199738,-165.3656636643629,1.0520932724808958,0.9315690187173686,0.997739055023328,0.03781272724980166,-0.013047640327417983,-2.9045657534197122,1.93,0
창림에너지(주),-0.017270323239238234,-0.2400421389328255,0.12734611609879112,-0.020194278042795537,0.16128479783794947,-0.1286133064672583,-0.02962990590138386,0.8387151496422641,0.1876022002219171,3.183855519195493,38.70542013761813,1.4672426436138208,3.5239784124328395,3.340658285735693,1.515658398947553,0.23037978507244805,1.4329415793202638,0.417424595962834,0.19820422617697248,0.6844404387323318,0.02483463292056887,0.6844404387323318,0.4664807431213654,311.5398105927745,0.5615845530285971,0.7696201378682817,0.4994297302625644,0.582575404037166,0.0014973391112801315,-1.508731520790052,3.65,1
캐스코주식회사,0.016341923786595138,0.13729834974528318,-0.14658811409022782,0.009675311414714166,0.11948181912712122,0.062001158142317735,0.0076257158590649675,0.8805181808728788,0.06681134731623806,6.897480744817268,3.9529430285189586,0.7881623166638146,1.2865889754781494,7.130535879047428,0.4231887854377538,0.12299311960529617,0.21353381692969925,0.6456254987002873,-0.4830165100961646,0.7268677303014196,0.07133907122488355,0.7268677303014196,0.9222310112187972,14.33752307618782,1.1520541472868218,0.877006852221536,0.9548283244327271,0.3543744731265449,0.0643228963830207,1.4309506976599646,3.98,0
(주)태신글로벌,-0.0012411079431545145,0.023505848934435573,-0.17013219351723233,-0.03611030753893558,0.13153255866529426,-0.05425032439473389,-0.013071939874467623,0.8684674902584303,0.07750080589605245,200.80736621835365,1.2645096972798893,0.36200023664636294,0.4975253446072097,3.1501357040890863,0.6929373334790915,0.24095597621415374,0.05403703890132314,0.730349563090634,-0.119490721866866,0.7488217226696962,0.03529958812998049,0.7488217226696962,2.0685669424056705,-71.54781759663189,0.5196713009190859,0.7590440237858462,0.5126727127569385,0.2696504369093659,-0.028911670710457117,0.7902661440243175,3.39,0
(주)태창인재,-0.03282094257053359,-0.006195069844934968,0.07243814858092144,-0.025103590377733877,0.2906459238423035,-0.06057888695148052,-0.01222929824260661,0.7093540761576965,0.22717092103733527,6.128621738163334,3.9700658261052477,0.48715335370727,0.6357378068741688,3.9535865222768867,0.2557214031467215,0.20187393427022568,0.1411185696178988,0.8057758503782037,-0.5652904910450203,0.7291124144263698,0.02605783476840592,0.7291124144263698,1.496679451917502,-157.34611659887662,1.0416975841295555,0.7981260657297743,0.9516223981136953,0.19422414962179635,-0.009512020279045054,1.2037299718400403,3.47,0
(주)포항온천,0.4929889020464552,-0.1642389982451067,-0.09914893118244968,-0.20380840742874243,1.0,-0.09480659682043951,-0.03044769124865778,0.0,1.0970359076386975,44.06896371976647,0.0,0.14939369593623467,0.15258750391657727,2.1137532250370166,0.029650349139301282,0.32115582954975885,0.027424644065671862,0.981359164043191,-0.6100477460639914,0.49052248714238494,0.020123960403052605,0.49052248714238494,3.2834215933164503,-138.66854830652412,1.2816712760373605,0.6788441704502411,0.9261161977775028,0.01864083595680898,-0.023678199803884227,-0.8406146090039501,3.47,1
(주)한국오엠티,-0.006581695142141281,-0.04893740129528125,0.36203572719810384,-0.24250854551428322,0.08721671318722062,-5.140885963721176,-0.07790911010339617,0.9127832868127794,0.19861491455992863,21.65021433844673,3.467338436551667,0.3212633597639861,0.5535062211273855,64.98568456113166,0.39975132959670817,0.015154802237045246,0.3073412294992987,0.6341499500118611,-0.5493440291841034,0.8805715470424897,0.0030304101444721342,0.8805715470424897,2.740964757666095,-69.89804154245647,1.0393182498867204,0.9848451977629548,0.9292770896899099,0.36585004998813886,-0.039213756167992456,-0.8957263015182328,4.51,0
(주)한독모터스,-0.10830261695299025,-0.4294523735735724,-0.12864005022262123,0.021134325315738375,0.09113126251793074,0.19995052805509772,0.047690187176916,0.9088687362160108,0.05829031693173768,277.5190199155201,12.729640745904824,2.2565275429635747,3.449882178572284,3.19269748959765,0.4706826776334701,0.2385099336360574,0.20012652867324146,0.7197171899600951,-0.3151986541370424,0.6320173623603185,0.0323879186850287,0.6320173623603185,0.28008404520968905,-416.51332238823954,0.9421916226368766,0.7614900663639426,0.7819950521749104,0.28028281003990485,-0.0006724491874682887,3.2252364637026103,3.02,1
(주)한동조선,-0.1814528837701086,-0.18655392857121536,0.27174484054118053,0.04542628667478871,0.12392588514040416,0.23771057466828677,0.02255943363527948,0.8760741148595959,0.06003815199509024,85.15777934936351,0.4917814520966821,0.49661628291972665,6.5420924812152625,9.537080784534593,1.1380471310170448,0.09490294517507283,0.018351510570706442,0.1008132732905432,0.10907295126414687,0.8351614577946004,0.002793556206760116,0.8351614577946004,1.681703734892632,-20.452559964124546,0.9460612083526667,0.9050970548249272,0.8729603678619482,0.8991868091948813,-0.08222460845207041,3.4774031985390508,0.96,0
(주)해주,-0.04948843963952691,0.3405269785467542,-0.39595515766853107,-0.3622205863637193,-0.0072886092600540475,-1.6030156115892273,-0.08773927872696914,1.0072886092600541,0.1288207121212153,4.636792012599405,6.617529167068417,0.24222609655561333,0.2696997879551586,17.27021550024357,0.1198041232976985,0.05473388911040271,0.07573593223505715,0.8997635837275763,-0.7364327526454819,0.73433232425621,1.9667066907665125e-05,0.73433232425621,3.031598719948875,-1952.3630839859572,1.139360397576602,0.9452660601030896,0.8851150001372731,0.1002364162724237,-0.0015527842873158323,-0.5564424261281671,7.66,0
(주)현대프로스,-0.03777266669745097,0.024425864338935056,0.6889790739737265,-0.10069902284713245,0.008178196711929549,-0.6107435115050444,-0.06063667843371198,0.9918218032880705,0.06126584005482249,8.55415477562311,85.19769128915934,0.6021575653793815,0.6967560460874742,9.072179533592184,0.17302788706915934,0.09928337721392422,0.16330996777325402,0.8751872970614215,-0.5965317291799898,0.6038507125471665,0.013287124667234978,0.6038507125471665,1.0028118008726143,-3286.951894651975,1.1945741176255125,0.9007166227860758,0.8008561337386252,0.12481270293857852,-0.00030508867577412255,-0.8697803253275374,4.4,1
태원목재(주),-0.058994188373330335,-0.005265026049708759,0.012776023464469238,-0.04520151888787216,0.12658497517633333,-0.16523895711910433,-0.023368959578986544,0.8734150248236666,0.13945821335084174,9.1636001871273,2.123191615926138,0.5169950071137228,0.766873075474162,6.0708735046847275,1.0676517891372326,0.14142524248771546,0.3619863187698902,0.6782277539484349,0.02038910847298375,0.774683164957686,0.18548921252095835,0.774683164957686,1.498434519285947,32.51517842744527,0.3890405151569844,0.8585747575122845,0.35102725178158883,0.321772246051565,0.046084154901058605,-0.3633851289519368,2.26,0
효원산업개발(주),0.34578191857208795,1.0191290759772416,-0.08281952308440915,0.2675891181988743,1.0,0.13080947467612905,0.014553775551491552,0.0,0.5315212251559663,1.6913513958021933,0.0,0.054388517924241875,0.11707337326429319,7.988009853842132,1.0167199792357717,0.1112593379609942,0.17623713699815036,0.4723212348024522,0.00867768724668161,0.8075140219295945,0.0010829687971113905,0.8075140219295945,14.847141506124254,-54.184980490189425,0.6427146326334836,0.8887406879643736,0.5839735762966116,0.5276787651975477,-0.2740084313366586,3.1671081464294923,1.17,0
