,구분,이자보상배율2018,영업이익2018,차입금의존도2018,총자본증가율2018,유동자산증가율2018,매출액증가율2018,순이익증가율2018,영업이익증가율2018,매출액순이익률2018,매출액총이익률2018,자기자본순이익률2018,총자본순이익률2018,매출원가 대 매출액비율2018,매출채권회전률2018,재고자산회전률2018,총자본회전률2018,유형자산회전율2018,부채비율2018,유동비율2018,자기자본배율2018,당좌비율2018,비유동비율2018,순운전자본비율2018,현금비율2018,부채2018,자산2018,매출액2018,부채/현금흐름2018,유동부채2018,유동자산2018,매출/현금흐름2018,차입금평균이자율2018,정상기업여부
0,(주)HJ중공업,-0.66,61676000,69.99,-27.89,-0.54,0.78,0,0,-55.03,11.41,0,-33.8,88.59,13.93,2.98,0.61,2.72,0.0,92.79,0.0,57.94,0.0,-4.5,15.34,3441806000.0,2733620000.0,1697869000.0,9.88,2140149000.0,1720906000.0,15.73,5.73,1
1,(주)강원에너지,0.35,341329,19.24,2.09,5.32,3.36,0,0,2.3,6.86,4.1,2.23,93.14,1.97,189.82,0.97,9.49,81.83,173.94,641.46,172.59,39.61,33.25,47.85,43641869.0,93845576.0,85905365.0,-18.17,43608244.0,70556730.0,-8.53,15.17,1
2,(주)갤럭시아에스엠,-102.12,-10337846,0,-31.91,-43.9,-40.33,0,0,-71.17,-9.45,-46.6,-38.1,109.45,4.09,0,0.54,73.41,24.41,222.68,194.54,222.68,70.98,23.66,120.97,6781168.0,33253331.0,22060413.0,-76.62,6670268.0,14251248.0,-22.75,0.0,0
3,(주)국순당,999999999,-2994444,0,5.94,-16.68,-12.33,54.06,0,28.8,38.98,7.68,7.06,61.02,7.64,5.02,0.24,0.98,8.71,627.32,2279.05,519.07,77.78,23.92,205.79,22939575.0,238619493.0,61496072.0,95.61,11783237.0,72906719.0,32.18,0.0,0
4,(주)기산텔레콤,-55.15,-2927420,3.5,-23.2,-21.09,-15.91,0,0,-23.29,15.43,-17.91,-14.7,84.57,23.04,4.18,0.63,85.27,17.01,573.32,401.25,474.93,38.04,55.72,148.61,24539492.0,56180491.0,56445716.0,3.73,20046567.0,46536756.0,0.75,4.22,0
5,(주)나무가,66.6,1857185,2.56,5.63,10.18,17.89,0,0,5.18,5.48,31.04,13.62,94.52,5.49,808.05,2.63,46.42,102.54,155.71,2013.42,155.16,48.44,27.22,23.88,83345221.0,118767661.0,312824892.0,-29.11,73489063.0,66783642.0,-5.76,3.92,1
6,(주)내츄럴엔도텍,-4.35,-13587338,37.54,-23.19,-35.89,-3.75,0,0,-185.62,-12.7,-41.25,-24.57,112.7,8.68,1.24,0.13,0.3,70.39,102.62,331.58,80.93,101.51,1.03,30.79,24678664.0,61165965.0,8928362.0,-26.65,23578756.0,24240298.0,-72.28,9.36,0
7,(주)넵튠,-66.34,-18370835,24.62,17.21,105.36,-7.48,0,0,-485.3,0,-36.65,-27.86,0,6.21,0,0.06,19.09,50.67,65.42,768.3,65.42,125.69,-8.76,5.29,60801263.0,129607837.0,18174243.0,-5.47,44562955.0,14152433.0,-34.6,0.44,0
8,(주)노블엠앤비,-3.42,-17705186,32.18,-8.93,0.32,5.88,0,0,-71.93,-6.81,-102.78,-45.18,106.81,6.76,8.97,0.63,2.68,205.69,52.87,115.5,41.67,216.06,-26.14,3.19,73122628.0,110217014.0,64349679.0,-6.97,60844334.0,23423829.0,-7.11,12.94,0
9,(주)뉴인텍,-2.14,-2987869,37.69,-3.95,-17.16,2.53,0,0,-8.69,5.3,-27.05,-9.43,94.7,6.7,7.48,1.09,2.47,185.11,71.29,52.55,43.14,185.18,-14.12,3.53,28153135.0,42464348.0,50073204.0,6.69,21762959.0,19964638.0,3.92,5.7,0
10,(주)대창솔루션,-3.14,-8051181,53.45,13.17,98.94,4.07,0,0,-33.96,-13.02,-22.27,-9.16,113.02,5.22,3.09,0.27,0.37,173.47,83.42,427.1,58.96,195.14,-5.69,8.54,100811036.0,151300048.0,51667981.0,-8.31,62803071.0,41849541.0,-20.74,4.82,0
11,(주)더 미동,10.01,-3389329,0,-30.05,-4.36,-30.47,0,3.44,-76.22,4.27,-34.23,-32.74,95.73,7.08,52.29,0.43,298.57,3.95,1448.16,522.94,1416.21,46.76,51.22,826.33,1836030.0,33966457.0,19602894.0,144.64,1836030.0,27645731.0,10.53,0.0,0
12,(주)더블유아이,-3.67,-6079442,21.77,87.86,140.64,-59.45,0,0,-366.6,-2.58,-51.03,-38.69,102.58,4.55,0,0.11,0.79,43.08,177.48,508.67,177.48,74.91,20.8,131.44,43654874.0,93185372.0,19277934.0,-23.32,35302057.0,66081544.0,-86.86,13.63,0
13,(주)드림어스컴퍼니,3.28,-3118024,2.54,51.47,94.04,76.45,0,0,-20.44,23.93,-15.53,-13.25,76.07,7.29,7.6,0.65,77.38,20.81,390.71,596.13,345.73,40.97,49.17,243.73,44619711.0,204478522.0,137849260.0,10.73,41956229.0,150013247.0,3.43,8.58,0
14,(주)레고켐바이오사이언스,-130.87,-15977964,0,43.01,104.3,9.62,0,0,-108.8,32.93,-31.36,-24.08,67.07,1.44,25.45,0.22,7.22,15.18,911.38,1761.26,904.19,30.6,65.37,100.28,16391555.0,121686284.0,25240302.0,-56.01,9945688.0,93378851.0,-39.26,1.4,0
15,(주)마이크로컨텍솔루션,-187.2,-3535073,1.52,-12.39,-18.33,-2.74,0,0,-17.88,5.24,-12.82,-11.5,94.76,7.91,8.1,0.64,1.92,11.9,697.56,768.21,583.39,58.4,40.96,99.49,3870441.0,35818677.0,25683997.0,29.55,2431958.0,16875307.0,4.56,2.43,0
16,(주)매직마이크로,0.09,398036,21.62,68.11,95.89,3.26,0,0,-14.4,8.18,-16.04,-8.6,91.82,3.28,8.85,0.6,2.9,87.96,100.79,1253.72,86.86,102.7,0.36,1.41,66817117.0,139584364.0,80032261.0,-9.97,61617764.0,36744959.0,-9.8,9.12,1
17,(주)메지온,-9.92,-21925916,0.34,0.51,0.07,241.71,0,0,-87.62,16.96,-29.7,-24.1,83.04,11.07,7.75,0.28,21.58,16.98,643.23,1376.37,619.76,7.75,78.86,248.13,17740343.0,75059445.0,19087500.0,-59.95,17740343.0,70018630.0,-31.72,13.03,0
18,(주)메타랩스,-6.88,-8756238,20.93,102.94,6.79,-31.92,0,0,-62.79,20.14,-23.3,-16.52,79.86,8.16,3.9,0.26,2.48,36.21,108.81,310.98,102.87,97.55,2.3,56.95,33859594.0,107107244.0,47375134.0,-39.79,29169409.0,41734769.0,-53.87,13.46,0
19,(주)멕아이씨에스,-1.55,-1826902,61.14,-5.29,-13.24,-9.44,0,0,-36.43,35.75,-37.04,-12.19,64.25,3.64,3.11,0.33,0.66,262.51,131.89,230.69,85.43,250.41,7.48,18.83,18957237.0,24438555.0,8727657.0,-1.91,7760045.0,8237770.0,-4.01,6.74,0
20,(주)미래아이앤지,-795.93,-1423529,0,-16.19,-12.47,-19.66,0,0,-166.25,23.82,-17.76,-16.98,76.18,7.28,36.55,0.1,1.03,4.41,1565.59,106.58,1564.04,63.42,36.75,1259.5,2436861.0,57570343.0,6445366.0,-83.18,1445875.0,23216877.0,-31.4,0.0,0
21,(주)바른손,-33.27,-2863868,2.1,-4.88,-55.72,149.5,0,0,-64.61,19.29,-15.3,-14.29,80.71,82.34,40.4,0.22,4.31,7.36,458.93,257.93,439.46,85.24,16.11,392.92,10960670.0,41829499.0,9663300.0,-80.9,9432451.0,9759908.0,-24.44,5.95,0
22,(주)바이넥스,3.69,6879448,12.99,13.82,16,33.31,0,0,6.07,46.37,4.51,3.58,53.63,6.53,8.99,0.59,1.16,25.51,143.74,942.58,110.14,89.66,8.69,35.14,38154387.0,190422759.0,104043177.0,29.82,37301782.0,59262452.0,10.93,8.15,1
23,(주)바이오니아,-17.3,-11578870,26.1,18.1,10.7,-2.8,0,0,-44.54,51.3,-29.42,-15.42,48.7,3.21,2.75,0.35,0.92,77.2,134.43,344.26,100.47,99.2,11.27,13.26,31770193.0,70807118.0,24077826.0,-20.52,24242918.0,31168929.0,-27.98,3.99,0
24,(주)베노홀딩스,-8.33,-10985689,50.25,22.78,15.49,-20.35,0,0,-110.8,0,-141.65,-76.22,0,6.62,0,0.69,151.43,227.63,102.98,161.96,102.98,96.04,2.05,64.2,17797725.0,24782754.0,15092291.0,-66.53,17562249.0,18125643.0,-74.07,19.84,0
25,(주)블루베리엔에프티,0.47,-751237,23.1,124.55,295.19,8.2,0,0,-55.76,17.27,-28.7,-19.93,82.73,4.19,3.3,0.36,4.47,71.5,214.31,530.7,196.95,22.05,46.48,150.25,22166535.0,51234899.0,15350181.0,0.17,21615072.0,47281801.0,0.28,30.1,0
26,(주)비덴트,2.44,1159144,2.6,73.31,72.64,25.47,-4.49,0,328.72,39.44,34.16,29.34,60.56,4.58,1.82,0.09,2.4,16.14,711.69,1917.02,594.36,91.5,18.23,205.66,39559225.0,281887665.0,21471982.0,-8.83,8248179.0,60900140.0,-17.44,9.48,1
27,(주)비비안,-1.76,-4518302,0.04,-6.91,-4.5,-1.11,0,0,-3.67,61.39,-6.36,-5.08,38.61,12.38,4.64,1.38,5.78,27.42,245.09,1459.76,78.12,68.73,27.27,0.37,36526957.0,141137610.0,211392530.0,5.17,32372028.0,79219702.0,0.78,174.21,0
28,(주)비엔지티,-3.26,-5606828,53.39,65.44,121.21,-32.04,0,0,-39.21,11.95,-18.33,-10.01,88.05,1.61,19.87,0.26,0.82,142.07,95.66,262.11,94.01,112.02,-2.43,60.46,33695225.0,52079043.0,49621148.0,-15.13,32177964.0,31103975.0,-43.35,7.96,0
29,(주)상보,0.32,4032405,51.98,-27.31,-32.51,-3.48,0,0,-42.88,17.71,-65.78,-22.13,82.29,3.03,4.45,0.52,1.74,258.82,67.64,208.16,55.42,196.31,-21.67,17.65,98330016.0,118184340.0,127480778.0,-4.7,92426377.0,76791567.0,-5.53,8.24,1
30,(주)상지카일룸,0.68,1838309,51.57,207.13,369.48,274.43,0,0,32.39,24.07,27.92,12.17,75.93,3.25,1.7,0.38,115.81,176.6,125.73,244.51,77.82,63.82,15.74,9.83,83106261.0,127635929.0,31021854.0,-32.54,79779816.0,101377776.0,-83.43,10.3,1
31,(주)서울리거,6.31,-217603,13.59,66.11,126.85,18,0,0,-16.08,17.01,-6.32,-5.33,82.99,3.46,12.59,0.33,6.38,29.55,372.78,392.48,363.36,23.23,60.05,39.94,14960746.0,62807852.0,17510965.0,0.75,14454945.0,50286595.0,0.64,4.96,0
32,(주)성안,-3.74,-10685942,28.06,3.07,23.74,42.41,0,0,-8.06,4.31,-5.44,-3.14,95.69,3.25,3.16,0.39,1.29,80.99,112.98,316.01,72.76,124.49,3.59,1.79,211642712.0,306490119.0,220173987.0,-14.7,155132367.0,161060330.0,-17.14,3.17,0
33,(주)세동,-2.01,-2364862,46.02,6.87,18.62,20.13,0,0,-5.05,7.4,-40.89,-6.35,92.6,10.43,21.95,1.26,2.17,607.02,41.0,142.91,33.48,500.22,-42.09,1.52,102729926.0,124461800.0,140775465.0,5.07,83444910.0,38748344.0,3.57,4.92,0
34,(주)세진티에스,999999999,-1435741,0,-6.08,-15.09,-19.55,0,0,-24.81,1.49,-6.71,-6.47,98.51,6.64,60.75,0.26,1.03,3.9,1403.84,932.03,1394.83,49.09,48.99,43.03,2349419.0,41644197.0,20901166.0,16.57,2349419.0,25573807.0,2.31,0.0,0
35,(주)센트럴인사이트,-2.38,-6037761,38.2,9.61,107.26,-3.75,0,0,5.38,9.02,7.29,3.07,90.98,27.38,4.86,0.57,2.54,145.98,60.79,55.65,40.57,161.11,-22.25,1.02,48173972.0,72506901.0,36029987.0,-12.35,42014067.0,37783726.0,-13.44,11.39,0
36,(주)셀루메드,-7.36,-12122711,27.15,-26.7,-23.31,-46.01,0,0,-128.11,1.71,-39.28,-22.19,98.29,0.91,1.34,0.17,1.53,91.32,111.94,248.03,82.84,104.95,4.81,40.86,26562711.0,49579067.0,10842924.0,-9.94,22298173.0,22832990.0,-23.16,11.18,0
37,(주)소리바다,-3.36,-6627200,36.37,15.56,-17.28,-9.58,0,0,-23.05,0,-15.9,-9.49,0,5.68,37.44,0.41,28.65,83.91,47.26,119.05,43.66,145.0,-23.62,7.46,35499921.0,63140399.0,46827331.0,-27.28,34081460.0,25531724.0,-32.43,7.59,0
38,(주)솔고바이오메디칼,-22.76,-12335637,21.22,16.88,13.41,-5.59,0,0,-81.59,8.31,-31.86,-23.02,91.69,4.74,1.84,0.28,1.14,41.5,258.62,61.76,193.58,80.07,26.63,68.39,23200611.0,75095793.0,22540749.0,-32.11,13691592.0,35598449.0,-35.98,3.79,0
39,(주)스튜디오산타클로스엔터테인먼트,0.54,-1217223,8.13,1.52,-52.62,-58.46,0,0,1.12,25.08,0.39,0.33,74.92,2.06,10.74,0.29,2.39,20.22,181.8,1560.62,165.92,84.6,13.33,39.65,12152464.0,58843722.0,27311088.0,-29.33,11474804.0,28183866.0,-16.94,10.63,0
40,(주)시너지이노베이션,0.16,4168499,31.63,-5.53,55.64,89.44,0,0,89.95,32.56,27.16,11.64,67.44,5.7,7.62,0.13,1.52,88.78,28.6,162.48,24.03,165.47,-30.82,3.06,51411580.0,122005092.0,44445903.0,2.28,46705024.0,50464395.0,8.05,14.38,1
41,(주)시티랩스,3.83,-998339,28.89,9.06,-51.42,-27.54,0,0,-33.01,15.65,-24,-16.15,84.35,7.48,0,0.49,7.78,56.34,107.84,195.31,107.84,111.33,2.09,14.49,25515111.0,55805273.0,38285541.0,-1.83,20603296.0,17546554.0,-1.41,3.1,0
42,(주)신성이엔지,-0.99,-4152168,49.8,-46.75,-70.12,-63.91,0,0,-2.11,8.22,-7.42,-1.36,91.78,3.11,23.61,0.65,1.83,248.39,44.2,114.14,39.26,249.92,-35.69,3.0,299061479.0,413145099.0,424654240.0,-15.01,272010305.0,159849487.0,-11.49,5.31,0
43,(주)쌍방울,0.6,564488,8.58,-38.12,-82.66,-1.91,0,0,-94.11,33.5,-34.09,-17.89,66.5,3.55,3.14,0.19,9.27,76.79,69.61,335.95,47.21,133.46,-10.7,4.14,176109126.0,380150026.0,101656747.0,1.56,144555380.0,91443442.0,2.73,4.45,1
44,(주)썸에이지,-121.96,-26484814,75.06,40.9,47.23,6.2,0,0,-757.7,0,-141.42,-74.65,0,6.36,0,0.1,12.37,373.91,109.99,110.56,109.99,64.32,7.85,19.81,32026814.0,41118407.0,3554558.0,-38.72,31853886.0,36802153.0,-362.69,1.13,0
45,(주)쎌마테라퓨틱스,-15.58,-8274722,41.34,16.41,45.36,-30.47,0,0,-91.14,1.49,-192.41,-57.84,98.51,10.33,4.79,0.63,11.42,453.59,70.15,128.13,43.72,246.32,-23.62,7.51,15945343.0,19548915.0,37779934.0,-45.01,15396016.0,10839484.0,-62.51,6.82,0
46,(주)씨씨에스충북방송,-10.51,-3682858,7.88,-15.95,-0.56,-1.16,0,0,-35.85,11.65,-26.92,-19.28,88.35,9.94,0,0.54,0.85,44.98,82.19,57.54,82.19,108.17,-5.5,16.91,11298901.0,35691430.0,21012548.0,43.83,11038462.0,9063993.0,23.09,7.15,0
47,(주)씨아이테크,-4.79,-1970683,17.36,-7.22,-2.12,40.13,0,0,-39.83,23.98,-23.22,-16.04,76.02,4.8,13.18,0.4,1.63,38.04,113.31,77.68,95.5,101.98,3.07,40.36,18743199.0,42991097.0,32283987.0,-8.35,13460467.0,20153646.0,-5.5,6.87,0
48,(주)씨엔플러스,-3.29,-3679210,33.51,-12.2,-37.12,-11.08,0,0,-25.33,13.16,-45.36,-15.21,86.84,1.89,8.21,0.6,1.38,143.39,65.87,357.93,51.39,159.35,-17.89,1.37,24372824.0,39656788.0,25398180.0,-8.34,21957158.0,12349698.0,-7.65,7.31,0
49,(주)씨티씨바이오,-1.47,-5856397,35.27,-0.55,13,11.12,0,0,-8.22,31.36,-10.68,-4.56,68.64,3.85,4.14,0.55,1.13,114.31,109.89,882.33,67.56,138.77,3.17,1.91,104721613.0,191687184.0,138400059.0,0.2,65719150.0,78602566.0,0.19,5.76,0
50,(주)아리온테크놀로지,-1.6,-5863089,31.14,10.61,-21.75,-17.77,0,0,-35.52,15.49,-53.21,-17.19,84.51,5.29,5.99,0.48,3.78,211.69,109.53,129.9,74.7,240.44,1.99,1.05,51790298.0,77177119.0,45886089.0,-3.64,17456105.0,22677733.0,-5.36,16.63,0
51,(주)아스타,999999999,-4909808,0,112.98,82.34,-46.99,0,0,57.65,60.82,2.72,2.62,39.18,3.31,0.6,0.05,11.91,2.99,4661.41,556.86,4282.31,19.88,78.97,44.09,4970403.0,38218233.0,1742000.0,-248.36,4127676.0,26781069.0,-216.14,0.0,0
52,(주)아이디스,999999999,262504,0,2.32,0.1,12.95,-56.8,0,4.56,30.34,3.18,2.95,69.66,4.88,4.86,0.65,8.36,8.97,972.47,2832.23,767.37,24.7,69.38,182.22,13657947.0,165464307.0,109219202.0,-0.6,13198647.0,127710042.0,-0.08,0.0,1
53,(주)알테오젠,999999999,-7659870,0,62.53,62.31,-47.42,0,0,-489.71,80.95,-12.04,-11.74,19.05,61.12,0,0.02,0.21,1.52,18032.96,962.29,18032.96,19.1,80.73,2587.31,4684231.0,71380650.0,13703079.0,-626.7,2476848.0,58257365.0,-484.45,0.0,0
54,(주)알톤스포츠,-1.19,-1191032,29.67,-1.48,1.21,9.12,0,0,-3.26,17.57,-5.28,-3.12,82.43,3.99,5.54,0.96,5.32,72.87,154.54,438.43,120.52,60.53,22.93,20.59,25681024.0,53806357.0,49080045.0,-2.36,25631509.0,36587136.0,-1.03,4.9,0
55,(주)알파홀딩스,0.75,-6124891,37.52,56.42,98.16,19.18,0,0,-6.71,9.54,-11.34,-6.45,90.46,6.31,108.5,0.96,4.09,106.9,87.31,775.41,84.72,120.27,-6.08,10.21,55006598.0,102095474.0,85086013.0,-7.31,50861275.0,42453794.0,-4.79,9.51,0
56,(주)앤씨앤,-1763.51,-16457101,13.35,-10.6,-20.52,-27.14,0,0,-37.73,32.44,-23.88,-20.41,67.56,18.69,3.77,0.54,33.27,24.57,1348.49,625.93,1014.61,56.71,50.44,501.45,21497866.0,54329936.0,58778225.0,-62.07,10165826.0,36151520.0,-21.37,0.14,0
57,(주)얼라인드제네틱스,999999999,-1923886,0,-8.47,-22.11,-2,0,0,-47.5,55.06,-10.33,-9.6,44.94,3.19,3.11,0.2,7.35,8.91,3645.05,1177.73,3232.18,27.16,73.0,578.85,2112790.0,23000867.0,5675117.0,-33.56,701090.0,17433706.0,-12.98,0.0,0
58,(주)에스엘바이오닉스,-1.39,-5403144,33.86,21.13,52.21,-33.5,0,0,-53.06,13.61,-70.08,-28.94,86.39,7.1,12.91,0.55,1.9,102.57,121.45,480.83,115.33,80.29,10.66,38.7,33162258.0,64473790.0,32126457.0,15.25,32553439.0,31423586.0,15.51,12.78,0
59,(주)에이루트,-39.59,-5355582,0.22,-28.64,-51.74,-39.45,0,0,-66.92,15.55,-21.37,-18.63,84.45,6.24,5.07,0.28,2.19,1.91,2373.85,242.14,2041.01,56.63,42.56,666.85,18250867.0,86441024.0,22194327.0,520.71,18228663.0,34929983.0,29.23,2.79,0
60,(주)에이스테크놀로지,0.69,13184835,40.85,16.87,39.19,5.35,0,0,0.91,18.03,2.81,0.72,81.97,2.07,14.05,0.8,3.76,285.14,90.46,560.69,83.0,181.15,-5.59,2.92,351157546.0,432084800.0,377316650.0,-3.45,292952760.0,258719489.0,-3.46,5.02,1
61,(주)에이프로젠헬스케어앤게임즈,0.89,-207199,5.07,68.07,-11.98,73.17,0,0,46.88,25.82,5.52,4.83,74.18,4,385.28,0.1,130.75,9.32,363.11,244.23,362.67,77.28,21.24,50.78,20727924.0,237929701.0,19416757.0,15.65,19479782.0,69422406.0,16.22,11.72,0
62,(주)에프알텍,-3.34,-2923569,31.65,-6.59,-19.38,5.47,0,0,-4.28,18.85,-2.82,-1.7,81.15,7.95,7.1,0.4,0.94,63.2,136.81,642.27,116.73,129.6,5.54,46.61,23253952.0,56219782.0,24607102.0,-10.95,9108528.0,12466561.0,-10.33,2.19,0
63,(주)엑세스바이오인코퍼레이션,0.79,-4381680,31.48,9.32,14.77,36.51,0,603.19,2.15,38.71,1.45,0.92,61.29,6.12,4.13,0.43,3.96,62.16,124.27,3702.83,83.54,112.06,6.03,6.29,51425444.0,94840028.0,40239207.0,0.99,23189887.0,40496734.0,0.92,5.01,0
64,(주)엔에스엔,0.45,-3601173,35.61,0.17,-22.28,96.42,0,0,-17.84,16.99,-7.96,-5.09,83.01,6.05,5.68,0.29,1.24,60.63,48.84,213.18,36.03,134.15,-17.27,7.78,13368350.0,30673405.0,10306353.0,-25.7,11923258.0,7041177.0,-34.05,7.62,0
65,(주)엔에이치엔벅스,999999999,5942234,0,-0.42,2.18,-4.67,0,0,6.25,0,8.38,6.08,0,6.89,741.75,0.97,1028.84,36.65,257.95,855.45,257.28,47.99,39.73,24.51,24516095.0,90437496.0,89652083.0,-16.77,22913906.0,65298376.0,-4.61,0.0,1
66,(주)엔케이,-10.32,-23223013,20.46,-9.97,35.24,-9.34,0,0,-35.35,-7.32,-18.37,-13.23,107.32,4.72,7.94,0.37,0.86,51.1,95.69,316.73,81.94,108.73,-1.26,43.0,84583472.0,205486074.0,108432788.0,-1.85,75942917.0,72180421.0,-1.58,6.07,0
67,(주)엔케이맥스,-8474.24,-14433628,4.37,36.66,-31.77,22.86,0,0,-296.07,75.22,-45.3,-27.67,24.78,3.79,1.67,0.09,2.08,94.48,274.79,303.28,234.32,137.03,18.79,4.53,35681002.0,70564688.0,6268827.0,-31.62,7995186.0,22102649.0,-189.81,0.02,0
68,(주)엘아이에스,3.64,12803231,45.67,-12.95,-61.17,175.45,0,3079.83,3.56,19.75,27.45,5.52,80.25,87.31,6.67,1.55,4.73,233.11,34.6,491.69,18.46,257.68,-42.8,1.28,105962683.0,141480969.0,211363819.0,0.36,98324909.0,28158844.0,0.15,5.55,1
69,(주)오스코텍,1.73,6177595,18,76.09,152.49,215.87,0,0,9.44,79.15,3.49,2.33,20.85,2.13,12.39,0.25,1.12,41.01,274.7,299.3,267.87,46.77,42.5,129.6,18589269.0,70258505.0,18702672.0,-14.63,15722445.0,57317004.0,-21.93,11.07,1
70,(주)와이지플러스,-7.51,843175,0,4.7,25.91,107.88,0,0,0.87,24.73,0.34,0.32,75.27,13.88,21.55,0.37,28.76,8.6,491.06,343.16,460.19,78.35,22.18,56.45,31249744.0,146754665.0,102350297.0,18.59,22758103.0,60220955.0,4.09,0.0,1
71,(주)와이투솔루션,-2.57,-18409622,34.38,-5.15,1.08,-18.76,0,0,-32.91,-6.84,-25.35,-15.03,106.84,4.57,5.33,0.46,3.95,80.69,98.19,380.01,77.87,110.41,-0.72,43.64,86735789.0,194186138.0,91081443.0,-4.18,76940764.0,75464590.0,-3.98,12.17,0
72,(주)우리로,2.94,2700916,39.35,42.14,56.4,92.45,0,0,-1.06,16.91,-1.02,-0.55,83.09,5.52,5.2,0.52,3.01,107.95,81.53,279.36,57.89,122.32,-9.33,1.21,46100968.0,80290458.0,55853881.0,8.16,44718608.0,37635540.0,9.54,4.37,1
73,(주)우진,0.21,-1087051,32.08,19.52,-9.89,-7.8,0,0,-10.13,24.4,-4.06,-2.77,75.6,6.93,3.36,0.27,0.66,60.82,116.67,1193.55,84.87,126.12,3.08,6.23,80001984.0,211028961.0,93881393.0,12.95,38030449.0,61506380.0,19.48,4.08,0
74,(주)위메이드맥스,-368.4,-13202501,0,-52.8,-8.73,-5.44,0,0,-337.58,0,-76.57,-72.45,0,13.47,0,0.21,3.47,8.34,682.22,720.7,682.22,54.49,42.42,269.11,20172094.0,41403529.0,28752747.0,-128.21,19793528.0,24834405.0,-29.49,0.0,0
75,(주)유진로봇,2.58,-1529095,11.25,-9.72,-18.25,40.26,0,0,0.84,19.2,0.64,0.46,80.8,7.35,5.2,0.54,2.2,31.57,486.38,360.84,409.3,49.68,49.45,39.18,35608235.0,107712962.0,81747626.0,-18.93,24706093.0,72655091.0,-7.97,2.05,0
76,(주)유테크,-3.05,-11620146,45.65,-22.66,-58.51,-10.39,0,0,-98.38,9.89,-127,-40.61,90.11,4.94,23.45,0.41,0.9,127.39,42.65,200.37,34.33,188.86,-22.79,11.92,45306359.0,55853723.0,52577681.0,6.05,33254284.0,15609481.0,7.16,6.58,0
77,(주)이스트소프트,0.37,2034697,39.51,0.52,-4,2.87,0,690.85,-3.05,0,-1.78,-0.77,0,6.06,0,0.25,0.72,140.54,72.75,720.96,72.75,196.39,-6.87,22.39,66337363.0,93110487.0,64686585.0,5.27,29428139.0,42724709.0,12.28,4.88,1
78,(주)이아이디,-0.97,-3446475,5.68,-19.66,-43.35,43.74,0,0,-8.29,1.01,-14.11,-11.07,98.99,99.94,7.66,1.34,6.84,9.85,504.38,152.04,282.18,63.37,33.93,51.94,6130409.0,80001294.0,121343274.0,-187.51,5710805.0,34615238.0,-11.22,21.18,0
79,(주)이엠앤아이,-13.77,-17461902,159.25,-81.86,-91.31,-49.57,0,0,-198.88,13.13,0,-154.62,86.87,2.2,42.51,0.78,5.81,0.0,8.86,0.0,8.85,0.0,-312.03,0.13,63836062.0,32297395.0,53405357.0,10.76,63743663.0,14556668.0,14.58,7.04,0
80,(주)인스코비,1.93,5325278,24.88,14.04,54.55,40.78,0,0,-26.71,49.3,-24.25,-17.12,50.7,10.03,6.01,0.64,174.38,65.66,238.11,65.57,130.33,110.66,19.26,13.29,26550405.0,57443802.0,58590555.0,-16.93,13999633.0,27961284.0,-11.15,19.46,1
81,(주)인트론바이오테크놀로지,34.27,5165702,7.52,20.05,30.03,87.77,0,0,42.63,73.68,25.14,17.41,26.32,3.98,15.65,0.41,2.65,39.79,277.7,508.85,267.39,39.77,45.79,143.37,15650370.0,54796363.0,20584391.0,-3.53,14167485.0,40155931.0,-2.68,3.52,1
82,(주)잉크테크,-0.26,-938876,38.05,0.42,12.75,-2.25,0,0,-6.68,27.71,-8.62,-3.3,72.29,3.47,3.99,0.49,0.89,172.81,87.23,486.54,52.41,182.65,-4.84,4.1,70113872.0,109509730.0,55346523.0,-6.1,42029587.0,35677213.0,-7.84,4.07,0
83,(주)자연과환경,2.6,558504,12.43,4.01,0.29,87.33,0,0,4.47,18.05,3.82,2.66,81.95,4.52,9.42,0.59,2.76,43.79,241.44,173.89,217.06,45.24,40.15,37.94,18434518.0,49568582.0,24828281.0,-14.99,16586321.0,24713157.0,-7.83,4.8,1
84,(주)제로투세븐,-3.82,-4708162,23.76,54.68,14.98,-4.78,0,0,-3.15,42.82,-11.56,-4.76,57.18,8.36,4.04,1.51,17.73,106.15,155.52,611.51,79.07,76.98,22.37,35.67,71638845.0,134940261.0,175282228.0,5.78,57408990.0,89436212.0,2.4,2.7,0
85,(주)제이웨이,-9.74,-1450828,11.61,78.96,22.78,-25.25,0,0,-59.14,2.86,-31.51,-25.92,97.14,8.68,0,0.44,19.16,25.0,167.03,139.06,167.03,84.86,12.89,52.55,11128116.0,21496507.0,13099806.0,-51.55,10438838.0,9337853.0,-30.18,26.26,0
86,(주)젬백스&카엘,-0.17,-662609,18.54,0.86,37.76,3.88,0,0,-51.29,37.32,-24.3,-13.66,62.68,6.98,11.54,0.27,4.43,49.88,179.3,651.45,171.99,61.53,26.07,58.89,58781846.0,172592061.0,47239503.0,-1.18,58084065.0,107172637.0,-1.49,15.65,0
87,(주)좋은사람들,9.78,2532183,2.85,3.61,6.65,7.62,0,0,2.33,54.81,3.78,2.89,45.19,5.86,3.3,1.24,13.68,21.75,446.84,578.57,208.27,26.24,60.89,118.85,15881559.0,102858972.0,128374456.0,4.59,15557984.0,82775526.0,0.67,4.12,1
88,(주)중앙디앤엠,-5.99,-2338572,26.1,-10.73,-17.84,52.3,0,0,-32.88,21.89,-23.88,-14.23,78.11,1.89,2.64,0.43,1.11,55.04,172.51,111.38,98.72,78.19,20.83,22.71,8133142.0,22243206.0,11235292.0,7.7,6615931.0,10600953.0,5.95,3.92,0
89,(주)진매트릭스,-3.9,-2806390,56.19,86.13,87.21,-5.63,0,0,-86.96,25.04,-28.39,-13.54,74.96,2.05,11.56,0.16,0.63,174.87,124.52,138.05,122.57,110.96,11.74,36.03,20121445.0,31518643.0,4734901.0,-11.87,15006777.0,19136478.0,-63.12,5.98,0
90,(주)초록뱀헬스케어,-4.1,-6628226,44.37,114.33,272.06,44.07,0,0,-96.69,9.14,-64.09,-32.74,90.86,3.58,7.99,0.34,26.35,166.61,137.67,152.46,133.61,39.6,23.3,112.73,42929193.0,61440300.0,34471966.0,-13.76,42505408.0,54271756.0,-34.64,11.06,0
91,(주)케이에이치바텍,0.41,-18356991,15.33,-7.48,58.1,-62.69,0,0,-82.03,18.14,-20.27,-16.78,81.86,3.02,10.12,0.2,0.91,27.35,836.21,1722.43,820.15,42.64,58.56,110.15,124237325.0,298635096.0,203983923.0,-31.1,89142090.0,141621065.0,-31.39,6.66,0
92,(주)케이엔더블유,-6.16,832004,19.22,-2.67,1.48,39.67,0,0,-2.06,7.05,-3.99,-2.79,92.95,5.41,12.09,1.36,3.98,43.89,254.91,1200.86,207.79,60.3,35.3,74.68,29801501.0,69366058.0,122079179.0,-4.04,26029484.0,42957323.0,-0.9,2.98,1
93,(주)케이엠더블유,-3.94,-26227499,26.72,29.86,73.65,7.56,0,0,-20.3,16.82,-46.1,-12.88,83.18,2.63,7.29,0.63,3.8,223.51,95.2,916.54,82.58,122.44,-3.13,21.01,187279270.0,273497774.0,296267920.0,-7.75,162951091.0,173106879.0,-9.53,7.77,0
94,(주)케이피엠테크,0.58,-918008,14.9,27.26,16.67,4.71,0,0,95.41,16.18,27.45,20.22,83.82,4.8,16.69,0.21,2.78,24.73,163.79,1496.78,155.11,96.61,8.78,71.49,62398882.0,199152116.0,29535233.0,-3.95,48327347.0,56785576.0,-4.14,13.66,0
95,(주)코디,-2.96,-4042260,45.01,84.34,-0.24,20.24,0,0,-84.85,-1.16,-45.39,-20.91,101.16,5.47,11.44,0.25,0.44,141.32,46.19,531.64,38.61,213.81,-13.28,13.3,50056249.0,81954473.0,20265908.0,-13.86,23705502.0,22156642.0,-42.71,5.7,0
96,(주)코디엠,-13.64,-10700584,30.87,46.52,31.69,-51.77,0,0,-44.4,-4.67,-25.73,-18.81,104.67,4.55,10.69,0.42,5.83,65.12,94.38,398.93,89.23,103.71,-2.22,39.81,37500205.0,93910822.0,36581926.0,-0.46,37443177.0,41411536.0,-0.51,4.49,0
97,(주)코아시아옵틱스,-2.24,-6120241,23.88,-12.46,-22.68,-26.26,0,0,-110.03,-9.51,-21.88,-14.96,109.51,1.74,10.16,0.14,1.88,46.81,88.74,221.2,83.62,107.51,-3.4,23.22,18298041.0,57405388.0,9054296.0,-32.53,17314836.0,15384954.0,-71.19,14.98,0
98,(주)큐로컴,-0.45,-10516842,21.76,-21.75,-55.53,-8.71,0,0,-233.07,11.21,-34.5,-23.96,88.79,10.69,16.67,0.1,665.4,36.46,23.64,118.24,20.7,128.35,-19.19,7.42,33350250.0,94049808.0,13915367.0,4.45,28368920.0,9311855.0,10.14,7.23,0
99,(주)큐로홀딩스,0.83,-569077,46.46,4.6,52.71,83.25,0,0,-32.39,22.05,-40.48,-17.17,77.95,10.42,6.83,0.53,44.76,173.38,77.18,52.98,59.74,169.85,-11.2,7.08,28918637.0,51629331.0,25216642.0,-6.08,22256380.0,21567915.0,-7.43,7.34,0
100,(주)탑코미디어,999999999,1542572,0,2.44,18.5,-5.41,0,0,2.35,21.82,3.69,2.74,78.18,3,3.56,1.16,21.16,33.8,392.11,513.76,290.3,1.68,73.56,62.56,9732776.0,38667067.0,44502968.0,-55.44,9702776.0,38468829.0,-12.17,0.0,1
101,(주)텔콘알에프제약,-1.18,-7874448,10.74,1.62,-11.54,61.46,0,0,-11.83,14.22,-4.33,-3.21,85.78,5.44,18.38,0.27,14.71,16.85,80.59,1851.64,68.35,103.28,-2.8,22.1,26343024.0,181794659.0,57708456.0,-21.84,26335723.0,25623916.0,-11.7,12.67,0
102,(주)티에스넥스젠,-8.12,-12488709,52.66,-23.36,-12.23,20.55,0,0,-91.38,-18.24,-104.92,-45.61,118.24,1.91,8.15,0.5,1.63,181.23,92.44,57.89,73.23,160.94,-3.5,8.14,38516877.0,55730869.0,39527527.0,-33.16,28402591.0,24356705.0,-37.15,5.59,0
103,(주)티엘아이,999999999,-18996290,0,-26.05,-46.84,-28.22,0,0,-45.68,0.36,-27.76,-24.65,99.64,6.86,4.71,0.54,1.45,14.58,325.07,1263.54,254.55,73.05,25.1,47.34,9281206.0,78127121.0,48492103.0,-11.88,8293706.0,31789398.0,-2.38,0.0,0
104,(주)파인디지털,999999999,1428970,0,-1.99,-0.02,15.65,0,0,0.42,27.88,0.35,0.31,72.12,5.41,5.99,0.75,17.44,14.32,981.49,1506.97,776.77,39.94,58.44,53.52,13136972.0,101738582.0,86035533.0,-28.52,7923531.0,72379776.0,-4.74,0.0,1
105,(주)폴라리스오피스,999999999,-516728,0,-0.86,44.47,69.28,0,0,-32.45,0,-19.6,-16.77,0,15.98,0,0.52,50.79,12.54,508.04,206.0,508.04,65.62,33.49,125.38,5061543.0,42919492.0,22543822.0,-103.59,3743676.0,27013439.0,-22.24,0.0,0
106,(주)플래스크,-0.87,-4318274,34.05,2.54,-58.55,-42.72,0,0,-37.51,2.22,-8.74,-5.03,97.78,9.15,20.99,0.13,2.07,58.73,37.14,439.12,35.3,137.44,-22.71,15.5,57679131.0,164775831.0,34081695.0,7.27,56320685.0,21045751.0,20.32,11.47,0
107,(주)플레이그램,-4.49,-1178757,2.08,-26.79,-37.9,-76.77,0,0,-213.04,5.41,-27.89,-23.8,94.59,1.67,5.91,0.11,184.77,4.53,1341.58,116.34,1223.13,51.56,46.9,743.76,2567328.0,45213641.0,6528350.0,213.27,2290486.0,23225583.0,70.0,4.58,0
108,(주)피에이치씨,-2.11,-5143753,37.52,6.77,-4.84,-54.72,0,0,-268.76,23.03,-94.92,-41.91,76.97,3.53,2.66,0.16,0.65,95.65,87.67,147.46,79.08,113.16,-5.93,14.78,21284487.0,43454981.0,6918570.0,-7.49,20898616.0,18974738.0,-24.23,9.94,0
109,(주)하이소닉,-1.25,-6246702,62.81,-40.8,37.79,-49.94,0,0,-212.78,0.35,-248.39,-94.97,99.65,4.88,8.84,0.45,10.16,1194.57,48.71,12.51,42.33,735.16,-45.5,0.47,31275498.0,34061708.0,20064958.0,1.09,29332685.0,14944794.0,1.68,20.2,0
110,(주)하이트론씨스템즈,-2.11,-976884,23.91,11.18,16.11,10.81,0,0,1.79,17.51,2.2,1.21,82.49,3.13,2.28,0.67,2.0,87.56,155.56,249.98,70.34,71.56,22.09,4.72,29790347.0,64127489.0,40770079.0,-31.43,25299508.0,39362105.0,-22.9,3.33,0
111,(주)한빛소프트,999999999,716975,0,11.91,23.14,-6.66,0,0,-8.78,26.51,-12.42,-6.9,73.49,5.67,0,0.79,113.96,104.66,154.47,162.4,154.47,93.0,19.24,27.3,31547265.0,43790121.0,39835691.0,1.09,24462918.0,24712559.0,0.75,0.0,1
112,(주)한일진공,4.82,302545,5.12,-1.53,116.95,119.03,0,3482.47,-23.01,28.22,-8.92,-6.95,71.78,6.11,5.24,0.3,3.26,15.26,623.34,2462.35,576.5,36.27,57.54,378.2,29378884.0,158533589.0,51064090.0,-7.32,24487806.0,106962126.0,-3.18,4.4,1
113,SNT중공업(주),12.44,16103600,0,0.76,2.62,-10.47,0,0,4.92,12.27,2.72,2,87.73,6.34,4.18,0.41,0.89,36.29,396.06,718.44,315.13,71.45,35.56,60.71,238166577.0,845671572.0,396259118.0,15.43,118004884.0,413712117.0,10.15,0.0,1
114,나노캠텍(주),1.17,5804502,31.66,37.98,93.42,-16.49,0,630.7,2.8,16.03,1.82,1.29,83.97,2.16,15.28,0.46,1.64,49.33,142.21,615.22,134.67,79.38,13.9,35.69,42640939.0,108550009.0,60743211.0,-21.46,42547939.0,60079459.0,-17.85,4.64,1
115,대성산업(주),-0.11,6104206,27.25,-2.22,-46.86,131.27,-97.18,0,0.67,11.27,1.41,0.6,88.73,28.34,46.49,0.9,1.79,117.16,38.25,189.45,33.2,189.81,-20.34,8.31,641403855.0,1092773443.0,945461187.0,-4.91,334245053.0,182920834.0,-2.9,6.1,1
116,데브시스터즈(주),999999999,-12322058,0,-14.37,-19.92,114.29,0,0,-61.72,0,-17.61,-17.26,0,10.58,243.38,0.28,11.51,2.49,3224.96,2111.06,3217.96,32.86,65.83,18.75,18507790.0,135459203.0,35707620.0,-65.39,2949484.0,90403936.0,-5.24,0.0,0
117,동양철관(주),-3.11,-3991481,21.69,8.53,31.02,11.61,0,0,-5.72,3.7,-10.73,-4.99,96.3,4.41,10.5,0.87,1.84,89.1,99.28,138.3,82.16,103.8,-0.33,25.28,84573142.0,163635516.0,161996515.0,-4.11,79399543.0,80845226.0,-2.31,4.13,0
118,메가스터디(주),17.42,6345838,0,5.69,29.67,11.08,0,0,46.85,35.84,6.72,6.18,64.16,2.93,8.21,0.13,5.64,8.71,577.91,3728.28,557.39,71.63,28.21,142.62,74999120.0,366307610.0,134558060.0,63.28,59373269.0,171613899.0,39.49,0.0,1
119,메디포스트(주),-16.13,-6592646,8.97,18.36,25,5.05,0,0,-4.55,63.91,-1.74,-1.26,36.09,7.07,5.93,0.28,0.79,39.06,266.15,3178.48,231.13,93.74,20.34,27.98,48949436.0,175753120.0,44383628.0,1.8,21291750.0,57025630.0,1.98,2.38,0
120,미래산업(주),-8.58,-11439840,13.09,-19.85,-19.77,-3.25,0,0,-43.29,-2.7,-26.48,-18.81,102.7,3.33,2.25,0.43,1.71,43.98,295.29,74.4,232.42,44.67,45.62,10.46,21051441.0,68651324.0,34499216.0,-8.73,16116378.0,47396264.0,-5.46,17.31,0
121,보성파워텍(주),0.36,-1316377,15.56,2.51,6.56,40.14,0,0,-4.95,6.51,-6.42,-4.27,93.49,5.97,3.77,0.86,2.57,56.95,164.12,344.12,90.91,68.83,21.93,37.75,45888707.0,124282591.0,105740259.0,-28.59,43315539.0,71107117.0,-12.16,5.63,0
122,비케이탑스(주),-2.15,-19810937,35.42,92.73,32.62,-16.96,0,0,-21.78,-5.76,-17.93,-9.97,105.76,9.28,59,0.46,54.68,127.32,91.38,178.42,89.24,116.0,-4.62,67.39,107179162.0,190646346.0,69990785.0,-15.9,102557311.0,100059440.0,-25.62,24.08,0
123,삼보산업(주),0.26,4200325,76.69,3.33,16.33,-20.52,0,0,-4.56,3.9,-49.05,-5.13,96.1,5.05,7.45,1.13,3.0,1200.14,52.89,825.22,33.02,759.33,-37.05,0.43,250231645.0,295955268.0,284529924.0,1.77,195522787.0,143081789.0,1.48,4.93,1
124,삼부토건(주),-4.24,-9369500,7.8,-1.32,-13.57,-34.82,0,0,0.13,9.64,0.11,0.06,90.36,6.18,5.75,0.48,37.38,73.3,211.13,170.43,184.34,63.1,33.47,92.89,222803253.0,413057824.0,177427227.0,-14.97,146148530.0,276121591.0,-13.08,6.54,0
125,삼성제약(주),-3.04,-4783652,11.41,4.47,31.69,9.85,0,0,-3.13,14.97,-1.18,-0.85,85.03,2.76,4.59,0.27,0.58,20.98,336.19,456.98,299.11,61.1,34.77,11.87,28983687.0,160646664.0,46483649.0,-9.59,24693164.0,79724617.0,-6.24,4.25,0
126,삼성중공업(주),-4.33,-409252130,19.25,3.17,9.1,-34.85,0,0,-9.05,-2.43,-7.13,-3.24,102.43,14.72,3.68,0.36,0.9,108.21,118.83,208.38,94.29,101.46,8.12,14.96,7536612429.0,14282891986.0,5265119547.0,4.06,6267119241.0,7405496121.0,5.99,3.27,0
127,삼영화학공업(주),-13.21,-6274632,19.63,-8.08,-4.25,2.12,0,0,-7.67,6.73,-13.92,-8.05,93.27,3.88,11.14,1.05,2.25,78.73,159.47,269.76,125.68,88.27,18.88,12.35,58881797.0,105230478.0,102947885.0,-8.41,48186178.0,44713139.0,-3.38,2.41,0
128,삼화전자공업(주),-1.79,-3185229,34.05,-8.59,-23.84,2.96,0,0,-10.5,8.1,-34.84,-6.36,91.9,2.56,7.88,0.61,1.17,228.94,69.27,146.94,53.42,219.14,-14.81,14.5,45022530.0,64280396.0,42084172.0,1.67,32792472.0,17904348.0,1.84,3.15,0
129,성문전자(주),9.62,838210,8.94,4.95,-5.5,-13.6,0,0,3.44,10.05,2.74,2.32,89.95,3.54,9.64,0.68,3.32,19.37,290.59,314.52,238.13,70.45,26.88,31.16,13901637.0,43264101.0,41332762.0,11.19,12894163.0,25583830.0,2.75,2.09,1
130,신라젠(주),-55.86,-59043410,0.84,-5.51,-27.05,15.17,0,0,-182.19,0,-10.46,-9.59,0,5.57,0,0.05,12.48,8.32,1191.9,747.41,1191.9,64.4,37.14,76.15,28105299.0,193193204.0,7712025.0,11.57,13138029.0,116810347.0,16.4,19.48,0
131,신송홀딩스(주),999999999,-2970860,0,-11.02,-2.58,-18.37,0,0,-1098.55,0,-10.51,-9.08,0,4.03,0,0.01,10.18,15.01,6631.18,2009.11,6631.18,106.42,7.36,3915.75,80206990.0,205261964.0,163341580.0,0.94,35917708.0,39367104.0,13.96,0.0,0
132,쌍용정보통신(주),17.03,2902178,2.35,4.04,-7.39,-15.11,0,0,14.61,11.27,51.27,23.41,88.73,10.11,45.53,1.6,77.25,78.07,188.18,107.63,178.83,53.82,32.69,118.97,34655959.0,78742928.0,123316260.0,42.95,28990892.0,55722488.0,11.99,5.43,1
133,아이큐어(주),-10.02,-8769416,17.33,108.34,157.51,-15.02,0,0,-32.75,34.38,-19.14,-11.14,65.62,3.89,8.32,0.34,0.95,42.5,456.7,2759.92,429.74,64.14,42.95,9.51,36308685.0,121001406.0,33320492.0,-4.7,14870594.0,66359644.0,-5.56,3.51,0
134,애머릿지코퍼레이션,0.69,-5143652,24.4,22.9,9.61,-30.13,0,0,-46.13,25.81,-19.17,-13.77,74.19,7.46,10.51,0.3,46.01,39.03,203.36,23541.92,202.3,59.66,29.01,2.56,32671642.0,92686599.0,27003367.0,-1.47,32671642.0,31683330.0,-1.53,10.27,0
135,에디슨이노(주),-3.94,-4911920,34.82,-3.59,-40.47,28.33,0,0,-94.1,33.05,-29.31,-18.91,66.95,1.68,1.78,0.2,1.06,79.09,148.47,1135.97,92.42,119.98,10.77,27.73,35661532.0,74861219.0,31685938.0,-9.58,18248060.0,36637533.0,-20.66,6.68,0
136,에스비더블유생명과학(주),0.42,-3247416,38.97,6.49,7.77,88.19,0,0,-13.07,-0.77,-17.21,-9.27,100.77,3.95,14.33,0.71,2.42,93.37,107.59,406.95,99.33,97.26,3.51,21.94,50610791.0,79356725.0,61102246.0,-35.27,48820321.0,39352365.0,-24.76,13.7,0
137,에이치엘비(주),0.13,-29315170,15.62,120.15,497.91,18.6,0,0,153.62,19.49,33.55,24.2,80.51,6,7.58,0.16,3.06,29.59,982.85,937.77,952.51,75.69,37.36,136.47,94517243.0,304040778.0,36185983.0,-7.8,20917581.0,117127033.0,-15.56,34.36,0
138,에이치엘비테라퓨틱스(주),1.44,-3057482,8.37,62.7,33.29,202.83,0,0,2.52,12.02,1.74,1.29,87.98,5.78,15.4,0.51,4.84,31.85,158.78,655.05,141.07,85.87,12.91,62.46,26225512.0,107657274.0,46357029.0,-4.04,23685877.0,38843642.0,-2.35,6.66,0
139,에이치엠엠(주),-3.56,-558656000,50.79,13.92,14.23,2.58,0,0,-15.94,-8.99,-80.94,-22.08,108.99,14.42,43.43,1.39,3.68,264.63,131.15,67.5,119.6,231.0,8.71,25.55,3081769000.0,4121440000.0,5222124000.0,-12.8,1105603000.0,1747647000.0,-7.14,8.68,0
140,에이프로젠제약(주),-0.13,-825585,17.99,30.86,30.51,0.33,0,0,-33.27,13.6,-8.85,-5.53,86.4,2,3.63,0.17,1.83,42.59,137.42,274.63,123.67,86.86,10.64,32.98,66551162.0,217062048.0,45395389.0,-2.57,62042788.0,87286944.0,-5.24,16.52,0
141,우리바이오(주),0.43,-12293585,10.56,-12.23,-44.16,-49.42,0,0,-34.46,14.95,-10.19,-7.95,85.05,2.75,18.73,0.23,0.59,25.41,100.41,434.95,89.7,102.43,0.07,21.49,484832622.0,605176594.0,1279626989.0,-11.2,443396245.0,391750226.0,-9.2,12.69,0
142,우리엔터프라이즈(주),0.83,-11855233,9.4,-10.62,-11.67,-7.56,0,-12.57,-67.07,27.69,-19.26,-13.91,72.31,5.63,5.95,0.21,0.44,38.74,86.99,695.01,49.3,125.92,-1.38,8.45,517614310.0,676603114.0,1302291027.0,-1.37,455136011.0,402082746.0,-1.74,4.4,0
143,우리이앤엘(주),3.83,4562750,10.74,3.12,16.28,-3.83,0,14034.72,0.16,15.83,0.3,0.16,84.17,1.68,49.08,0.98,86.83,92.99,163.86,287.65,161.16,47.62,29.36,10.87,66752236.0,122849281.0,142862234.0,4.45,63682413.0,105209197.0,2.23,5.86,1
144,웰바이오텍(주),0.1,-8450977,22.33,36.31,77.14,-10,0,0,-49.18,11.2,-29.59,-16.78,88.8,1.16,20.04,0.34,5.28,33.15,246.16,396.03,240.79,52.5,35.97,63.7,34755553.0,111157697.0,73932352.0,-10.7,34198398.0,71625375.0,-9.01,9.07,0
145,유엔젤(주),13.62,3011903,6.13,-0.97,1.57,8.44,0,0,4.68,43.2,3.73,2.97,56.8,3.89,0,0.64,3.42,24.21,328.26,599.54,328.26,45.61,44.0,186.38,10200149.0,51154130.0,33517791.0,6.74,10084328.0,33073008.0,2.06,3.79,1
146,이엠코리아(주),2.27,-1343759,27.76,-6.27,-25.17,14.92,93.94,-14.86,2.25,10.8,2.65,1.37,89.2,7.45,4.73,0.61,1.21,72.64,87.48,506.65,51.78,124.2,-4.02,5.28,94879161.0,181940514.0,107484472.0,17.78,65704501.0,48590444.0,11.86,3.26,0
147,이원컴포텍(주),4.33,601722,37.26,-7.19,24.38,17.03,0,0,-6.6,7.77,-33.57,-9.51,92.23,7.73,13.51,1.44,2.92,286.28,86.27,103.86,65.08,209.96,-7.27,0.05,24242756.0,32773847.0,44049192.0,1.37,18183999.0,14230951.0,0.68,2.71,1
148,인화정공(주),-0.81,-2025353,43.38,16.03,-46.21,7.2,-22.35,0,3.75,2.13,1.39,0.81,97.87,12.47,5.49,0.21,0.56,84.75,37.3,2605.8,27.64,153.6,-28.34,0.85,164061531.0,306138145.0,99817007.0,6.51,151037071.0,106839646.0,14.96,3.04,0
149,일동홀딩스(주),9.14,18897,7.21,1.26,1.94,18.29,411.96,50.99,19.25,0,1.91,1.59,0,23.69,0,0.08,3.3,20.64,159.69,1651.45,159.69,102.55,5.61,145.1,100522263.0,265468274.0,47050031.0,12.16,81670940.0,54890858.0,25.4,3.11,1
150,재영솔루텍(주),-0.92,3114461,39.18,10.21,21.16,7.8,0,0,-5.79,9.52,-27.59,-4.99,90.48,4.65,9.08,0.86,1.76,326.11,68.31,103.44,56.34,242.56,-19.99,23.62,118596865.0,160924266.0,128598548.0,0.17,96121054.0,65916501.0,0.16,5.82,1
151,전방(주),-0.93,-8715315,51.95,-11.62,1.54,-14.12,0,0,-14.8,-1.73,-15.91,-5.63,101.73,7.27,3.67,0.38,0.48,188.88,31.54,1513.02,9.5,238.69,-37.71,0.19,239026018.0,364005282.0,149325046.0,-4.87,202727819.0,63996336.0,-7.86,4.54,0
152,지나인제약(주),3.22,4360837,24.85,1.57,-3.63,-5.09,0,0,10.05,15.82,29.25,11.99,84.18,10.13,9.12,1.19,3.74,114.25,112.57,208.77,82.1,128.9,4.45,25.43,42866537.0,75066308.0,77858950.0,16.79,30781978.0,25318770.0,7.57,9.01,1
153,진원생명과학(주),-10.28,-11259050,22.92,-1.13,4.28,30.55,0,0,-48.69,7.91,-39.73,-28.6,92.09,4.5,11.07,0.59,84.83,62.55,172.49,141.87,157.19,59.61,26.62,25.15,19885704.0,49295861.0,34292568.0,-35.98,18812465.0,38183342.0,-23.44,23.03,0
154,참존글로벌(주),-2.03,-5385061,53.99,54.77,-2.87,-57.11,0,0,-268.39,30.68,-58.59,-32.5,69.32,1.79,2,0.12,0.79,124.95,71.15,444.01,57.77,136.68,-15.91,14.82,24164938.0,44183494.0,4861421.0,-14.45,23974579.0,14684434.0,-80.52,10.73,0
155,컨버즈(주),-4.68,-14698069,32.55,-0.41,0.11,17.13,0,0,-22.29,-5.12,-243.02,-29.29,105.12,4.8,5.76,1.31,12.21,1763.19,67.8,50.08,43.42,739.88,-28.63,2.49,66181354.0,67466710.0,89102572.0,-10.56,62280428.0,41999205.0,-7.59,13.85,0
156,케이알모터스(주),-1.77,-16257023,38.44,23.37,363.58,27.55,0,0,-59.32,-8.29,-26.96,-11.5,108.29,62.29,3.79,0.19,0.54,125.88,53.73,73.53,42.89,169.21,-21.6,27.74,85006462.0,154901067.0,36563363.0,-8.35,70633781.0,86949763.0,-26.51,8.21,0
157,코나아이(주),-22.81,-31867160,28.01,-19.89,-16.83,-4.18,0,0,-57.73,19.43,-44.09,-29.77,80.57,5.79,2.8,0.52,7.7,62.95,171.09,1155.42,119.13,55.33,27.44,13.17,58154471.0,153651968.0,89944015.0,8.4,58047811.0,109024854.0,5.6,3.23,0
158,코드네이처(주),-1.15,-1961003,31.55,1.69,371.58,152.59,0,0,-313.71,16.2,-120.63,-38.42,83.8,3.23,20.62,0.12,3271.51,209.74,77.17,48.71,74.48,204.82,-10.02,0.42,31650544.0,36027791.0,19629440.0,-11.93,22221842.0,10609492.0,-66.52,9.04,0
159,코아스템(주),999999999,-4020568,0,-7.68,-13.51,6.45,0,0,-138.99,10.25,-7.49,-7.06,89.75,1.11,6.57,0.05,0.88,5.87,2975.52,651.59,2929.45,43.47,56.96,39.55,11466453.0,89263401.0,22316891.0,-180.59,6711965.0,49733769.0,-189.34,0.0,0
160,크리스탈지노믹스(주),1.41,1756371,14.99,114.95,385.46,63.56,0,0,49.73,79.11,5,3.67,20.89,2.81,28.74,0.07,0.6,39.35,1602.9,883.07,1598.58,49.03,60.77,333.5,72452650.0,256919699.0,13887491.0,0.33,10258104.0,166757824.0,1.71,4.33,1
161,키네마스터(주),999999999,-3123903,0,-23.13,-19.77,20.9,0,0,-28.88,0,-27.41,-23.76,0,7.07,0,0.82,30.56,6.83,1586.7,340.02,1586.7,8.79,85.99,780.81,1656366.0,14016800.0,12796770.0,-118.67,902068.0,12357569.0,-8.01,0.0,0
162,페이퍼코리아(주),-0.56,2178440,79.34,-3.09,-2.56,-20.28,0,0,-29.75,3.79,-105.66,-12.33,96.21,7.75,1.06,0.41,1.35,1267.98,71.13,91.35,15.22,657.24,-21.09,2.3,560562144.0,588414093.0,412274754.0,-8.28,421816273.0,337697980.0,-18.24,6.69,1
163,한국정보공학(주),-0.75,-1600248,13.82,-37.16,-52.31,14.22,0,0,-6.16,3.74,-21.78,-12.58,96.26,5.54,17.37,2.04,41.57,51.9,152.75,1017.29,129.53,79.55,16.45,9.14,23876148.0,63305210.0,176139687.0,2.81,20860103.0,36468867.0,0.36,4.66,0
