,구분,총자본증가율2002,유동자산증가율2002,매출액증가율2002,순이익증가율2002,영업이익증가율2002,매출액순이익률2002,매출액총이익률2002,자기자본순이익률2002,총자본순이익률2002,매출원가 대 매출액비율2002,매출채권회전률2002,재고자산회전률2002,총자본회전률2002,유형자산회전율2002,부채비율2002,유동비율2002,자기자본배율2002,당좌비율2002,비유동비율2002,순운전자본비율2002,현금비율2002,부채/자산2002,부채/매출액2002,부채/현금흐름2002,유동부채/부채2002,유동자산/자산2002,매출/현금흐름2002,차입금평균이자율2002,정상기업여부
0,(주)대명소노시즌,-34.05,-45.05,-19.98,0.0,0.0,21.85,-21.51,0.0,12.43,121.51,2.35,3.19,0.57,4.19,139.56,162.06,140.51,159.16,98.09,22.62,23.72,0.5825707631687786,0.8143919219722714,-16.89,0.6255086659462145,0.5905629052321372,-13.76,6.22,1
1,(주)대유플러스,-41.2,-37.79,-15.22,0.0,0.0,40.31,-5.33,0.0,45.84,105.33,7.6,13.03,1.14,1.69,80.51,198.46,408.48,150.45,121.21,16.3,28.86,0.4460286684805846,0.2904688432948083,15.01,0.37116335114477444,0.328556406764674,4.36,2.24,1
2,(주)대호특수강,16.66,80.75,-8.91,0.0,0.0,7.16,12.36,15.7,7.71,87.64,5.0,12.54,1.08,2.13,14.07,1292.46,122.26,985.21,54.79,47.95,370.32,0.12336410485777899,0.12327131060793009,-337.85,0.32594613793295785,0.5196969210176738,-41.65,5.7,1
3,(주)동양,-45.4,-21.66,-58.97,0.0,-90.24,-5.83,11.17,-17.23,-2.15,88.83,4.19,13.94,0.37,1.04,821.94,52.56,66.84,50.03,643.95,-27.21,0.25,0.8915331343672653,1.7091386119056022,0.76,0.6434661943768336,0.3015287103906224,1.29,9.29,1
4,(주)바른손이앤에이,-35.25,-46.56,20.17,0.0,0.0,-205.06,24.83,-224.48,-47.16,75.17,3.72,17.4,0.23,10.93,251.72,113.59,52.7,102.66,261.98,3.05,3.26,0.7156799461766423,2.4459204886497172,-31.7,0.31382599848067766,0.2551320593259405,-77.53,6.96,1
5,(주)상지카일룸,18.27,43.14,12.68,0.0,0.0,-45.86,-4.6,-173.33,-30.2,104.6,5.12,14.42,0.66,3.28,228.38,95.0,72.53,86.26,185.16,-2.3,2.04,0.6954718091675913,1.1446670885352235,-15.38,0.6601348258567709,0.4361393175841749,-17.61,9.89,1
6,(주)세우글로벌,2.58,-3.75,9.3,0.0,0.0,-22.14,13.27,-71.57,-23.04,86.73,3.66,4.71,1.04,4.88,67.18,165.83,67.05,111.85,57.27,26.1,24.89,0.4018433344872067,0.39119143297954884,5.58,0.9866263515841208,0.6574558788967468,2.18,3.67,1
7,(주)수산중공업,-20.33,-21.07,15.17,0.0,0.0,82.84,22.18,0.0,78.8,77.82,3.85,4.76,0.95,7.67,1634.1,364.31,23.47,261.12,348.95,57.95,27.11,0.9423330653906985,0.8785157418075684,14.67,0.2326737504815515,0.7987711455850605,12.89,6.83,0
8,(주)쎌마테라퓨틱스,-29.6,-85.42,1981.43,0.0,0.0,17525.05,37.19,0.0,2357.53,62.81,71.39,0.0,0.13,1.75,564.72,5.49,1.93,5.49,640.43,-62.94,1.77,0.8495616894517096,5.218367403128996,-101.76,0.7838160431406471,0.036542314735910485,-531.02,0.03,1
9,(주)한창,-51.57,-81.92,-11.98,0.0,0.0,-4.0,10.01,-44.09,-3.19,89.99,10.55,218.0,0.8,1.68,1271.41,37.71,8.45,36.65,1141.22,-27.73,0.57,0.9270824509347521,0.7586339045155063,-9.57,0.4801304236114968,0.1678509184410266,-7.26,8.83,1
10,(주)휴니드테크놀러지스,-19.15,-2.95,15.76,0.0,0.0,59.41,8.7,0.0,40.16,91.3,8.16,3.88,0.68,1.96,97.42,285.32,151.97,253.44,89.05,35.66,105.08,0.49346569164287385,0.6526681090137428,-21.3,0.38990018492159106,0.5489529639348831,-13.9,3.43,1
11,LS일렉트릭(주),-23.08,-42.55,5.49,0.0,47.12,0.48,29.0,2.96,0.38,71.0,4.98,20.64,0.78,1.69,495.73,61.6,24.61,51.66,440.03,-16.29,4.75,0.8321388150229251,0.9300771698238689,13.1,0.5098765740949133,0.26136583798457447,12.19,8.59,1
12,아남전자(주),-31.29,-40.22,-1.0,0.0,0.0,16.58,9.34,0.0,22.74,90.66,5.0,8.16,1.37,6.9,54.69,268.52,219.46,188.94,53.53,41.04,34.25,0.35356007885828733,0.2099496542790539,46.31,0.6888145807131741,0.6539377090930664,9.72,2.89,1
13,에이치엘비(주),-8.72,4.92,-68.28,0.0,0.0,-49.29,-75.54,0.0,-9.34,175.54,2.77,3.96,0.19,0.22,81.64,38.14,51.09,30.39,153.99,-24.68,0.46,0.44945841543200443,2.2640120009222975,-58.94,0.8878005715971156,0.15220040692212558,-133.45,2.9,1
14,지더블유바이텍(주),-78.88,-73.33,-53.53,0.0,0.0,-832.89,-19.99,0.0,-112.86,119.99,2.72,0.74,0.14,1.68,0.0,17.45,0.0,6.39,0.0,-234.15,0.07,2.8464861771227987,7.32500144224453,-22.02,0.9964424173137014,0.4948499423438447,-161.29,11.31,0
15,케이알모터스(주),2.65,17.03,-8.31,0.0,-69.1,73.24,13.8,0.0,65.76,86.2,3.9,8.27,0.9,2.22,1383.32,116.07,130.16,94.03,779.49,6.57,17.28,0.9325834760884468,1.0523432849560226,7.16,0.43833799566675025,0.47449485819632026,7.53,7.85,1
16,케이지케미칼(주),-3.79,-2.26,2.07,0.0,-62.66,-6.61,19.18,0.0,-7.24,80.82,4.22,6.15,1.09,3.16,0.0,463.71,0.0,308.88,0.0,45.3,13.71,1.0591806473330232,0.9489173947637333,0.73,0.1175849853740888,0.5775184308832031,0.7,11.63,0
17,코스모신소재(주),-9.69,12.21,-0.59,0.0,1.91,4.49,23.0,58.66,3.76,77.0,10.91,14.57,0.84,1.16,1033.96,106.27,37.89,79.3,858.01,1.44,37.81,0.911813158585302,1.0320591387638582,12.27,0.2511407963388875,0.2433473756866917,12.66,10.7,1
18,(주)NH무역,30.26,31.25,60.75,1047.0,32621.01,1.83,9.91,18.11,3.97,90.09,7.3,13.3,2.17,602.2,180.62,155.0,111.09,114.78,6.35,34.68,13.43,0.6436445764506729,0.3349828103904121,-14.5,0.9797055787036085,0.977379126697637,-4.86,3.64,1
19,(주)건양페인트,28.15,95.27,-1.25,-17.45,-17.27,4.31,18.7,0.0,8.96,81.3,8.32,15.66,2.08,3.74,0.0,51.75,0.0,43.19,0.0,-48.34,4.09,1.0056442257535305,0.5427132065547677,2.51,0.9960842074747115,0.5183556812493207,1.36,18.35,1
20,(주)경방상사,-70.15,-78.63,-10.11,0.0,0.0,-70.87,-16.69,0.0,-88.71,116.69,3.02,5.09,1.25,24.69,0.0,14.75,0.0,12.92,0.0,-314.92,0.39,3.709790249052839,1.3624950931144282,-9.05,0.9957509690117373,0.5448396172527623,-12.33,10.64,0
21,(주)경인방송,-3.87,28.09,35.12,0.0,0.0,0.28,0.0,0.0,0.54,0.0,4.6,183.3,1.91,3.9,0.0,81.78,0.0,80.54,0.0,-12.38,0.67,1.352073770183706,0.6953043207380685,-5.16,0.5026732934866064,0.5558367407612512,-3.59,3.51,1
22,(주)고려제지,-8.51,-20.11,-0.42,561.74,-23.78,15.39,22.74,189.23,8.67,77.26,6.4,11.28,0.56,0.78,971.98,166.77,66.74,127.55,813.69,9.65,26.12,0.9067144452483941,1.5388452375156048,7.95,0.15934076926932222,0.24094495372158037,12.24,7.46,0
23,(주)글로리아,-3.01,-20.74,2.7,0.0,12.99,3.26,26.68,4.93,0.76,73.32,299.82,18.45,0.23,0.24,524.33,4.55,80.64,2.16,612.37,-40.16,1.35,0.8398276836631398,3.553311383413626,1.82,0.5010188389414545,0.01915394752340786,6.47,4.78,0
24,(주)금복,2.56,74.19,3.97,1.58,-3.34,1.82,80.04,0.0,0.23,19.96,0.0,0.0,0.13,0.13,0.0,1.97,0.0,1.97,0.0,-90.81,0.41,1.0708579601962973,8.569405632870433,0.01,0.8649943729741936,0.018219786714334035,0.05,3.57,0
25,(주)금자탑,27.32,53.21,-5.05,230.43,-60.14,4.02,22.88,19.52,1.16,77.12,31.6,7.56,0.29,0.33,1628.76,16.07,16.2,12.35,1520.34,-62.98,0.14,0.9421549251289459,3.6580504480929026,5.89,0.7964621921817627,0.12055549120346955,21.53,6.37,0
26,(주)기린산업,3.14,3.74,17.72,330.96,-12.62,1.87,20.32,0.0,3.42,79.68,4.39,9.6,1.83,6.42,0.0,126.56,0.0,88.41,0.0,14.05,4.98,1.1827502649774913,0.6581123779580599,3.39,0.447241424901233,0.6694745470743725,2.23,10.44,0
27,(주)길훈종합건설,-2.85,-9.88,42.29,0.0,0.0,-7.18,14.72,0.0,-7.95,85.28,3.16,2.62,1.11,709.21,0.0,236.91,0.0,180.78,0.0,50.5,8.08,2.406804007768109,2.1426113738709245,7.32,0.1532722912750723,0.8739432535475361,15.68,9.25,0
28,(주)넥소어,187.51,238.69,1987.76,0.0,0.0,14.04,56.47,179.26,46.28,43.53,7.04,10.79,3.3,26.95,131.78,151.22,140.37,99.48,39.1,28.16,0.8,0.5685518094953167,0.2560386660664774,2.79,0.9669168423086127,0.8313166355538525,0.71,3.29,1
29,(주)대농,-13.56,-11.91,-26.33,0.0,0.0,-17.37,5.28,0.0,-11.52,94.72,4.53,2.71,0.66,1.57,0.0,52.17,0.0,26.18,0.0,-47.52,3.18,2.248990071422284,3.1450520112547142,-3.43,0.4417331332682709,0.5182532422688984,-10.79,7.88,0
30,(주)대동,-5.78,-6.47,20.27,0.0,303.54,-3.8,12.68,0.0,-3.21,87.32,7.32,3.46,0.84,3.22,0.0,73.43,0.0,48.97,0.0,-21.02,26.74,1.71137301554207,1.9697461618609262,13.11,0.462197121377399,0.5808092286004654,25.83,12.37,0
31,(주)대동주택,-26.84,-35.3,-36.47,0.0,0.0,-16.44,15.72,0.0,-9.25,84.28,12.68,1.76,0.56,2.78,0.0,79.85,0.0,27.73,0.0,-14.55,7.56,1.7278467753012645,2.5936430564984887,13.89,0.4181192849250145,0.5768964810372212,36.04,11.15,0
33,(주)대흥정공,-19.83,-37.68,-10.12,0.0,0.0,-33.4,-10.59,0.0,-29.44,110.59,6.18,6.2,0.88,1.38,0.0,62.99,0.0,37.11,0.0,-16.48,2.81,1.6919288586119685,1.7084170740986613,1.42,0.2632610945960293,0.2805812166214305,2.43,10.07,0
34,(주)동방생활산업,-9.62,-43.71,-8.96,0.0,71.71,-1.22,10.0,0.0,-1.48,90.0,13.99,15.52,1.21,1.9,0.0,39.34,0.0,23.42,0.0,-31.08,0.71,1.1277044926282611,0.8825095323023106,-2.19,0.4543705307778056,0.20158801597740597,-1.93,9.31,0
35,(주)동성종합건설,-22.29,-26.97,-41.42,0.0,0.0,-377.21,23.45,0.0,-36.77,76.55,0.36,0.44,0.1,1.39,0.0,39.66,0.0,27.21,0.0,-91.53,0.16,2.8737187833801103,25.78402607626166,2.33,0.5278761367020496,0.6016568959233753,60.08,19.26,0
36,(주)동영콜드프라자,-5.53,32.97,36.71,0.0,302.03,13.39,55.81,16.57,2.18,44.19,3.49,0.0,0.16,0.19,628.26,118.01,126.12,118.01,656.94,1.49,16.78,0.8626872363285693,5.141429898972963,5.77,0.09619837869696347,0.09793401509461,29.68,4.74,0
37,(주)마주코통상,-8.47,-58.88,-45.8,0.0,0.0,-1.34,7.12,0.0,-0.62,92.88,8.21,20.57,0.46,3.57,0.0,163.52,0.0,142.46,0.0,5.5,2.75,1.1763571251997935,2.4239833353251115,-1.98,0.07356703774958964,0.14151208351265832,-4.79,0.48,0
38,(주)미라보건설,-70.92,-73.88,710.78,0.0,0.0,15.77,23.98,0.0,30.82,76.02,11.11,2.72,1.95,36.55,0.0,51.18,0.0,31.32,0.0,-80.87,0.32,1.9787630617195562,0.456121485928241,55.3,0.8371260247585276,0.8477549411750098,25.22,18.88,0
39,(주)보성인터내셔날,-78.15,-91.09,-82.85,0.0,0.0,-767.57,-120.32,0.0,-119.3,220.32,0.34,1.28,0.16,5.88,0.0,14.6,0.0,14.6,0.0,-181.67,9.7,12.486672272314056,28.80763753338099,0.48,0.17036248390881664,0.31051640855938206,13.84,11.84,0
40,(주)부영건설,56.42,61.33,166.04,262.96,287.78,8.51,14.79,89.66,19.15,85.21,0.0,3.61,2.25,2860.13,294.32,140.14,752.68,79.53,7.17,28.12,5.48,0.7464000829386174,0.4045250397869246,16.47,0.9386534305909301,0.9818103442205318,6.66,11.37,1
41,(주)부흥산업사,-0.75,10.32,3.92,-8.8,-52.03,2.36,25.48,0.0,3.32,74.52,6.44,12.62,1.41,2.6,0.0,64.57,0.0,49.7,0.0,-25.58,7.28,1.2968499170795953,0.9180670925028932,8.1,0.5566687134074828,0.4661052666337796,7.43,4.87,0
42,(주)뻬띠앙뜨,-6.03,-17.58,-7.26,70.36,30.35,2.24,36.53,34.32,1.71,63.47,2.67,5.58,0.76,1.48,2070.84,51.79,683.58,35.24,1229.15,-40.38,3.21,0.9539349246803447,1.208974989326551,1.97,0.8780649627245742,0.4337897303263874,2.38,2.61,0
43,(주)산호종합건설,-1.79,-80.73,1140.51,0.0,5903.64,43.95,61.68,178.09,21.97,38.32,0.0,0.99,0.5,1.28,324.82,33.27,92.27,29.46,342.74,-38.75,28.38,0.7646066610635878,1.5153735262528127,80.78,0.7594215179145704,0.1932076593248213,122.41,2.32,1
44,(주)삼명금속,-2.57,-3.1,-13.63,-88.78,-66.14,1.65,21.78,0.0,2.05,78.22,5.78,15.66,1.24,1.91,0.0,40.29,0.0,29.76,0.0,-51.4,2.27,1.2140008950476178,0.9682543690579389,7.94,0.7091182031451149,0.3468364520484141,7.69,5.49,0
45,(주)서광,-42.41,-49.44,-19.26,0.0,0.0,318.46,26.25,0.0,175.93,73.75,2.12,6.78,0.55,1.55,0.0,87.54,0.0,70.32,0.0,-7.91,17.97,1.6294557499113396,2.155815136833256,0.51,0.38986745975047066,0.556122753872423,1.1,20.7,1
46,(주)서륭,-28.76,-63.97,-3.71,0.0,0.0,-88.95,7.99,0.0,-69.5,92.01,13.38,4.02,0.78,1.08,0.0,218.44,0.0,97.65,0.0,9.23,5.54,2.973534771199316,3.166956994514353,-3.96,0.02620612425062045,0.1702219172833511,-12.53,20.52,1
47,(주)성림스포렉스,0.0,0.0,0.0,0.0,0.0,21.81,42.19,0.0,12.11,57.81,0.0,0.0,0.56,0.57,0.0,2.43,0.0,2.43,0.0,-79.53,0.16,1.222182790518208,4.403849649615145,0.67,0.666918852085282,0.01984144868817457,2.93,3.05,0
48,(주)성우이컴,-61.96,81.34,-80.07,0.0,0.0,-243.85,-10.11,0.0,-78.86,110.11,5.8,8.44,0.32,0.68,393.28,110.87,9.13,110.87,69.72,8.42,1.99,0.7972749729403714,1.358711784606602,-53.76,0.97138226422821,0.8586516707390016,-73.04,14.19,1
49,(주)세림엘.엔.디,-11.18,-13.28,392.89,2307.56,2920.96,9.11,11.78,0.0,3.94,88.22,196.59,0.6,0.43,10.12,4750.17,102.22,292.97,24.75,290.53,2.04,1.18,0.9793821765453767,2.1283271814515654,-11.42,0.9390465498568382,0.9400980777674325,-24.31,0.57,1
50,(주)세모,-23.62,-27.09,-0.19,0.0,15.26,2.68,32.97,0.0,2.92,67.03,13.89,5.04,1.09,1.96,0.0,31.97,0.0,12.52,0.0,-71.3,0.39,2.681581941084475,2.1312828500066052,8.44,0.3908126790980498,0.3350045441790749,17.99,13.11,0
51,(주)세중아이앤디,-3.14,-4.45,-6.2,0.0,0.0,13.23,41.35,0.0,12.88,58.65,5.0,2.7,0.97,2.64,0.0,149.37,0.0,53.74,0.0,18.71,2.32,1.1080166670565037,1.1197311664654823,6.53,0.34209332840613965,0.5661895400974457,7.31,2.96,1
52,(주)세진푸드시스템,82.95,100.05,193.01,0.0,0.0,2.64,18.24,0.0,2.03,81.76,104.62,0.98,0.77,7.7,0.0,171.9,0.0,9.71,0.0,36.67,2.99,1.0358925661160876,1.7454996286294127,-23.65,0.49238448244181815,0.8767654427515711,-41.29,2.14,0
53,(주)센트로,-2.23,-30.11,11.93,88.65,58.65,7.27,40.29,59.69,3.55,59.71,40.3,266.43,0.49,0.52,1180.58,14.37,612.41,13.74,1219.61,-28.37,4.84,0.9219102355029843,1.8675052887434358,8.78,0.3594092932753299,0.0476091198001204,16.39,3.72,0
54,(주)송촌,-20.76,-34.55,-7.49,0.0,-57.46,4.86,19.8,0.0,6.65,80.2,6.34,17.71,1.37,3.42,0.0,16.6,0.0,14.75,0.0,-185.77,0.66,2.634050096308911,1.7008134362185285,1.17,0.8456698708886558,0.3698522248039777,1.99,9.7,0
55,(주)수산정밀,-15.96,-21.62,79.78,0.0,0.0,-39.79,2.14,0.0,-42.39,97.86,3.12,4.32,1.07,3.1,0.0,116.96,0.0,76.19,0.0,9.07,13.54,3.1783691822817324,2.72473304789719,2.19,0.16828451850323228,0.6255807387691195,5.96,14.32,0
56,(주)시티관광호텔,-4.28,-38.47,-12.4,0.0,0.0,-94.85,-12.74,0.0,-12.29,112.74,39.51,539.77,0.13,0.13,0.0,0.84,0.0,0.82,0.0,-178.58,0.02,1.8008428573971087,13.590566464555065,-5.38,1.0,0.015043665033970019,-73.15,10.76,0
57,(주)신혼프라자,-2.06,-10.56,-18.73,-44.65,-26.04,20.71,0.0,39.98,1.84,0.0,0.0,0.0,0.09,0.12,1739.26,7.29,179.42,7.29,1714.72,-86.11,4.97,0.9456303630356369,10.538934013295282,3.89,0.9821611252035848,0.06771098121209593,40.96,2.75,0
58,(주)쓰리더블류투어,-29.56,-80.36,-41.9,0.0,0.0,-18.36,11.28,0.0,-81.78,88.72,2322.72,0.0,4.45,44.38,0.0,1.36,0.0,1.36,0.0,-700.06,0.12,7.3227253589510415,1.3588237392749614,-7.11,0.9692196755759589,0.09676731113849478,-9.67,4.61,0
59,(주)씨앤앰경기케이블티브이,66.67,39.42,46.95,0.0,0.0,-64.67,8.49,0.0,-17.87,91.51,7.88,21.01,0.28,0.62,0.0,8.08,0.0,6.5,0.0,-65.28,1.0,1.1086080232294133,5.015101542337637,-2.79,0.6405594525277669,0.05735176133839904,-14.0,6.14,0
60,(주)아리수인터넷,-44.49,-65.72,-30.22,0.0,0.0,108.38,30.4,2157.37,49.92,69.6,4.48,19.08,0.46,3.6,161.49,43.59,32.02,37.51,200.74,-30.07,1.45,0.6175719558454705,0.957140940425486,-34.81,0.8630613263919584,0.23231743034742403,-33.32,0.48,1
61,(주)아성,-12.19,17.11,18.03,0.0,0.0,0.68,23.2,0.0,1.14,76.8,9.3,9.63,1.68,3.32,0.0,112.55,0.0,68.82,0.0,5.18,1.42,1.4730846377600433,0.8188420547990121,5.87,0.2803864519501818,0.464872684954546,4.8,18.0,0
62,(주)에스켐텍,6.1,24.82,3.6,0.0,0.0,-4.19,7.87,0.0,-4.19,92.13,6.43,5.53,1.0,2.83,0.0,44.0,0.0,24.98,0.0,-50.45,1.27,1.1348480480428407,1.1675195296684127,-6.82,0.7937188521461884,0.39629477395381807,-7.96,4.37,0
63,(주)에이치에이코리아,15.52,29.38,7.1,0.0,26.71,5.23,24.32,1141.43,5.7,75.68,3.17,13.3,1.09,2.65,3098.15,95.39,32.58,83.31,1231.85,-2.97,25.72,0.9687319925204709,0.9520966079046272,12.34,0.6653223068303212,0.6148249201855714,11.75,11.16,1
64,가야산업주식회사,-4.83,-91.86,-47.0,0.0,0.0,2.4,96.08,10.98,0.24,3.92,52.36,0.0,0.1,0.1,4217.0,1.19,11.07,1.19,4305.95,-21.19,0.31,0.9768357766569478,9.718334872487036,4.52,0.21951292363028677,0.00256055464280115,43.93,1.75,0
65,구본그래픽스주식회사,-2.2,5.69,-75.5,0.0,0.0,-52.14,9.85,0.0,-12.08,90.15,2.28,5.04,0.23,0.53,0.0,53.29,0.0,49.64,0.0,-49.54,0.14,1.2232751951614038,5.219464874824574,-8.52,0.8669835733211806,0.5651804496102489,-44.48,10.28,0
66,금성직물공업주식회사,-39.64,-77.66,-30.01,0.0,-67.22,-27.31,18.09,0.0,-3.94,81.91,7.94,7.73,0.14,0.15,0.0,2.2,0.0,2.2,0.0,-87.8,0.0,1.0399070029258146,5.427160611295628,3.17,0.86326249517411,0.019721806416129622,17.2,2.8,0
67,나노광학주식회사,31.2,374.62,104.79,0.0,0.0,26.69,35.54,135.02,15.6,64.46,14.39,10.82,0.58,0.95,486.31,65.06,53.54,55.4,314.56,-24.9,27.3,0.8294411633153307,1.6099859186280583,1.99,0.8589536184687565,0.46349442916697914,3.21,8.92,1
68,남유산업주식회사,-38.76,-48.83,3.93,0.0,0.0,-773.08,42.5,0.0,-19.98,57.5,5.17,210.57,0.03,0.09,0.0,27.44,0.0,27.43,0.0,-167.02,0.14,2.3027917725178138,67.68355771184973,-4.69,0.9994952264396442,0.631455194125335,-317.34,9.44,0
69,넥센알미늄(주),2.72,21.06,-3.23,-68.07,1.81,0.9,14.65,0.0,0.95,85.35,6.55,9.5,1.05,1.53,0.0,25.46,0.0,18.18,0.0,-97.26,3.61,1.510436284211478,1.4545151997809493,2.1,0.8638940534487153,0.33222166357879485,3.05,5.78,0
70,넥스트디앤드에스주식회사,-64.04,-86.98,-47.85,0.0,0.0,-9.54,27.24,0.0,-9.64,72.76,5.91,0.0,1.01,5.17,0.0,8.22,0.0,8.22,0.0,-200.37,0.34,2.1831458025960733,1.1423346974100106,-68.0,1.0,0.17949073228864806,-77.67,10.14,1
72,대경염직(주),0.0,0.0,0.0,0.0,0.0,14.83,34.48,0.0,21.45,65.52,9.36,29.26,1.45,1.84,0.0,35.49,0.0,27.29,0.0,-38.92,0.14,1.2794846196075653,1.7691716973775118,4.81,0.4714794543747683,0.2140961842695568,8.51,25.06,0
74,대방건설주식회사,48.07,795.17,1214.71,86.98,379.11,8.53,25.72,60.72,5.92,74.28,7.45,6.15,0.69,1.19,775.95,129.1,151.32,88.17,359.63,13.29,15.88,0.8858382096638401,1.5235157813996476,-28.25,0.5154111644670964,0.5894416615990623,-43.04,0.07,1
76,대성쎌틱에너시스(주),-25.97,-30.29,-0.19,0.0,0.0,-12.35,22.9,0.0,-16.39,77.1,2.69,8.67,1.33,4.57,0.0,64.77,0.0,50.19,0.0,-36.03,0.35,1.068832640145315,0.6853668214696209,3.01,0.9570575105525639,0.6625874227391193,2.06,9.17,1
77,대성청정에너지(주),34.01,50.93,20.86,0.0,-26.16,-1.47,22.17,-33.49,-0.56,77.83,5.41,12.64,0.39,0.48,8064.61,30.17,10.38,26.0,6562.12,-45.44,0.33,0.9877520155721149,2.9368703502223568,-2.61,0.6587084929944821,0.19627288288792377,-7.67,3.79,0
79,대일광업주식회사,-4.79,-3.58,-11.16,0.0,-94.86,-71.34,60.35,0.0,-34.84,39.65,7.31,2.11,0.49,0.82,0.0,34.74,0.0,12.69,0.0,-69.62,1.8,1.328463853848656,2.653244855834475,0.9,0.802968072799714,0.3705369399655616,2.39,6.74,0
80,대한건설(주),88.74,70.46,122.31,351.52,0.0,190.69,17.31,84.9,14.53,82.69,9.64,4.48,0.08,0.12,458.28,24.59,925.15,19.66,524.11,-18.77,0.4,0.8208797456217464,14.081968403559053,-26.02,0.30325635930226236,0.06120599623987529,-366.43,5.55,1
81,대한송유관공사,1.46,30.23,22.9,0.0,63.02,18.69,49.26,9.65,2.26,50.74,11.85,38.83,0.12,0.13,309.54,22.13,92.82,20.19,395.7,-11.9,11.89,0.7558245300783308,6.2845157678151,4.23,0.20212296733491608,0.03380853875613048,26.61,6.98,1
82,대홍방직(주),-5.27,-7.53,-5.16,0.0,0.0,0.61,6.93,0.0,0.65,93.07,7.95,20.63,1.07,1.4,14873.45,24.4,5.56,17.2,12116.45,-59.12,0.17,0.9933215103461552,0.9069068535323115,3.93,0.7872521221098404,0.19080381011343675,3.57,4.52,0
83,대화흥산(주),-2.55,52.97,15.59,0.0,-42.1,-2.36,49.7,-43.95,-0.33,50.3,3.89,0.0,0.14,0.14,16975.42,35.5,4.83,35.5,16318.09,-8.06,0.91,0.9941436302111544,7.1182496294520075,-5.25,0.12567450742763597,0.04435224652781508,-37.36,6.91,0
84,도레미농산주식회사,10.27,66.79,-51.55,0.0,259.78,30.91,58.15,0.0,10.95,41.85,2.56,13.16,0.35,0.52,0.0,95.6,0.0,95.6,0.0,-1.61,0.02,1.3467137489939334,3.986634562394079,3.62,0.27213443203794374,0.3503622476085041,14.45,7.51,0
85,동건해운주식회사,-30.48,-54.15,5.54,0.0,-54.09,13.45,12.65,674.49,7.61,87.35,11.65,67.17,0.57,0.69,2065.83,77.65,128.79,71.39,1890.11,-3.66,5.08,0.9538282983458959,1.3837280093580984,14.12,0.171880070501131,0.12730610426352437,19.54,7.25,0
86,동남갈포공업주식회사,-51.81,-65.99,-19.49,0.0,0.0,-131.41,20.97,0.0,-73.08,79.03,2.62,1.64,0.56,2.22,0.0,10.27,0.0,6.75,0.0,-449.26,0.0,5.011719533158039,5.861511606165843,-4.59,0.999039853479999,0.5143561529383615,-26.89,0.75,0
87,동부팜가야(주),-11.77,-17.37,4.6,0.0,-14.86,-8.87,30.88,0.0,-11.98,69.12,8.36,30.1,1.35,6.73,0.0,33.79,0.0,29.9,0.0,-75.42,0.28,1.158980019882252,0.8048421651535831,-4.13,0.9829414201270316,0.38498692058398043,-3.32,13.73,0
88,동신섬유주식회사,-10.44,-18.69,6.18,103.47,-43.86,2.68,22.79,0.0,2.36,77.21,12.59,6.55,0.88,1.16,0.0,52.1,0.0,23.83,0.0,-19.75,2.58,1.0626299912994537,1.137303931218801,20.48,0.38805640742574116,0.21483122000584645,23.29,9.81,0
89,동양수산주식회사,18.58,-1.71,18.18,0.0,0.0,5.18,7.08,0.0,10.23,92.92,1258.64,6.67,1.97,3.92,3927.15,54.05,137.42,18.74,2299.8,-36.46,1.19,0.9751685629039704,0.5360646777932251,8.14,0.8137486114486733,0.4289268784169133,4.37,5.21,1
90,동양제지공업주식회사,-7.4,-3.76,15.37,0.0,0.0,-15.69,1.13,-83.37,-9.5,98.87,3.66,3.42,0.61,0.97,1346.55,68.4,12.07,34.23,937.62,-16.25,0.31,0.9308699354133885,1.4777839594546691,1.82,0.5525692058019098,0.35182056009942064,2.69,4.29,0
91,동일산업주식회사,11.71,-4.21,-4.82,30.54,-27.75,5.74,16.25,51.98,7.95,83.75,10.69,10.66,1.38,2.45,447.82,69.38,271.08,49.14,331.22,-17.45,11.59,0.8174594070729913,0.6231894644761695,22.62,0.6971273788949515,0.3953915477422786,14.09,5.42,1
92,동일제강(주),-5.91,-3.11,-5.01,0.0,0.0,-20.71,8.31,0.0,-10.01,91.69,3.73,6.88,0.48,0.81,0.0,460.61,0.0,390.4,0.0,31.65,34.72,1.13453735874139,2.27620104172876,2.81,0.07736001668769024,0.40426929933879163,6.38,13.33,0
94,매일산업주식회사,-2.41,28.55,111.75,0.0,0.0,0.93,5.6,22.7,2.53,94.4,21.53,9.93,2.72,10.13,637.81,103.07,238.3,47.51,264.61,1.91,2.91,0.8644638437140427,0.3137617777444917,-6.52,0.7198052609026054,0.641357833060611,-2.04,8.77,1
95,모토로라코리아(주),-26.49,-27.85,-34.81,0.0,0.0,-0.88,5.67,0.0,-4.38,94.33,9.72,101.89,4.97,78.26,0.0,68.92,0.0,66.06,0.0,-30.56,4.77,1.8951112642171448,0.3231949512158114,9.59,0.5187389155383497,0.6774831825891031,3.1,3.44,0
96,무림파워텍주식회사,-0.04,18.01,11.39,179.18,41.14,8.13,21.55,28.85,4.94,78.45,9.83,71.85,0.61,0.67,409.79,50.39,102.85,44.29,458.34,-9.94,11.39,0.8038417431315694,1.3220914063758613,9.02,0.24915628821386804,0.10092762790097098,11.93,7.6,1
97,문창수산주식회사,0.0,0.0,0.0,0.0,0.0,11.5,19.93,0.0,36.26,80.07,0.0,0.0,3.15,4.25,0.0,17.27,0.0,17.27,0.0,-84.45,2.16,1.1030246360692526,0.6994047711919592,19.91,0.9254835088545877,0.1763379560822449,13.92,15.12,0
98,보영운수주식회사,0.0,0.0,0.0,0.0,0.0,-1.38,-7.65,0.0,-9.45,107.65,0.0,297.61,6.83,19.14,0.0,30.6,0.0,29.38,0.0,-129.83,3.26,2.5970922895011332,0.7604676952454917,-13.64,0.7203525873782805,0.5725634482352754,-10.37,31.4,1
100,부산물류터미널(주),-84.72,-0.7,-4.74,0.0,16.12,-700.18,0.0,0.0,-49.54,0.0,8.53,0.0,0.07,0.08,0.0,8.88,0.0,8.88,0.0,-403.92,0.41,4.4356671495796585,16.62264418147412,3.1,0.9993198199057896,0.39343718270057787,51.6,9.51,0
101,부평판지(주),-48.12,-45.07,-18.52,0.0,0.0,19.35,6.84,0.0,11.21,93.16,4.31,13.13,0.58,1.36,0.0,11.41,0.0,8.95,0.0,-160.91,0.11,1.9145454797564327,2.256868648177209,-9.27,0.9487379201637177,0.20733523943576107,-20.92,8.74,0
102,삼덕실업(주),-15.71,-19.18,-31.96,0.0,0.0,-3.59,7.67,0.0,-10.15,92.33,36.79,9.32,2.82,7.48,0.0,19.03,0.0,10.12,0.0,-212.38,0.16,2.7401371674666564,0.8874915115644878,-2.22,0.9572783543158266,0.49923397794251345,-1.97,7.0,0
103,삼도주택주식회사,23.88,147.04,-75.61,-70.25,-15.49,7.37,93.98,2.92,0.55,6.02,1.0,0.13,0.07,0.24,478.9,266.0,82.16,12.09,70.89,54.76,0.92,0.8272583521870507,12.284403141433904,-3.78,0.39879455519509144,0.8775448780766989,-46.4,6.45,0
104,삼목강업(주),1.1,23.73,24.56,133.82,35.93,5.97,15.74,0.0,14.69,84.26,11.09,10.27,2.46,5.08,903.93,62.98,90.26,39.4,449.49,-32.46,3.93,0.90039130658956,0.36770473861897857,15.42,0.9738981039029043,0.5522728826837174,5.67,6.86,0
105,서일석유(주),-8.49,-3.69,-14.44,-23.07,0.0,0.25,13.85,5.04,0.88,86.15,72.71,39.89,3.57,7.8,434.39,37.6,128.44,26.16,392.5,-44.06,3.14,0.8128689301093247,0.21749060209360277,6.08,0.8686284606249536,0.26551818231212854,1.32,5.74,1
106,서통상사(주),-65.79,-66.25,-23.76,0.0,-0.92,-111.42,14.11,0.0,-88.09,85.89,4.68,12.51,0.79,329.24,0.0,25.63,0.0,24.57,0.0,-283.37,0.05,3.817041707118143,2.4616187577017574,-0.87,0.998224986942657,0.9765797418537312,-2.14,9.4,0
107,설악산업(주),68.34,-70.91,-25.27,0.0,27.5,-24.69,15.76,0.0,-7.45,84.24,8.95,30.1,0.3,8.92,0.0,10.56,0.0,10.1,0.0,-125.28,0.79,1.4137205385611573,5.875693897292341,-0.51,0.9907502560012841,0.14786593274476284,-3.02,10.96,0
108,성도통상주식회사,-0.7,1.35,6.11,0.0,0.0,-74.31,0.23,0.0,-7.38,99.77,34.17,0.28,0.1,0.19,0.0,15.76,0.0,2.58,0.0,-224.3,0.05,2.7525201012475544,27.630855302423367,-3.09,0.9674058456405341,0.4197566639213673,-85.47,1.28,0
109,성일종합건설주식회사,-39.69,323.04,37.79,0.0,0.0,0.45,6.37,2.97,0.39,93.63,6.07,52.97,0.86,1.65,224.17,126.57,123.23,124.73,61.22,17.03,0.15,0.6915153733857208,0.6016326258895692,-13.76,0.92674218283207,0.8111381433181075,-8.28,1.31,1
110,성훈엔지니어링주식회사,-0.59,11.0,-17.36,126.38,163.62,10.24,15.44,107.08,14.78,84.56,5.79,20.12,1.44,2.7,370.36,61.27,443.33,49.75,248.56,-29.81,11.43,0.7873966182557554,0.5436280419781825,19.19,0.97740819287697,0.47154519939266215,10.43,0.38,1
111,세광주택주식회사,-25.89,-25.4,-30.33,0.0,0.0,-243.72,-60.51,0.0,-38.27,160.51,0.42,0.43,0.16,8.44,0.0,171.82,0.0,119.02,0.0,40.2,0.02,2.0299348369251744,11.006095461227938,0.87,0.2757623475025129,0.9618020666981766,9.6,8.13,0
112,세연산업주식회사,-59.29,-66.16,-54.74,0.0,0.0,-48.13,12.63,0.0,-83.78,87.37,2.87,24.93,1.74,11.67,0.0,39.71,0.0,33.51,0.0,-112.6,1.86,4.4668357058381485,1.484878132034546,1.28,0.4181005117042756,0.7416241678818488,1.91,14.19,0
113,센텀시티주식회사,5.38,-95.52,1098.59,-99.99,0.0,0.01,0.0,0.05,0.0,0.0,0.0,0.0,0.07,0.13,6538.88,4.42,113.79,4.42,6360.4,-90.64,1.5,0.9849372160299448,15.280533265081722,0.69,0.9628799652836129,0.04194655937949356,10.56,5.85,0
114,송촌건설주식회사,-0.78,-48.08,-87.97,0.0,0.0,1986.7,3.86,0.0,188.62,96.14,1.62,0.6,0.09,0.59,141.52,123.83,204.67,32.69,197.15,3.54,4.08,0.5859489211077766,6.147641767933676,32.02,0.25315982241029317,0.18369218675123028,196.82,5.97,1
115,슐럼버제코리아(주),-6.33,-16.71,-39.73,0.0,0.0,-27.59,31.93,0.0,-5.58,68.07,2.93,3.3,0.2,0.28,0.0,64.21,0.0,27.67,0.0,-12.4,6.89,1.2191056180552984,5.827387602829402,-9.4,0.28423244387662194,0.2225079407403396,-54.79,0.0,0
116,스카니아코리아(주),2.09,-5.14,53.87,0.0,0.0,0.53,10.57,8.8,0.9,89.43,3.34,6.59,1.71,19.11,839.02,101.13,88.08,56.97,160.85,0.92,2.03,0.8935064402480734,0.5275933729649311,-9.57,0.9171242353258701,0.8287042911839003,-5.05,8.3,1
117,시드코세화흥업(주),-26.19,-21.63,-65.1,0.0,0.0,-11.29,8.05,0.0,-2.4,91.95,7.23,0.25,0.21,10.63,0.0,86.48,0.0,6.12,0.0,-15.24,0.02,1.126765264322851,4.500894452847718,29.97,1.0001405139633448,0.9745374721577448,134.89,5.98,0
118,신공항하이웨이주식회사,-1.4,67.29,30.15,0.0,0.0,15.71,30.4,3.57,0.97,69.6,38.97,101.22,0.06,126.32,258.07,362.99,92.74,359.08,335.03,4.66,1.33,0.7207270976992274,11.558242537933692,1.27,0.024601065439627656,0.06436103267972199,14.7,6.91,0
119,신동양레미콘(주),64.73,198.4,135.12,0.0,273.73,3.99,14.82,0.0,5.36,85.18,4.54,157.81,1.34,2.75,0.0,55.89,0.0,54.64,0.0,-44.17,12.16,1.043284686757691,0.9655001148507316,1.29,0.959849378180142,0.5596869006743087,1.25,11.11,1
120,신세계음향공업주식회사,-4.77,-21.08,2.1,0.0,29.51,6.6,51.29,0.0,0.91,48.71,194.23,6.86,0.14,0.14,0.0,15.71,0.0,6.05,0.0,-17.99,0.24,1.6150539996189404,11.373834841791732,2.84,0.13213978564544585,0.033518431587286915,32.35,2.13,0
121,신신상사(주),31.78,87.47,30.22,0.0,0.0,0.2,35.01,29.21,0.21,64.99,7.17,4.39,1.04,2.97,158483.07,52.7,2.48,25.45,76029.81,-46.72,0.32,0.9993694156802697,1.0896484499664656,-9.56,0.9883572508948912,0.5205679562487657,-10.42,9.53,1
122,신젠타종묘주식회사,0.0,0.0,0.0,0.0,0.0,-46.03,63.57,0.0,-47.27,36.43,6.45,3.24,1.03,2.94,0.0,29.26,0.0,12.36,0.0,-132.68,2.39,1.9678558414955727,3.832286618376159,-2.09,0.9530586651009237,0.5487064301812611,-8.02,9.86,0
123,신해물산주식회사,0.28,15.08,14.92,0.0,0.0,-2.73,0.0,-0.85,-0.13,0.0,0.0,0.0,0.05,0.05,579.19,1059.82,143.64,1059.82,614.61,8.61,1012.27,0.852766779427694,18.444518961102304,1.17,0.010521074452558255,0.09508698982383193,21.58,0.0,0
124,신호유통주식회사,-9.78,-10.45,8.92,0.0,0.0,-42.48,9.03,0.0,-13.68,90.97,6.83,0.0,0.32,0.36,0.0,46.93,0.0,46.93,0.0,-7.3,4.21,1.5457948596495232,4.55414406074063,-4.54,0.0890290836646645,0.06457919586671841,-20.69,3.91,0
125,씨네플랜,-0.43,61.09,-4.31,-68.55,-52.91,3.13,38.0,449.76,1.95,62.0,4478.65,1110.45,0.62,0.86,6973.85,8.75,134.23,8.67,6537.91,-78.98,7.02,0.9858634205039747,1.5769018974798588,10.76,0.8779252113296537,0.07576354832326306,16.96,4.3,0
126,아성전자부품주식회사,-7.49,-13.29,17.27,0.0,0.0,-4.39,4.46,-154.12,-7.53,95.54,12.8,21.56,1.71,2.68,8472.14,30.28,11.17,21.36,6124.44,-65.76,0.8,0.9883343064668623,0.5539583916895173,3.03,0.9542468176427991,0.28554189144844055,1.68,7.01,1
127,애드라닷컴(주),-31.15,2.32,-15.92,0.0,0.0,-109.15,-4.65,0.0,-36.52,104.65,6.58,0.0,0.33,1.13,0.0,125.17,0.0,125.17,0.0,8.08,14.11,1.1953272834001158,2.9137415117134884,-5.35,0.2685655002653685,0.401821816219606,-15.58,11.8,0
128,앰코테크놀로지코리아(주),-28.04,-6.54,-8.1,0.0,0.0,-42.76,18.71,-178.09,-16.89,81.29,3.68,51.75,0.39,0.77,8378.46,301.65,10.97,288.83,6920.88,12.28,50.54,0.9882054037917174,2.094013879435211,16.25,0.06162755474826914,0.18370973191349807,34.03,6.56,0
129,에스엘미러텍,-1.2,64.47,21.69,0.0,0.0,-8.63,-4.27,0.0,-9.31,104.27,13.96,28.49,1.08,1.3,0.0,28.51,0.0,22.61,0.0,-46.97,3.72,1.2467706582226836,1.149835503560667,-8.36,0.5269966974968623,0.18734542568451823,-9.61,6.25,1
130,에이비씨통상(주),-4.02,-8.54,-21.92,0.0,-13.88,-5.49,29.68,-13.38,-1.65,70.32,1.76,7.63,0.3,0.6,751.53,43.87,79.97,38.64,579.43,-40.89,0.09,0.8825638407843656,2.878918521635516,11.33,0.8253696235477063,0.319536998689324,32.61,4.48,0
131,에이케이에스앤디주식회사,0.61,-14.38,61.86,0.0,74.17,44.81,0.0,48.57,4.73,0.0,0.0,0.77,0.11,0.14,701.58,66.82,65.59,22.05,653.0,-9.21,0.45,0.875246295040438,8.308687497301337,4.38,0.31695257253179293,0.18535712191025353,36.35,7.22,1
132,(주)엠에스에스글로벌,-5.86,-7.05,-6.56,0.0,1705.1,0.89,4.81,0.0,3.68,95.19,13.79,49.54,4.15,7.78,0.0,75.38,0.0,59.43,0.0,-14.05,7.81,1.7276317600135538,0.40376782049880766,6.0,0.3301577404494407,0.42993443904936435,2.42,12.65,1
133,(주)올림픽콜로세움,0.08,125.94,23.79,0.0,51.7,21.03,99.86,0.0,3.08,0.14,181.54,1481.1,0.15,0.15,0.0,3.74,0.0,3.74,0.0,-58.42,0.17,1.0033631882563272,6.854755054446996,3.04,0.6048316347725642,0.02269332909681509,20.85,4.52,0
134,(주)옵토웨이퍼테크,6.14,1.07,-18.04,0.0,0.0,-48.63,7.08,-56.54,-13.07,92.92,5.82,1.7,0.27,0.45,258.53,41.99,257.2,17.8,268.87,-34.55,0.03,0.7210825523362681,2.763745064554262,-5.32,0.8259843611851201,0.25006767917692707,-14.7,7.71,1
135,(주)용화미크론,18.43,11.14,47.0,0.0,0.0,5.67,17.98,62.18,6.08,82.02,9.19,3.07,1.07,2.64,586.46,80.41,104.67,30.31,330.39,-12.63,1.53,0.8543245645888431,0.8637034344606983,4.44,0.7550344764257796,0.5187051228469244,3.83,7.0,1
136,(주)원정,-0.85,30.41,-2.56,19.71,-2.59,16.48,47.28,29.82,5.36,52.72,0.0,0.0,0.33,0.34,381.68,2.6,85.07,2.6,472.07,-74.63,0.82,0.7923946670607652,2.4243302781140703,12.3,0.9670384424600204,0.019950626958982004,29.82,6.65,1
137,(주)이논,-3.34,-6.45,-64.21,0.0,0.0,-146.12,-6.54,0.0,-12.58,106.54,0.49,0.17,0.09,0.29,0.0,35.94,0.0,8.89,0.0,-118.61,0.41,1.8742696213404677,21.39393903259728,-0.92,0.9878473994235286,0.6653450881651561,-19.72,10.85,0
138,(주)일신레져,0.7,23.01,18.77,-32.83,10.66,6.25,38.19,25.78,1.76,61.81,238.89,57.3,0.28,0.3,1207.47,68.91,458.26,64.22,1216.26,-3.15,26.12,0.9235164353977114,3.2964458183328817,3.63,0.10961592596630207,0.06976306042990313,11.98,0.45,0
139,(주)장안에너지,33.3,-16.74,-2.44,0.0,-13.17,29.58,0.0,0.0,3.19,0.0,6.25,299.1,0.11,0.11,0.0,3.68,0.0,3.68,0.0,-112.34,1.81,1.3136599330804508,13.9148786474031,4.48,0.8878171727674282,0.04288772703060978,62.34,0.67,0
140,(주)제이에이치레전드호텔,24.53,-28.29,-1.7,0.0,-25.08,70.05,86.32,236.83,21.53,13.68,58.83,284.91,0.31,0.31,296.83,9.93,102.34,8.85,393.9,-6.69,0.85,0.7480001363048792,2.700117889905374,1.44,0.09923629790450374,0.007369915274578469,3.89,7.05,1
141,(주)중부농축산물류센터,-0.35,14.64,-33.68,0.0,0.0,-67.21,10.36,0.0,-60.05,89.64,19.88,30.03,0.89,1.09,0.0,20.99,0.0,18.13,0.0,-69.54,0.52,1.6130963701394403,1.8023751938305423,-10.25,0.5455991382084954,0.1847444455557191,-18.47,6.57,0
142,(주)중앙제공,-18.06,-17.17,-13.77,0.0,0.0,-14.6,0.08,0.0,-26.28,99.92,2.75,15.27,1.8,42.62,0.0,42.91,0.0,37.15,0.0,-117.3,1.82,2.0857314795988335,1.043582492240512,-13.33,0.9851457864961124,0.8817555307209848,-13.91,8.92,0
143,(주)캐슬렉스제주,-3.85,-38.79,33.85,0.0,169.61,-12.43,44.97,0.0,-2.15,55.03,85.03,86.18,0.17,0.19,0.0,3.49,0.0,3.32,0.0,-105.83,1.36,1.7155664531286214,9.70847953698707,0.3,0.6391430940663028,0.03823980597878134,2.94,5.57,0
144,(주)케이비아이텍,-5.82,4.52,10.88,-87.9,-10.25,4.49,37.03,0.0,3.43,62.97,16.42,0.0,0.76,0.9,0.0,11.23,0.0,11.23,0.0,-86.77,1.42,1.2268555114076316,1.559925524851964,17.96,0.7966713535878969,0.10974030954862807,28.02,11.13,0
145,(주)크로스텍,-60.13,-72.19,-58.14,0.0,0.0,-47.43,8.15,0.0,-48.35,91.85,2.36,8.79,1.02,3.42,0.0,21.84,0.0,9.84,0.0,-165.5,0.98,2.9805299024928056,1.6669283988708323,-6.19,0.710433901508952,0.4625106935737793,-10.32,11.11,0
146,(주)탑금속,-7.55,-7.03,-2.52,232.47,0.38,4.14,9.88,76.93,5.06,90.12,2.57,37.41,1.22,2.93,800.44,71.17,39.37,67.05,400.84,-22.47,0.03,0.8889431286172867,0.6981914749924648,10.36,0.8769630188972078,0.5548358080147855,7.23,7.05,1
147,(주)투마트,-73.85,-31.29,-24.78,0.0,0.0,-13.75,17.51,0.0,-30.52,82.49,25.39,28.62,2.22,3.96,0.0,46.41,0.0,31.72,0.0,-51.56,19.58,1.991895537163726,0.3718818819601075,-12.58,0.4830160954219853,0.44652502940010497,-4.68,4.45,0
148,(주)평화목화예식장,-1.8,-15.96,-5.88,60.12,-16.74,5.66,0.0,4.54,0.89,0.0,200.41,0.0,0.16,0.16,392.28,1.98,198.75,1.98,487.97,-43.27,1.28,0.7968634801274954,5.008052062204192,3.03,0.5540284078014189,0.008747747060568285,15.15,3.89,0
149,엘티삼보주식회사,18.94,30.8,22.93,-23.84,434.88,9.37,16.6,0.0,22.18,83.4,3.42,77.1,2.37,19.74,0.0,60.72,0.0,58.51,0.0,-51.42,0.58,1.9156478533455221,0.8791006168318461,1.17,0.6833304917541142,0.7948389907227406,1.03,7.99,0
150,엠에프씨주식회사,-87.36,-89.19,695.08,0.0,0.0,23.61,0.0,0.0,13.31,0.0,0.0,0.0,0.56,29.55,0.0,38.73,0.0,38.73,0.0,-113.71,26.61,1.884957535725064,0.7502239445290759,16.66,0.9845653751773835,0.7187311698519846,12.5,0.0,0
153,오성판지주식회사,-24.43,-24.43,-2.12,0.0,13844.11,-0.43,15.4,-4.77,-0.58,84.6,2.94,36.41,1.34,4.42,643.38,88.73,175.08,83.23,319.44,-7.25,9.77,0.8654787568820762,0.5543349778421088,4.44,0.7426413287590992,0.5702874865463775,2.46,4.28,1
154,오진상사주식회사,6.6,5.64,14.75,18.05,3.99,4.7,23.27,35.39,6.73,76.73,8.36,3.41,1.43,22.61,361.2,112.52,204.09,56.19,56.25,9.77,3.98,0.7831720538760183,0.5644135261600319,-3.43,0.9964069992820571,0.8780349880522654,-1.94,5.58,0
155,와이이엔주식회사,492.03,273.84,584.33,0.0,0.0,0.57,14.88,16.94,0.89,85.12,8.29,60.51,1.55,8.0,936.39,25.27,77.88,23.71,805.45,-65.9,1.72,0.9035114544543741,0.9955324244775222,4.62,0.9760014471949948,0.22283726644260896,4.6,1.46,1
156,우리자원주식회사,36.55,110.86,-33.46,0.0,0.0,0.13,4.08,6.91,0.49,95.92,87.1,13.03,3.7,7.54,1463.09,65.99,123.25,25.42,648.46,-30.16,11.82,0.9360242119483997,0.2920949031106457,9.74,0.947324306677091,0.5851422961713383,2.84,8.77,1
157,원덕제지주식회사,-26.43,-47.09,-17.86,0.0,0.0,-80.93,10.09,0.0,-96.75,89.91,5.62,20.38,1.2,2.6,0.0,152.55,0.0,131.36,0.0,14.42,43.26,2.7829979629598487,1.9734197173502548,3.7,0.09858994773307087,0.4185707985974402,7.31,5.8,0
158,원일종합건설주식회사,8.87,0.98,391.38,0.0,0.0,-6.25,16.51,-14.07,-1.55,83.49,5.84,0.58,0.25,1.06,914.97,89.71,174.03,17.48,348.35,-7.53,2.86,0.9014744793892252,3.779843254768172,9.95,0.8120876575178846,0.6567817489806017,37.61,1.3,1
159,유로써키트주식회사,-8.62,-12.61,11.23,0.0,0.0,-10.04,4.06,-107.66,-6.76,95.94,8.63,4.34,0.67,1.15,3195.85,49.86,16.62,23.71,2190.79,-33.72,0.24,0.9696588378930435,1.3762155229879989,-7.85,0.6935371157477933,0.33528672065632437,-10.8,5.41,0
160,유신전자공업(주),28.42,26.11,7089.42,0.0,0.0,-5.87,16.7,0.0,-2.91,83.3,469.69,0.68,0.5,48.62,0.0,136.17,0.0,54.7,0.0,25.98,46.75,1.1816024317041356,2.68195767488564,-6.16,0.6078421036724542,0.9780115916687786,-16.51,8.57,0
161,유원산업주식회사,-13.99,2.35,13.01,0.0,854.48,-64.13,19.89,0.0,-88.99,80.11,19.76,23.18,1.39,1.94,0.0,14.87,0.0,9.81,0.0,-125.05,1.25,3.8507746340719864,2.566140260650921,-7.04,0.38146944619948336,0.21844360665185192,-18.06,10.51,0
162,유유후마킬라주식회사,-8.87,-11.03,-8.99,0.0,0.0,-4.49,29.74,0.0,-3.21,70.26,4.3,1.63,0.72,2.53,0.0,31.05,0.0,13.04,0.0,-153.3,2.98,2.243252716385,2.986309282701371,-1.93,0.9911884949711682,0.6904661226191264,-5.75,3.32,0
163,이지디지탈주식회사,-35.17,-48.12,12.8,0.0,0.0,0.17,11.22,3.01,0.15,88.78,4.4,4.16,0.86,6.23,1493.2,225.07,54.39,131.94,561.48,35.99,4.42,0.9372334240085795,0.861763561746853,9.74,0.30699291800676537,0.6475799921094072,8.39,5.81,1
164,이화화섬주식회사,-14.15,8.26,-2.0,0.0,-90.25,52.53,6.69,0.0,157.76,93.31,458.72,37.16,3.0,5.57,0.0,14.84,0.0,14.39,0.0,-285.41,0.06,3.488478719767139,1.0731400340112962,28.46,0.9607486270825557,0.49740572177769693,30.54,6.2,0
165,인천공항에너지(주),-1.96,15.53,15.81,0.0,563.07,-17.98,13.99,-22.16,-4.38,86.01,11.59,158.66,0.24,43.66,463.61,274.7,59.36,271.16,496.79,7.54,1.06,0.8225716493211821,3.3447928663393003,-2.85,0.052463785694872776,0.1185463300928963,-9.52,9.96,0
166,인텍크산업주식회사,-20.05,-19.54,13.2,0.0,0.0,-20.96,46.72,0.0,-16.69,53.28,5.08,3.08,0.8,34.24,0.0,22.52,0.0,13.81,0.0,-302.87,0.29,3.9566683255965467,4.415622947490671,3.35,0.9879521372018062,0.8802629052602792,14.81,6.87,0
167,전일제지주식회사,0.0,0.0,0.0,0.0,0.0,-31.56,2.17,0.0,-117.5,97.83,16.2,43.47,3.72,7.04,0.0,12.76,0.0,10.19,0.0,-291.52,1.04,3.4520077405224514,1.854105492164945,-6.0,0.968002756820295,0.4263061375873709,-11.12,26.8,0
168,정일울산컨테이너터미널주식회사,-2.78,40.51,24.53,0.0,98.45,1.83,42.6,2.87,0.59,57.4,5.15,0.0,0.32,0.69,376.5,88.17,35.8,88.17,436.73,-1.12,4.21,0.7901342068764342,2.4387634267261937,2.34,0.1198028078036969,0.08346201991585474,5.7,8.22,0
170,주식회사강릉주택,20.54,30.11,59.2,0.0,0.0,523.8,31.62,0.0,11.02,68.38,47.37,0.04,0.02,0.08,1653.59,92.5,66.47,36.67,442.82,-6.06,0.02,0.9429740268346984,48.98393304865627,-6.23,0.856941644287348,0.747478302118821,-305.3,0.34,0
171,주식회사경북실업,-5.64,-6.01,9.04,0.0,2507.0,-11.6,12.86,0.0,-7.29,87.14,4.23,5.14,0.63,2.49,0.0,66.37,0.0,49.24,0.0,-25.87,2.32,1.2311593602145612,1.9021446025714943,1.41,0.6246740896068992,0.5104190885931082,2.68,9.83,0
172,주식회사고려식품,-25.31,-31.0,-36.99,0.0,0.0,-13.52,7.6,0.0,-11.22,92.4,3.04,3.11,0.83,2.73,0.0,51.94,0.0,36.11,0.0,-59.99,0.99,1.2704558471749605,1.3096631352818466,-8.47,0.9824701909221399,0.6482572287664683,-11.09,8.37,0
173,주식회사고려자동차,0.0,0.0,0.0,0.0,0.0,4.09,78.66,24.23,1.19,21.34,66.17,10.93,0.29,0.31,1934.53,5.68,91.46,2.61,1934.26,-81.87,0.19,0.9508485264274228,6.528271478213513,2.21,0.9128716519812584,0.04928034352710079,14.4,4.58,0
174,주식회사광주매일,-8.41,-69.62,-52.84,0.0,0.0,-1.18,92.77,0.0,-0.16,7.23,19.75,0.0,0.14,0.15,0.0,3.66,0.0,3.66,0.0,-50.54,1.71,1.7024916955926632,11.694210798221263,-10.5,0.3081444938867497,0.01920273066622666,-122.78,8.49,0
175,주식회사교하,0.0,0.0,0.0,0.0,0.0,1.69,24.86,27.07,2.28,75.14,9.06,4.23,1.35,2.82,1088.17,56.0,37.24,20.19,595.92,-39.16,1.22,0.915836730290979,1.3597595257979187,-6.37,0.9718875158467744,0.49845123740556957,-8.66,6.48,0
176,주식회사남북,-17.53,-28.65,-28.8,0.0,0.0,-52.27,-32.6,0.0,-18.57,132.6,467.47,20.72,0.36,0.49,0.0,12.89,0.0,10.6,0.0,-86.59,0.42,1.2479598717951763,3.1758529719367474,-9.76,0.7965755123336855,0.12814903031923866,-30.99,10.47,0
177,주식회사남선정공,7.4,26.02,5.25,0.0,278.78,17.29,27.7,0.0,14.95,72.3,11.46,2.41,0.86,1.57,0.0,63.74,0.0,11.26,0.0,-26.99,0.26,1.6136750308674983,1.9325224451044969,2.82,0.4613487114906388,0.4745412980244215,5.45,10.74,0
178,주식회사남전물산,7.95,14.0,11.73,0.0,47.43,0.95,22.48,5.9,0.33,77.52,19.92,10.98,0.35,0.38,1706.09,23.23,33.61,14.01,1661.04,-26.54,4.74,0.9446315517549292,2.839864025992894,-6.98,0.3659570831519019,0.08030777077943717,-19.81,6.34,0
179,주식회사대도공영,1.8,-46.99,63.8,0.0,0.0,-6.08,41.9,0.0,-2.34,58.1,50.48,36.25,0.39,0.4,0.0,2.24,0.0,1.77,0.0,-60.81,0.18,1.2639971064055002,3.308299226654609,1.85,0.49208939291023357,0.013942382959816745,6.12,4.63,0
180,주식회사대아고속해운,19.92,-3.09,6.96,86.67,1.1,31.26,42.36,0.0,14.02,57.64,21.72,550.98,0.45,0.67,0.0,80.58,0.0,80.33,0.0,-5.96,0.85,1.1168198130124272,2.716692147269268,10.42,0.2749230905552531,0.24741227450783948,28.31,6.25,0
181,주식회사동방관광호텔,-3.96,-20.1,4.11,-39.44,17.18,6.59,27.13,12.85,2.39,72.87,28.64,91.37,0.36,0.39,394.64,7.92,243.44,7.37,465.29,-68.98,1.7,0.7978321374173263,2.1554242440151117,7.55,0.9389162794022029,0.059328554541255005,16.27,4.46,1
182,주식회사동양SRP,15.08,188.88,-12.5,0.0,-59.48,-3.18,3.15,0.0,-14.28,96.85,103.53,16.28,4.48,7.64,0.0,53.78,0.0,12.62,0.0,-46.49,5.36,1.0079858131993968,0.2405629194549518,-0.56,0.997902175728854,0.5409461309784843,-0.13,9.22,1
183,주식회사동양레저,-29.49,-20.26,25.19,0.0,0.0,-74.07,60.9,0.0,-5.38,39.1,492.31,0.0,0.07,0.09,0.0,2.88,0.0,2.88,0.0,-39.8,1.49,1.718303299266736,19.563104956042267,-4.3,0.23845935069341515,0.011789018090988361,-84.15,7.28,1
184,주식회사동영,-47.92,-63.33,-75.67,0.0,0.0,-15.75,-3.0,0.0,-8.55,103.0,4.72,6.39,0.54,0.74,0.0,23.21,0.0,14.58,0.0,-57.62,0.3,2.661101982530896,3.3573166601515343,2.52,0.2819654546637925,0.1741871841340272,8.47,13.26,0
185,주식회사동원,-16.02,-43.72,-35.33,0.0,0.0,-66.9,4.37,0.0,-26.67,95.63,7.69,18.82,0.4,0.46,0.0,37.72,0.0,36.45,0.0,-15.9,15.03,2.630642124020512,6.023622033214281,-0.8,0.09706888492878643,0.09631782493327419,-4.85,26.17,0
186,주식회사동화면세점,9.03,23.73,-14.7,-91.35,-38.4,2.63,23.19,356.48,3.56,76.81,142.69,3.52,1.36,5.86,5883.25,66.59,13.21,27.21,2318.97,-30.72,6.42,0.9832866878345494,0.7558909416198473,1.96,0.9352871500553477,0.6124227437148801,1.48,11.92,1
188,주식회사디아이건설,9.32,8.4,428.81,0.0,0.0,9.29,19.06,277.89,8.18,80.94,41.85,0.95,0.88,406.86,1384.34,111.79,48.28,10.95,23.58,10.38,2.58,0.9326300030135174,1.1056503643588906,18.51,0.9438948720886782,0.9841160533954437,20.47,2.07,1
189,주식회사디피엘,-2.15,74.98,-4.83,-67.08,-46.75,8.28,0.0,23.24,3.08,0.0,9.91,0.0,0.37,0.41,568.35,11.11,80.45,11.11,607.63,-72.7,1.05,0.8503773523377345,2.261528076934745,17.33,0.9617720190466997,0.09085457933152957,39.2,5.17,0
190,주식회사매일신문사,-4.17,-25.17,8.52,0.0,0.0,8.84,36.4,0.0,10.95,63.6,5.7,220.04,1.24,1.99,0.0,60.64,0.0,59.56,0.0,-17.57,0.13,2.1206334928581176,1.6750288356027507,-3.38,0.21047856638331186,0.270666742156209,-5.65,14.86,0
191,주식회사맥.킴,1.28,-14.55,0.02,0.0,0.0,-16.51,56.0,0.0,-11.16,44.0,0.0,80.62,0.68,1.22,0.0,26.47,0.0,23.77,0.0,-19.76,17.54,1.098064787729403,1.6342844385404625,-2.89,0.2447152703532774,0.07112094896796144,-4.72,6.72,0
192,주식회사메트로프로덕트,2.41,1.77,16.3,0.0,259.62,-11.87,45.04,0.0,-14.94,54.96,2.19,3.74,1.26,26.06,0.0,102.25,0.0,65.64,0.0,2.02,0.36,3.1308466734831777,2.5168293976325242,0.48,0.28727342705140474,0.9196572078982809,1.21,10.43,0
193,주식회사명성건설,-75.98,-35.4,-69.19,0.0,0.0,-4280.43,0.0,0.0,-34.72,0.0,0.0,0.2,0.01,0.03,0.0,2.55,0.0,1.31,0.0,-842.19,0.22,8.742966578541035,417.51256724430317,0.86,0.9885091045876119,0.22059790358750855,360.0,13.56,0
194,주식회사바이오피드백,19.24,49.71,-10.09,0.0,-34.42,-2.87,90.3,-16.49,-1.11,9.7,64.41,89.81,0.39,0.43,1666.88,7.42,438.07,6.94,1651.91,-81.21,0.58,0.9434029238858688,2.6616310141423036,7.58,0.9298159812081649,0.06506490353776057,20.17,7.12,1
195,주식회사박달재엘피씨,-5.37,0.8,87.82,0.0,0.0,-65.63,-19.72,0.0,-11.78,119.72,79.86,0.0,0.18,0.18,0.0,0.62,0.0,0.62,0.0,-38.88,0.01,1.035468031077477,5.611501882764217,-2.42,0.3777953541053438,0.0024126872999439323,-13.58,3.37,0
196,주식회사벨루가,165.78,110.59,23.73,0.0,-90.31,-4.72,20.53,0.0,-1.65,79.47,48.69,20.66,0.35,0.39,0.0,13.69,0.0,9.58,0.0,-36.25,3.93,1.0001352327122952,4.162604352053635,-0.35,0.4199099625916709,0.057505868631676976,-1.46,3.61,0
197,주식회사비버리힐,-6.79,-66.83,-3.34,-10.82,-4.23,61.27,0.0,0.0,5.31,0.0,4.1,0.0,0.09,0.09,0.0,2.31,0.0,2.31,0.0,-115.19,0.21,1.2515343565399868,13.930900382892855,5.88,0.9421549202396223,0.027272770535254353,81.97,0.0,0
198,주식회사비전산업,7.91,16.98,165.18,0.0,0.0,-152.57,83.72,0.0,-12.15,16.28,3.44,0.17,0.08,0.18,0.0,45.35,0.0,9.66,0.0,-69.11,0.01,1.275257232159464,16.626960832331356,-8.89,0.9915561984602278,0.5734112971707129,-147.79,10.63,0
199,주식회사사이버타운,36.71,4571.39,1583.96,0.0,0.0,-3.66,80.61,0.0,-7.22,19.39,0.0,0.0,1.97,6.39,5.53,1300.1,7.62,1300.1,48.05,50.28,36.2,0.052415597068666074,0.03070790420647723,-2937.09,0.7992726538034145,0.5446689541237768,-90.19,0.0,1
200,주식회사삼보,-18.37,-15.05,48.44,0.0,0.0,-33.8,1.63,0.0,-6.23,98.37,2.02,0.3,0.18,4.95,0.0,1651.27,0.0,473.75,0.0,89.26,38.85,2.576500399477618,12.560760854420666,3.07,0.022331309212829536,0.9500873134807809,38.55,5.64,0
202,주식회사삼한종합건설,-13.47,-13.19,22987.45,0.0,0.0,6.78,17.01,44.54,6.0,82.99,69.11,1.07,0.89,1023.96,463.01,134.01,128.21,32.15,14.92,24.71,4.57,0.8223845952881865,0.8621256992257943,-11.43,0.8833250299653268,0.9735021067032952,-9.86,1.82,1
203,주식회사서봉테크,10.03,-25.72,37.13,0.0,-77.83,-2.14,6.39,0.0,-4.47,93.61,12.2,67.4,2.09,3.4,0.0,18.44,0.0,15.78,0.0,-127.0,2.08,2.0207428197660087,1.014625563376378,-1.22,0.7705796454050048,0.2871242025201428,-1.24,4.99,0
204,주식회사서울정밀,-9.59,-4.78,12.62,0.0,352.45,39.43,28.62,229.56,33.03,71.38,5.47,15.31,0.84,1.29,200.17,261.07,133.23,208.46,198.72,20.85,42.42,0.666851944437816,0.75592772905864,21.18,0.1941292026250899,0.33796923083957553,16.01,6.3,1
205,주식회사성보냉장,14.76,47.72,-9.78,0.0,121.78,21.46,44.83,41.6,9.24,55.17,2.84,0.0,0.43,0.59,298.31,104.84,245.44,104.84,293.62,1.21,1.86,0.7489368549154368,1.8592845673555636,15.27,0.33475156342897633,0.26283162132527926,28.39,2.58,1
206,주식회사성웅,-28.84,-30.31,10.13,0.0,0.0,-18.31,-1.69,0.0,-16.87,101.69,1.95,5.51,0.92,1641.2,0.0,137.42,0.0,134.2,0.0,25.94,0.54,3.037784374175236,2.7412041205122444,6.29,0.22818687067790921,0.9525833091365882,17.24,4.84,0
207,주식회사세계일보,178.44,1335.98,9.09,0.0,0.0,-126.55,8.45,0.0,-43.92,91.55,6.49,223.05,0.35,1.0,0.0,44.24,0.0,44.19,0.0,-79.2,41.42,1.6843267763885712,7.141341042638965,17.48,0.8432668568698483,0.628373419363834,124.83,10.96,0
208,주식회사세광쉽핑,7.72,59.47,-4.54,-38.9,-75.6,1.94,11.79,42.66,0.98,88.21,30.5,656.25,0.51,0.58,3618.85,26.11,117.92,25.84,3407.0,-23.74,2.91,0.9731100099902401,1.9934837791383302,12.56,0.33010139205930383,0.08385704730073257,25.04,0.29,0
209,주식회사송원산업,-1.76,-7.07,-0.38,0.0,0.0,-4.95,0.0,-45.08,-0.22,0.0,10.1,0.0,0.04,0.04,26697.94,748.11,24.04,748.11,26493.16,0.99,446.8,0.9962683702777043,22.710276090987588,1.73,0.0015259476149491757,0.011373180902308315,39.4,0.0,1
210,주식회사수암월드,0.0,0.0,0.0,0.0,0.0,-6.53,85.07,-197.54,-2.04,14.93,23.86,0.0,0.31,0.32,9563.82,3.11,3.32,3.11,9406.37,-82.97,0.13,0.9896522297484399,6.322509215297893,1.0,0.8652922060781988,0.026640691556157156,6.34,12.85,0
211,주식회사신라식품,22.46,22.87,3.31,-21.98,8.59,0.23,8.34,2.29,0.43,91.66,18.2,5.11,1.91,5.21,478.68,109.24,144.79,42.68,228.34,5.12,24.12,0.8271922524097342,0.4773691081731765,7.59,0.6700071671469814,0.6054083907164814,3.62,6.96,0
212,주식회사신성소재,14.92,7.46,25.35,0.0,0.0,-3.93,4.24,0.0,-4.83,95.76,5.03,7.54,1.23,2.71,0.0,102.97,0.0,62.53,0.0,1.44,6.78,1.7281061731600922,1.5026570641625783,5.67,0.2798311578552888,0.4979319138785569,8.52,0.96,0
213,주식회사신한건설,-6.06,-13.15,-73.88,0.0,0.0,-304.59,10.27,0.0,-8.3,89.73,0.07,0.37,0.03,0.07,0.0,91.41,0.0,79.37,0.0,-4.5,0.25,1.4537819508914083,51.66119827319651,4.42,0.36038723485448443,0.4789298045160952,228.19,10.74,1
214,주식회사신호기공,-10.57,-12.08,-93.75,0.0,0.0,-3303.72,-722.04,0.0,-24.74,822.04,0.11,0.3,0.01,0.01,0.0,15.28,0.0,13.21,0.0,-94.7,2.09,3.2480179842670904,409.48589070183283,-1.1,0.34414787232728766,0.17083458128660686,-448.6,7.76,0
215,주식회사씨앤해운,17.47,8.11,12.76,4.38,-37.63,0.53,4.44,6.49,0.95,95.56,9.17,32.62,1.79,3.59,614.69,103.94,237.64,86.77,443.76,1.44,4.28,0.8600786341994587,0.5198396686890058,-0.97,0.4240248585532449,0.37907896710228883,-0.5,7.91,0
216,주식회사씨프로,-0.11,3.19,3.59,0.0,0.0,-0.82,17.47,-32.49,-1.74,82.53,25.77,6.02,2.13,9.27,2122.62,87.37,16.52,43.33,550.31,-10.88,2.8,0.9550078398937203,0.4476443153939945,18.95,0.9017859809739384,0.752406003933626,8.49,6.91,1
217,주식회사아에라,3.89,103.56,-15.53,0.0,0.0,-11.47,47.85,0.0,-1.42,52.15,0.0,9.96,0.12,0.14,0.0,11.28,0.0,10.09,0.0,-91.22,4.7,1.3686050396120835,11.243355191086605,0.91,0.7513151494335398,0.11600433338334429,10.25,0.02,1
218,주식회사아이린냉장,-1.18,7.89,-15.74,0.0,-93.25,-28.8,0.0,-73.9,-7.01,0.0,5.71,0.0,0.24,0.26,1900.98,24.01,26.44,24.01,1898.69,-16.18,1.05,0.9500244790737,3.881081400107891,-0.95,0.22411969771713133,0.05111927290265106,-3.68,9.67,0
219,주식회사아이오시스템,-17.15,-23.21,-0.15,0.0,0.0,-34.74,64.2,0.0,-40.37,35.8,6.71,0.0,1.16,6.73,0.0,30.76,0.0,30.76,0.0,-79.99,0.3,1.2502787750100393,0.974787555966439,-17.47,0.9240067656144675,0.35536876720261557,-17.03,7.68,1
220,주식회사알리앙스,7.7,252.5,23.61,0.3,-10.88,5.52,66.42,12.72,1.3,33.58,63.81,106.26,0.23,0.26,856.5,14.26,678.54,14.02,836.14,-75.68,3.05,0.895452712288271,3.9516614499638494,5.43,0.9856611623692693,0.12584175802898523,21.48,2.44,0
221,주식회사영보두일,2.26,329.37,154.48,36.2,0.0,35.45,0.0,0.0,5.49,0.0,0.0,0.0,0.15,0.17,0.0,1011.82,0.0,1011.82,0.0,5.47,1002.99,1.0209462963723936,6.670377707753395,6.45,0.005878709803812243,0.060727943577776285,43.02,0.0,1
222,주식회사영창기업사,-18.76,-17.97,-22.71,-13.5,-82.37,7.0,12.83,0.0,5.66,87.17,10.66,100.45,0.81,1.4,0.0,52.51,0.0,51.0,0.0,-29.51,4.62,1.356336163998161,1.503372587547603,21.24,0.4580580763416609,0.32622928756569586,31.93,7.66,0
223,주식회사온바다,-37.17,-72.88,4.68,0.0,0.0,1.59,15.39,0.0,1.06,84.61,298.18,226.39,0.67,1.08,0.0,81.63,0.0,79.83,0.0,-4.57,10.82,1.0054640652836373,1.166758279713479,-20.51,0.24732769244480665,0.20300911800336688,-23.93,8.09,0
224,주식회사우일상사,-0.57,-69.54,-17.14,-18.77,-1.11,22.75,0.0,17.6,3.12,0.0,151.08,31.55,0.14,0.14,417.73,0.55,784.62,0.55,515.91,-63.02,0.25,0.8068484477388991,5.8739397958147395,9.32,0.7854496974869516,0.003514822830248844,54.73,0.31,1
225,주식회사우주,-1.26,-20.45,8.31,0.0,0.0,-58.0,88.09,0.0,-6.0,11.91,30.58,159.63,0.1,0.15,0.0,0.89,0.0,0.84,0.0,-121.51,0.16,1.8033165967860294,17.328281180516605,-0.42,0.6798335871358522,0.010900402679444442,-7.36,10.67,0
226,주식회사월다크,-22.26,-18.78,0.79,0.0,0.0,-0.23,43.11,0.0,-0.23,56.89,1.56,4.64,0.99,53.34,0.0,43.48,0.0,33.42,0.0,-125.45,0.05,2.2733058534922366,2.0002228892584997,-3.98,0.9763378090090261,0.9650540338865062,-7.97,9.32,1
227,주식회사인켈,-0.44,6.06,14.45,0.0,0.0,-9.87,8.76,0.0,-13.69,91.24,5.93,11.56,1.39,2.89,0.0,116.38,0.0,90.27,0.0,6.87,13.69,1.6369490644153517,1.1774369599028305,2.72,0.2560810049652922,0.48786342085987466,3.2,12.55,0
228,주식회사일신,-66.19,-13.98,-97.63,0.0,0.0,146220.11,0.0,0.0,348.75,0.0,0.1,0.1,0.0,0.0,0.0,1.58,0.0,0.15,0.0,-683.53,0.01,13.648723703237232,2891.648913376186,0.13,0.5088321265855666,0.10956252321783216,379.61,13.66,0
229,주식회사전주코아호텔,-1.97,18.47,-5.9,0.0,0.0,-32.83,38.05,0.0,-9.05,61.95,25.73,18.48,0.28,0.28,0.0,2.07,0.0,1.04,0.0,-137.94,0.02,1.544541005998092,5.547987022672852,-3.47,0.9119714337147938,0.02918601601586474,-19.25,7.26,0
230,주식회사정일스톨트헤븐울산,24.56,7.77,22.76,10.96,23.78,21.97,55.87,33.67,8.0,44.13,6.37,0.0,0.36,0.42,316.67,12.6,1181.71,12.6,389.04,-46.01,0.56,0.7600028420522436,2.3165668054366733,14.26,0.6925965374211335,0.06631539596660108,33.04,5.79,1
232,주식회사조창,-58.08,3.86,-95.8,0.0,0.0,-5807.22,0.0,0.0,-60.72,0.0,0.11,0.12,0.01,0.01,0.0,7.63,0.0,4.24,0.0,-416.85,0.0,4.553516208432014,257.2517612112928,-3.9,0.991039068974645,0.34424411057188986,-1003.94,27.08,0
233,주식회사주영이십일,-2.47,8.66,3.53,-63.97,-10.85,7.3,54.99,0.0,4.32,45.01,30.06,78.27,0.59,0.7,0.0,13.59,0.0,12.55,0.0,-63.58,2.9,1.1059439428522615,1.8440593236939031,12.81,0.665309463389974,0.10001718244904108,23.62,4.76,1
234,주식회사중외신약,10.19,9.44,16.81,0.0,46.03,1.6,26.35,0.0,2.28,73.65,3.05,4.1,1.42,17.27,0.0,53.2,0.0,30.79,0.0,-76.13,0.71,1.7409491736246379,1.2823195168291779,2.47,0.9343529155292384,0.8653875024785429,3.16,7.52,0
235,주식회사중원미디어,1.55,184.72,2.27,123.9,15.1,9.26,70.91,54.1,2.26,29.09,65.53,74.39,0.24,0.25,1656.19,121.84,182.11,112.48,1679.49,0.78,17.72,0.9430587029851837,3.899208543938905,5.95,0.038011680933354726,0.04367653936306636,23.2,1.47,0
236,주식회사지에이에셋,0.0,0.0,0.0,0.0,0.0,9.27,9.95,0.0,32.0,90.05,102.04,63.73,3.45,18.97,0.0,45.41,0.0,40.71,0.0,-62.89,5.77,2.175220133578591,1.2601790186794766,-16.62,0.5295724456683016,0.5230863336626733,-20.94,38.42,0
237,주식회사진넥스,49.75,48.76,-56.56,-20.13,-22.84,5.69,17.78,24.0,3.53,82.22,7.63,0.79,0.62,76.0,628.43,113.64,303.07,25.32,17.24,11.72,0.18,0.8627190108350344,1.6673140407963885,-33.74,0.9958919298846196,0.9763299189486272,-56.25,6.84,1
238,주식회사진로종합유통,-42.72,-56.88,0.86,0.0,0.0,143.36,63.56,0.0,12.09,36.44,37.95,240.33,0.08,0.1,0.0,1.5,0.0,1.49,0.0,-622.46,0.83,6.349832944218199,54.85118187300107,1.01,0.9951923096543518,0.09469695704760393,55.24,2.56,0
239,주식회사진천여객터미널,-5.16,613.12,17.21,0.0,0.0,199.16,0.0,113.78,9.64,0.0,48.02,0.0,0.05,0.05,222.37,11.81,523.49,11.81,300.2,-51.34,0.2,0.6898021007738181,13.871123159264004,-13.64,0.8439211086797289,0.06877848190712821,-189.22,8.96,1
240,주식회사천하제일,8.28,18.0,-11.69,0.0,0.0,2.68,11.39,60.24,4.5,88.61,4.95,9.75,1.68,6.45,969.51,70.34,72.71,51.83,392.04,-26.71,9.4,0.9064994488812079,0.5616500386963696,-21.06,0.993375233726121,0.6334374229662422,-11.83,5.47,0
241,주식회사초원주택,-8.92,-18.34,121.5,0.0,0.0,-57.76,5.5,0.0,-5.86,94.5,0.0,519.08,0.1,0.1,0.0,3.0,0.0,3.0,0.0,-37.9,0.63,1.2604943459695437,11.84817837585569,5.43,0.30996137922960804,0.011739519323530198,64.36,6.01,0
242,주식회사컴마을,-60.45,-1.84,-41.01,0.0,0.0,-98.21,8.05,0.0,-119.92,91.95,8.86,24.91,1.22,99.47,0.0,22.77,0.0,21.23,0.0,-231.47,2.06,5.466718421360209,2.5379017224909446,0.67,0.5482715665315061,0.6825064071816928,1.71,14.64,0
243,주식회사코코스,-11.79,-16.63,-13.75,0.0,0.0,-52.38,46.65,0.0,-17.39,53.35,56.07,17.48,0.33,0.53,0.0,21.13,0.0,16.81,0.0,-26.34,3.41,2.1014072493577762,5.932617789221665,-1.85,0.15891564854717016,0.07057777633650927,-10.96,3.23,0
244,주식회사콜롬버스,-1.0,1.78,18.69,0.0,66.89,-9.75,31.64,0.0,-37.0,68.36,8.86,48.52,3.8,9.87,0.0,13.06,0.0,11.24,0.0,-372.14,0.14,4.349289568665709,1.1402632665917078,-7.62,0.984211541709067,0.5592227306015898,-8.69,9.76,0
245,주식회사태전방적,-9.81,-19.95,-16.43,0.0,0.0,-2.64,4.98,0.0,-1.17,95.02,2.9,6.31,0.44,0.69,0.0,139.45,0.0,103.71,0.0,8.88,13.94,1.1811756141501406,2.529434313314909,3.75,0.19064309881671704,0.3140071972597553,9.48,5.44,0
246,주식회사태평주택,-8.11,-6.15,129.93,0.0,240.67,10.93,8.78,0.0,20.37,91.22,23.79,3.62,1.86,2873.09,0.0,151.43,0.0,94.79,0.0,33.64,0.56,1.1647528898220556,0.5984374345365105,10.16,0.5616075840793845,0.9905626283261538,6.08,16.59,1
247,주식회사태화,-88.8,24.21,-12.93,0.0,0.0,-63.79,86.68,0.0,-2.67,13.32,2.04,0.0,0.04,0.06,0.0,1.29,0.0,1.29,0.0,-3119.08,0.03,31.747443366016146,152.7527749531455,0.12,0.9953472439064623,0.4089708626381513,18.11,0.0,0
248,주식회사파라다이스호텔도고,-15.27,-63.64,11.72,0.0,0.0,-33.65,27.69,0.0,-14.48,72.31,104.73,22.65,0.43,0.56,0.0,3.81,0.0,2.86,0.0,-228.17,2.08,2.429678336602865,5.180886162728259,-4.13,0.9763324394691456,0.09044555219138677,-21.42,6.96,0
249,주식회사페밀리어드벤쳐,-2.0,126.19,211.95,0.0,0.0,1215.28,99.82,0.0,42.03,0.18,82.47,5715.34,0.03,0.03,226.18,0.29,187.47,0.29,325.87,-33.09,0.05,0.6934189878589896,19.847004595969278,-4.6,0.4785678781749056,0.0009476415763977518,-91.23,5.11,1
250,주식회사포천사,0.0,0.0,0.0,0.0,0.0,12.51,7.25,0.0,11.81,92.75,11.29,0.0,0.94,1.13,0.0,27.89,0.0,27.89,0.0,-37.12,0.67,1.4081385483819684,2.9815246750901045,6.77,0.36559634473803665,0.14360189499953083,20.18,14.28,0
251,주식회사한국공영,-17.8,-18.12,-93.38,0.0,0.0,-2528.12,0.51,0.0,-16.61,99.49,0.12,0.01,0.01,0.06,0.0,116.56,0.0,42.19,0.0,12.07,5.81,2.0188711864150424,277.28424916976763,1.24,0.3609935034885271,0.8494614511429368,343.66,12.53,0
252,주식회사한국일보사,-20.44,-21.49,-2.33,0.0,0.0,-6.11,42.8,0.0,-3.88,57.2,4.27,106.07,0.64,1.5,0.0,124.08,0.0,122.99,0.0,7.78,2.51,1.2773614171268124,1.7796759331495167,10.98,0.2530054038101976,0.4009953503174299,19.54,9.81,0
253,주식회사한국폴라,-7.41,-6.63,-5.61,0.0,0.0,-7.34,56.2,0.0,-6.85,43.8,3.05,2.69,0.93,3.76,0.0,618.29,0.0,341.61,0.0,59.42,59.47,1.0301456641480593,1.0617056590018965,-7.72,0.11128547089644583,0.7088067639571071,-8.2,3.12,0
254,주식회사한도,-3.19,-15.04,7.19,38.7,24.31,10.45,38.46,18.13,4.06,61.54,26.09,129.48,0.39,0.42,303.07,22.83,311.23,21.97,372.41,-25.71,7.31,0.751902651502248,1.904553940664522,8.95,0.44305689620795374,0.07605520119370134,17.05,2.85,1
255,주식회사한도주택,-7.94,22.01,16.93,0.0,0.0,-535.14,-27.31,0.0,-12.43,127.31,0.4,1.74,0.02,0.03,0.0,29.99,0.0,27.04,0.0,-29.81,0.9,2.0034120769326877,82.71196667163363,0.09,0.2125593275960323,0.12771002883234334,7.36,9.66,0
256,주식회사한유통,22.08,3.08,18.19,0.0,41.81,-22.4,28.22,0.0,-52.95,71.78,858.91,42.56,2.36,8.42,0.0,3.45,0.0,2.48,0.0,-637.88,0.18,6.7440795569274385,3.136621392688458,-5.84,0.9796270063961189,0.2278467681531044,-18.31,9.89,0
257,주식회사호반레미콘,11.8,15.99,11.49,0.0,0.0,-243.26,2.4,0.0,-97.79,97.6,6.98,17.36,0.4,0.67,0.0,3.22,0.0,2.93,0.0,-803.81,0.02,8.307451866647419,21.81710861032556,-5.35,0.999741834145778,0.267205401749726,-116.67,4.32,0
258,주식회사호텔덕구온천,22.13,-16.6,37.78,98.75,46.47,5.29,25.04,36.72,6.61,74.96,23.44,25.41,1.25,1.77,415.8,25.9,397.15,17.28,423.51,-51.2,1.54,0.8061261028218031,0.7083637910708623,3.96,0.8570495758672095,0.17893059433452438,2.8,1.82,1
259,주식회사화랑산업,37.07,50.22,25.26,0.0,-3.86,-3.73,37.74,0.0,-1.12,62.26,4.02,0.0,0.3,0.84,0.0,136.04,0.0,136.04,0.0,16.12,16.52,1.3332338298747421,5.151752640021896,9.77,0.3354860859128261,0.6084884136577823,50.33,8.88,0
260,주식회사효성통상,-7.37,13.69,-22.14,0.0,0.0,0.06,7.74,0.0,0.13,92.26,15.37,5.64,2.14,5.66,0.0,353.67,0.0,165.73,0.0,49.31,25.49,1.122184461499762,0.5043839851306756,8.91,0.1732319495683413,0.6875326683864758,4.5,11.08,1
261,중후산업주식회사,10.16,387.06,8.08,-24.35,-5.09,4.98,35.74,0.0,1.7,64.26,43.08,424.49,0.34,0.44,0.0,9.99,0.0,9.91,0.0,-90.58,3.0,1.034027732673827,3.1717809776557924,6.14,0.9731421010642203,0.10049935345536565,19.48,6.21,0
262,진원관광주식회사,-15.95,28.67,-15.55,0.0,0.0,17.34,17.51,0.0,2.33,82.49,37.81,81.04,0.13,0.14,0.0,3.16,0.0,2.99,0.0,-97.52,0.96,1.4748712712451844,10.037392375711892,-0.64,0.6828107773656088,0.03185648172377442,-6.46,2.06,0
263,청학산업주식회사,0.31,26.91,153.12,0.0,0.0,17.5,49.56,0.0,8.27,50.44,27.55,3.5,0.47,0.66,0.0,38.95,0.0,21.25,0.0,-44.72,4.66,1.556229168930388,3.297056230862021,0.83,0.47074847771019995,0.2853465537445888,2.73,0.0,1
264,케이비메탈주식회사,-13.15,-13.85,16.04,0.0,0.0,-37.71,11.27,0.0,-25.05,88.73,25.41,32.92,0.66,0.77,0.0,11.24,0.0,8.47,0.0,-63.7,0.74,2.327284790607167,3.2568067206563986,0.09,0.3083626976317423,0.08063711026167705,0.3,6.93,0
265,케이에스테크놀로지,41.68,90.17,28.54,0.0,0.0,-0.49,2.64,-18.18,-1.36,97.36,19.43,11.9,2.75,5.66,928.06,60.36,50.08,32.99,522.19,-32.32,0.22,0.9027291445791631,0.38496570166106076,-2.04,0.903119346551145,0.4920618457400279,-0.78,6.95,1
266,케이지에너지(주),9.36,25.71,116.21,0.0,0.0,-25.76,-5.98,-66.98,-7.55,105.98,6.18,66.69,0.29,0.32,978.18,95.01,42.69,88.82,997.43,-0.39,19.29,0.9072514939388526,3.233159428783079,-3.34,0.08688998860158101,0.07489638894492778,-10.79,6.6,1
267,타임레미콘(주),-27.71,-3.47,172.58,0.0,0.0,-54.7,6.98,0.0,-50.45,93.02,2.92,97.35,0.92,7.72,0.0,32.81,0.0,31.83,0.0,-139.2,4.73,2.123819367183742,1.9323705884093272,-8.08,0.975481746990377,0.6797849008746858,-15.61,11.65,0
268,태안,-7.29,97.8,-7.51,0.0,0.0,-32.02,31.25,-214.26,-7.63,68.75,41.99,84.98,0.24,0.26,29563.97,6.46,0.88,6.18,27822.54,-89.91,4.82,0.9966289071678616,4.0246775049363706,-3.93,0.9644385039551875,0.06207630136536003,-15.82,8.45,0
269,태화건설주식회사,-88.04,-88.35,0.0,0.0,0.0,-2195.68,-261.86,0.0,-138.21,361.86,4.36,0.17,0.06,0.7,0.0,25.6,0.0,18.08,0.0,-160.05,0.0,16.347790442097907,55.47278484867878,0.2,0.13158618022868568,0.5506172256012005,11.1,0.0,0
270,태화기계주식회사,-37.02,-20.15,-11.49,0.0,-2.82,-42.14,21.31,0.0,-35.78,78.69,5.13,4.22,0.85,1.45,0.0,7.72,0.0,4.16,0.0,-555.38,0.5,7.160022933519606,6.5183992105136355,0.77,0.8405472501743325,0.4645103261776063,5.01,2.68,0
271,태흥산업주식회사,-68.6,-54.84,-35.78,0.0,0.0,867.15,-15.73,0.0,120.52,115.73,1.73,3.94,0.14,0.18,25.51,152.26,545.27,125.39,86.67,10.62,3.72,0.2032714309920699,0.6989163201406434,71.88,1.0,0.30949472448742676,50.24,2.52,1
272,퍼시픽랜드주식회사,0.06,-31.86,37.84,0.0,181.75,7.59,34.58,12.55,0.68,65.42,1148.69,55.33,0.09,0.09,1630.94,1.07,25.61,0.33,1726.93,-21.49,0.05,0.9422280702981127,10.482468753502737,0.21,0.23048903429403214,0.002320320725383965,2.24,1.96,0
273,평창정보통신(주),-48.08,-48.16,-24.93,0.0,0.0,-337.52,88.16,0.0,-152.69,11.84,19.08,0.0,0.45,3.77,0.0,4.07,0.0,4.07,0.0,-476.77,0.1,5.086898946071285,7.686403736420207,-24.9,0.9769967641381132,0.2022111784711407,-191.39,10.12,0
274,평화주택건설주식회사,33.11,43.22,78.74,0.0,907.64,3.76,20.32,33.91,2.79,79.68,2.92,1.87,0.74,8.49,1070.6,409.44,50.34,167.41,125.72,67.46,16.91,0.9145737225109042,1.4079026105168673,-109.09,0.23836893601361966,0.8926044185488158,-153.59,6.34,1
275,폴리미래주식회사,8.2,60.01,2.36,0.0,0.0,-0.83,10.8,-19.25,-1.14,89.2,12.43,16.19,1.37,2.0,1746.99,99.57,74.0,75.65,1203.03,-0.15,4.48,0.9458578213401062,0.7155272188738491,-0.15,0.37021637596524215,0.348651513439367,-0.1,8.08,1
276,풍성주택(주),1378.96,1466.38,326.78,-19.94,0.0,1.77,19.51,19.88,0.56,80.49,2.33,0.55,0.32,222.68,5901.22,106.29,56.43,36.85,462.35,5.46,2.91,0.9833367150553182,5.774671621370384,6.23,0.8830669652852671,0.9229572434102763,36.0,1.07,1
277,(주)하나콤,3.31,16.4,3.85,-4.32,-1.11,2.17,11.65,0.0,5.11,88.35,11.83,23.02,2.36,6.81,0.0,60.03,0.0,49.38,0.0,-41.26,8.3,1.1057182725824555,0.47688026169678216,1.14,0.9335443933539102,0.6196300377746976,0.55,8.69,0
278,(주)하이네트정보통신,7.14,22.79,102.2,0.0,0.0,-6.86,24.56,-83.91,-8.82,75.44,10.17,0.0,1.28,9.28,1595.38,111.11,7.22,111.11,1165.55,3.12,11.82,0.9410152871098795,0.757605502061821,-11.39,0.2988958921821987,0.31251378463581914,-8.63,13.78,1
279,(주)한통엔지니어링,-14.99,240.08,-16.61,0.0,-52.93,-20.47,32.64,-56.64,-9.75,67.36,1.17,0.0,0.48,5.33,289.77,168.18,62.76,168.18,57.54,34.55,21.81,0.7434365556017287,1.4343164530193822,-12.34,0.6817462832749778,0.8523770468363742,-17.7,8.99,1
280,(주)혜성건설,-23.96,-0.2,5834.03,0.0,0.0,12.78,28.13,0.0,4.27,71.87,5.09,0.63,0.33,2.42,0.0,76.29,0.0,27.62,0.0,-29.96,0.09,1.3602618489887923,3.5199517214380793,2.33,0.9291017241587025,0.964180185593918,8.19,0.35,0
281,(주)호텔금오산,-0.42,-21.09,-24.76,-99.34,-42.91,3.98,49.34,0.0,0.14,50.66,252.37,0.0,0.03,0.03,0.0,0.12,0.0,0.12,0.0,-110.61,0.1,1.1284930736377412,32.56242994582477,1.09,0.9814056187603244,0.0013747519073544674,35.66,0.95,0
282,(주)호텔인터내셔널,-2.49,10.78,4.05,77.29,80.83,9.31,23.66,0.0,5.6,76.34,41.93,42.05,0.6,0.66,0.0,82.59,0.0,67.99,0.0,-1.74,45.29,1.0891571654640924,1.7890094035465929,9.89,0.09165983775842533,0.08245386282603756,17.69,3.86,1
283,(주)화목,-58.95,-60.96,-89.66,0.0,0.0,-694.53,18.9,0.0,-12.09,81.1,0.04,0.04,0.02,0.37,0.0,45.48,0.0,27.1,0.0,-106.01,0.46,2.76727854812715,92.52000024171302,22.25,0.702638285721209,0.8842747151472562,2058.73,19.55,1
284,(주)화성,-16.45,-74.45,22.67,174.17,368.85,33.33,0.0,0.0,3.88,0.0,40.21,0.0,0.12,0.14,0.0,6.16,0.0,6.16,0.0,-92.41,5.65,1.2676380500581577,9.905282047700153,19.82,0.7768857186095973,0.060663803003193795,196.31,1.33,1
285,(주)화천공사,50.55,6.85,1434.02,0.0,0.0,-6.64,58.95,0.0,-1.29,41.05,11.38,9.73,0.19,0.25,0.0,46.96,0.0,42.84,0.0,-21.43,0.73,1.0114078583403323,6.248057106895672,7.2,0.3995115365912897,0.18975190424193922,44.98,0.0,1
286,한국CES주식회사,-2.44,8.94,63.19,0.0,0.0,-11.94,50.27,0.0,-2.0,49.73,9.44,0.0,0.17,0.19,0.0,1214.26,0.0,1214.26,0.0,10.37,897.88,1.0367338361972849,6.113740730682755,-3.03,0.00897851946217921,0.11302729201684289,-18.5,6.62,0
287,한국도로관리주식회사,-0.19,39.23,22.67,0.0,0.0,-8.3,69.72,-2.32,-0.5,30.28,0.0,0.0,0.06,58.59,364.38,1382.75,72.8,1382.75,412.27,10.41,364.79,0.7846580926107711,12.903142015555543,0.79,0.010342780273224026,0.11221804463251621,10.24,6.53,0
288,한국롱프랑로라제약주식회사(주),-14.65,31.81,29.67,0.0,0.0,9.55,32.31,0.0,25.76,67.69,6.33,27.6,2.7,3701.04,0.0,49.77,0.0,43.43,0.0,-97.13,0.01,1.933615852315997,0.6605217074928365,-8.53,1.0,0.9623624693702119,-5.63,5.49,0
289,한국맥도날드유한회사,3.38,0.72,4.51,0.0,-75.58,-9.03,56.42,0.0,-7.52,43.58,45.78,83.9,0.83,1.34,0.0,17.59,0.0,15.2,0.0,-31.21,8.72,1.1397958598586695,1.3913707475175612,-0.23,0.3322721746469454,0.06662311031909579,-0.32,7.39,0
290,한국복합물류(주),-2.39,1.82,12.7,61.59,9.41,15.6,65.32,14.98,2.12,34.68,32.74,0.0,0.14,0.15,563.98,42.51,153.82,42.51,620.31,-8.89,22.11,0.8493924854263207,6.170897510619217,0.64,0.18212038133862266,0.06576480943305765,3.96,8.42,1
291,한국케이블TV푸른방송(주),30.64,8.97,18.41,145.06,128.69,28.79,53.72,295.54,20.21,46.28,6.71,238.05,0.7,1.36,568.67,44.17,93.76,43.65,454.09,-40.57,10.42,0.8504486345099013,1.3726491213202043,15.94,0.8543562508960095,0.32089926468064384,21.89,5.21,1
292,한국홀딩스(주),-34.11,-8.54,23.0,0.0,0.0,20.7,9.97,0.0,51.68,90.03,31.49,19.47,2.5,4.55,0.0,15.33,0.0,8.33,0.0,-190.45,0.48,4.162293833753881,1.3242006870460756,2.0,0.5404218729424388,0.34485634429832307,2.65,10.94,0
293,한미에프티(주),-1.51,-4.87,7.53,42.36,10.56,5.32,23.6,0.0,9.56,76.4,7.01,8.07,1.8,4.22,0.0,43.33,0.0,24.59,0.0,-67.03,0.74,1.3515493769761868,0.7469302373166512,5.02,0.8751415159833779,0.5124620768158864,3.75,10.16,0
294,한영나염(주),-49.99,-39.42,5.61,0.0,0.0,-14.06,6.5,0.0,-9.78,93.5,5.37,24.06,0.7,1.52,0.0,16.13,0.0,13.18,0.0,-132.85,0.11,2.6163552702289308,2.50656649301348,-17.87,0.6054722971309721,0.2555887333249375,-44.8,1.75,0
295,한용산업(주),255.91,327.11,455.67,0.0,3709.13,-3.26,13.11,0.0,-3.9,86.89,4.22,260.45,1.2,11.53,0.0,28.89,0.0,28.5,0.0,-95.26,2.9,1.362990202000912,1.778040254254792,3.15,0.9827775848695464,0.38694761539151074,5.6,11.94,0
296,한일냉장(주),-8.28,-42.33,35.18,245.22,34.66,15.49,79.65,0.0,4.85,20.35,5.55,9.83,0.31,0.35,0.0,11.11,0.0,11.11,0.0,-67.74,0.79,1.111185459720055,3.393767593617277,1.0,0.6858235788528987,0.08468813220089781,3.38,7.32,1
297,한창중기주식회사,30.66,39.85,38.88,1005.51,26.44,2.69,11.93,437.8,4.03,88.07,7.22,0.0,1.5,3.1,7056.46,59.59,7.45,59.59,4225.0,-27.78,0.11,0.9860266175750309,0.7451857760079568,21.4,0.6971374281702098,0.4096240061101822,15.95,13.67,1
298,한화컴파운드(주),8.18,6.37,-5.92,-9.07,-5.59,3.03,13.03,0.0,5.49,86.97,5.66,22.67,1.81,3.84,0.0,30.77,0.0,26.06,0.0,-114.17,0.33,1.9608370424705015,1.1268562044596038,4.09,0.8410329174449064,0.5073806034983445,4.61,9.88,0
300,홍림수산냉동주식회사,0.0,0.0,0.0,0.0,0.0,28.48,60.7,0.0,14.79,39.3,8.81,0.0,0.52,0.58,0.0,31.68,0.0,31.68,0.0,-17.26,0.99,1.0609680537872515,4.085350189272516,3.85,0.23813715106774977,0.08004093142709136,15.74,17.01,0
301,효성석유주식회사,-29.75,-77.93,-85.35,0.0,0.0,28.35,49.05,0.0,6.27,50.95,8.49,29.15,0.22,0.24,0.0,2.4,0.0,2.4,0.0,-86.12,0.16,1.1464034563387384,4.280284482345344,-16.17,0.769670780748852,0.021159213668133295,-69.23,9.91,0
303,흥국제선주식회사,0.0,0.0,0.0,0.0,0.0,17.21,99.08,0.0,6.41,0.92,60.57,1490.77,0.37,0.38,0.0,1.93,0.0,1.91,0.0,-102.35,1.05,1.0497675715102044,5.632613615005452,3.52,0.9942003373850279,0.020194751195127505,19.82,12.53,0
304,흥한주택종합건설(주),-77.79,-79.51,583.12,0.0,0.0,-24.71,-5.29,0.0,-8.16,105.29,77.97,0.37,0.33,120.07,0.0,80.16,0.0,14.78,0.0,-22.28,0.08,2.3326537459481713,2.567074409010541,-21.18,0.4813631376328184,0.9000750650059546,-54.37,4.24,0
