,구분,이자보상배율2015,영업이익2015,차입금의존도2015,총자본증가율2015,유동자산증가율2015,매출액증가율2015,순이익증가율2015,영업이익증가율2015,매출액순이익률2015,매출액총이익률2015,자기자본순이익률2015,총자본순이익률2015,매출원가 대 매출액비율2015,매출채권회전률2015,재고자산회전률2015,총자본회전률2015,유형자산회전율2015,부채비율2015,유동비율2015,자기자본배율2015,당좌비율2015,비유동비율2015,순운전자본비율2015,현금비율2015,부채2015,자산2015,매출액2015,부채/현금흐름2015,유동부채2015,유동자산2015,매출/현금흐름2015,차입금평균이자율2015,정상기업여부
0,(주)DB하이텍,2.49,124968815,52.27,0.37,35.62,17.42,0,174.49,19.12,34.46,61.61,12.7,65.54,7.7,8.73,0.66,1.19,262.19,137.97,124.76,103.5,241.89,9.14,43.28,730586221.0,984643712.0,666594987.0,13.59,244044785.0,337757266.0,14.84,8.45,1
1,(주)HJ중공업,-0.75,-79370000,46.95,-15.2,-12.67,13.47,0,0,-12.74,3.38,-16.57,-5.15,96.62,7.33,3.46,0.4,1.64,236.72,63.44,269.34,35.23,218.9,-20.17,3.12,4546048000.0,5914637000.0,3115473000.0,0.13,3430218000.0,2429499000.0,0.21,5.68,0
2,(주)STX,-0.42,-34170000,77.87,-1.2,-8.96,5.48,0,0,-3.92,0.73,-84.03,-5.02,99.27,7.46,9.33,1.28,24.58,1362.39,97.8,96.62,76.64,545.56,-1.41,6.85,1194882000.0,1267224000.0,1630827000.0,-2.52,866685000.0,902119000.0,-1.82,4.63,0
3,(주)골드앤에스,1.89,1143768,9.47,-18.3,-4.18,-24.57,0,0,-42.33,29.98,-78.06,-35.81,70.02,4.35,8.42,0.85,55.33,57.4,198.8,152.17,168.17,56.53,31.85,6.82,8941840.0,24102094.0,22197935.0,9.91,7942854.0,15364121.0,3.84,7.93,1
4,(주)골드퍼시픽,-13.68,-8243124,11.54,-13.9,-9.24,26.08,0,0,-204.62,-36.85,-67.67,-42.15,136.85,1.1,2.3,0.21,1.49,36.69,349.83,75.86,308.07,65.58,37.15,72.2,7380179.0,28573328.0,18635305.0,-85.09,4089090.0,14304863.0,-102.59,8.9,0
5,(주)국보,-1.41,-2462368,36.93,-8.49,-14.98,-5.11,0,0,-4.32,5.72,-19.32,-4.39,94.28,4.64,158.13,1.02,2.09,368.4,50.18,333.17,49.38,317.88,-31.9,0.4,64675995.0,83085438.0,91618545.0,-0.51,52453525.0,26759792.0,-0.37,5.05,0
6,(주)그래디언트,34.27,65149099,3.44,4.37,-74.63,66,1995.32,3527.73,101.88,0,3.08,2.81,0,36.9,0,0.03,30.87,10.27,3.21,1418.36,3.21,110.05,-6.02,0.01,1202893253.0,2106702049.0,3536848758.0,3.6,1068144809.0,1337838696.0,12.38,1.43,1
7,(주)녹원씨엔아이,1.94,455438,19.73,16.91,5.42,130.33,0,0,-178.94,46.51,-108,-78.22,53.49,4.12,18.08,0.44,15.57,46.11,402.73,105.29,378.8,76.82,35.65,40.37,6541920.0,24796543.0,7329185.0,-116.12,2888372.0,9969610.0,-90.37,12.87,1
8,(주)뉴인텍,0.6,-804024,42.46,-3.94,-7.96,-11.02,0,0,-0.52,10.73,-1.18,-0.45,89.27,4.43,7.5,0.87,2.58,157.67,68.25,107.23,47.05,164.28,-16.86,1.7,34278251.0,51501516.0,50090372.0,1.78,30018369.0,27625927.0,1.23,5.11,0
9,(주)대유플러스,1.53,1460003,14.55,9.35,-5.71,-45.93,0,0,0.25,5.7,0.43,0.26,94.3,8.96,22.49,1.07,5.33,68.08,54.9,239.51,38.07,139.2,-14.11,0.04,677878811.0,784472056.0,495781661.0,5.64,162895923.0,195828780.0,2.23,5.28,1
10,(주)대창솔루션,0.63,-157321,40.35,-1.31,-25.64,-30.46,0,0,-6.72,10.22,-4.66,-2.35,89.78,4.95,4.2,0.35,0.52,102.43,61.65,1095.01,37.95,156.7,-14.05,7.38,91262653.0,153951321.0,59676898.0,-0.3,68540776.0,36858357.0,-0.44,3.48,0
11,(주)대한항공,2.34,883088281,61.27,7.6,20.09,-3.18,0,130.66,-3.61,17.88,-19.07,-1.83,82.12,20.11,25.35,0.51,0.71,903.75,34.09,621.04,28.45,878.61,-24.1,8.29,21681315971.0,24180351113.0,11544831301.0,10.86,8450381325.0,3289127053.0,19.93,2.64,1
12,(주)동방,1.87,24592774,47.19,-0.36,-18.81,2.74,0,247.98,-0.74,9.33,-3.28,-0.76,90.67,6.87,119.86,1.03,2.59,342.08,38.03,425.61,37.14,327.66,-42.18,3.63,533964001.0,633221223.0,629844689.0,11.39,447559055.0,200407421.0,8.51,5.1,1
13,(주)동방선기,1.57,1340753,43,-2.4,0.54,28.87,0,68.64,-3.91,15.48,-3.77,-1.88,84.52,4.99,11.88,0.48,1.63,101.06,65.45,625.48,54.93,155.17,-12.05,5.48,41291523.0,75844824.0,45092509.0,7.92,27340735.0,16259365.0,8.21,4.39,1
14,(주)동양,1.11,35132696,0,43.96,226.77,13.47,0.07,1.39,187.55,12.77,94.14,66.72,87.23,3.21,8.5,0.36,1.5,16.05,686.38,811.91,650.14,34.31,60.17,212.52,224213631.0,1184189631.0,392665079.0,28.16,176598197.0,857211524.0,12.92,0.0,1
15,(주)디에스앤엘,-13.27,-8196670,26.68,-5.09,-7.81,48.46,0,0,-68.5,-1.1,-69.65,-36.89,101.1,2.8,6.52,0.54,2.19,163.53,117.84,126.47,98.96,114.4,8.57,42.87,20986211.0,32832038.0,53708366.0,-9.14,15936222.0,18903428.0,-10.26,6.51,0
16,(주)디오,2.65,20098404,12.71,1.69,8.47,3.77,0,121.4,8.75,52.49,8.7,4.48,47.51,1.31,6.26,0.51,1.41,52.88,295.04,1027.03,257.03,67.98,36.71,5.84,44785143.0,122341140.0,71939173.0,16.69,26004281.0,70167102.0,11.37,15.5,1
17,(주)마니커,-1.73,-9723894,45.39,-2,-0.67,-3.11,0,0,-4.48,4.69,-16.26,-6.3,95.31,10.12,33.92,1.41,4.34,158.15,67.49,180.84,62.54,165.65,-17.26,17.19,142501296.0,222831034.0,274546428.0,-9.92,121215657.0,68220572.0,-4.27,6.27,0
18,(주)메타랩스,-7.75,-24548368,51.06,-22.87,-26.33,-14.25,0,0,-43.87,37.4,-105.31,-30.67,62.6,7.64,1.51,0.7,3.85,508.35,96.37,216.45,34.66,187.98,-2.61,6.76,94419593.0,114036049.0,115996783.0,-10.88,81424823.0,87565318.0,-11.32,6.38,0
19,(주)모베이스전자,0.43,25379019,37.75,19.83,10.04,4.79,117.7,27.74,2.06,5.4,11.54,3,94.6,4.26,25.42,1.46,3.8,297.65,70.65,784.19,61.1,234.54,-17.04,0.31,405672985.0,583108622.0,718024012.0,11.58,321644796.0,279837027.0,6.47,2.83,0
20,(주)미래아이앤지,-3.06,-1461589,0,-1.11,534.3,-29.63,0,0,16.65,34.32,3.6,3.08,65.68,7.45,24.44,0.19,2.24,6.54,1772.26,155.78,1756.53,25.61,71.67,1368.2,2975551.0,47974558.0,9161388.0,-40.65,2083554.0,36653416.0,-13.39,11.18,0
21,(주)미래컴퍼니,12.36,3398393,9.14,8.19,11.68,49.46,0,0,5.78,30.52,5.12,3.83,69.48,4.51,12.59,0.66,1.96,35.72,206.71,1683.2,184.31,67.96,25.77,49.15,24747962.0,89398997.0,62403918.0,-14.1,22362204.0,45631113.0,-5.82,2.93,1
22,(주)미코,1.08,11535735,33.78,6.39,-17.42,-3.39,-67.67,183.51,1.18,35.97,1.19,0.62,64.03,6,6.07,0.52,1.27,88.66,106.36,352.46,79.02,120.02,2.18,24.95,94729207.0,159736611.0,121532809.0,5.65,51964292.0,64737285.0,5.25,5.53,1
23,(주)바른손,-10.91,-10330458,21.66,-52.6,-41.77,-40.57,0,0,-79.05,41.35,-120.88,-57.75,58.65,35.53,6.61,0.73,5.43,180.94,58.25,27.41,39.6,191.36,-22.85,2.55,18412941.0,26672163.0,29285587.0,-21.55,15449309.0,5884624.0,-12.22,9.24,0
24,(주)바른손이앤에이,2.92,3802762,13.55,30.46,336.15,646.05,0,0,-10.82,0,-6.36,-4.05,0,5.06,0,0.37,12.8,59.39,71.18,90.22,71.18,132.85,-6.74,0.59,18304729.0,47832856.0,15698007.0,-12.79,7334498.0,8490502.0,-14.42,3.63,1
25,(주)바이오니아,-0.53,-3651366,35.92,6.5,18.15,17.85,0,0,-28.62,59.48,-17.56,-8.36,40.52,1.45,2.54,0.29,1.04,103.8,107.31,458.34,81.04,112.7,3.04,27.35,37454010.0,71985448.0,20833715.0,-0.47,30810069.0,32204722.0,-0.84,8.77,0
26,(주)바이오톡스텍,-7.83,-3700247,30.48,-5.88,-15.87,4.37,0,0,-26.29,9.83,-15.15,-8.31,90.17,4.04,34.42,0.32,0.73,89.6,60.94,332.68,58.44,140.67,-16.54,21.18,21794880.0,45379011.0,16676482.0,-6.53,19135965.0,13549332.0,-9.46,3.56,0
27,(주)백금티앤에이,1.01,1128950,33.15,-6.74,-1.02,-2.74,202.28,22.48,6.54,18.34,12.07,6.16,81.66,4.21,66.37,0.94,162.77,73.25,151.18,581.06,147.09,74.32,19.33,25.3,32305735.0,55411509.0,92584519.0,-7.19,28872502.0,35153005.0,-3.11,5.68,1
28,(주)비비안,-11.92,-7593009,0,-7.11,3.74,-6.17,304.06,0,5.2,56.21,6.2,5.14,43.79,5.51,4.18,0.99,3.82,12.91,482.8,2160.41,269.73,56.0,39.96,13.99,33101749.0,178009474.0,200322459.0,-29.2,30953397.0,107430808.0,-3.25,3.37,0
29,(주)비엔지티,-5.36,-2763112,41.12,22.99,22.99,-27.32,0,0,-50.36,19.41,-90.37,-40.99,80.59,9.43,11.51,0.81,14.94,102.02,108.72,163.45,95.93,94.73,4.26,68.32,18670700.0,27260643.0,61727416.0,-21.46,17984048.0,20671085.0,-14.69,6.15,0
30,(주)비엘팜텍,-7.97,-153784,6.59,-5.73,-21.56,-33.5,0,0,-23.42,62.28,-15.53,-13.54,37.72,18.08,8.43,0.58,9.66,15.36,200.19,179.35,117.24,87.9,11.91,22.01,30546382.0,63196017.0,57145127.0,-11.37,13724114.0,21475442.0,-2.54,5.74,0
31,(주)삼진엘앤디,7.54,12689006,16.18,16.22,42.33,57.92,0,0,6.06,17.44,12.35,7.23,82.56,5.03,29.28,1.19,5.73,70.5,161.72,740.96,148.67,85.29,19.07,26.91,99233994.0,201281074.0,281480920.0,4.92,77557225.0,115615139.0,1.83,3.95,1
32,(주)삼표시멘트,1.22,46938953,2.98,-15.15,-36.6,1.81,0,-24.89,-4.13,16.39,-4.14,-2.02,83.61,8.21,12.15,0.49,0.94,94.41,153.38,1012.07,125.25,154.4,7.16,36.24,558497685.0,1107696145.0,563812485.0,11.0,163376914.0,183975092.0,10.02,117.75,1
33,(주)서울리거,-20.16,-6914961,11.09,-16.08,-43.35,-27.18,0,0,-115.86,44.78,-41.09,-34.23,55.22,15.07,14.69,0.3,18.83,22.33,370.24,157.59,368.01,43.0,47.33,226.66,3203430.0,17408319.0,5634400.0,-206.67,3074920.0,11290796.0,-116.53,16.91,0
34,(주)서원,-1.45,-10994265,68.41,-15.19,-4.93,-18.92,0,0,-18.12,1.57,-52.13,-15.86,98.43,5.84,4.12,0.88,3.4,282.11,70.52,407.79,47.88,193.18,-20.67,4.9,178299104.0,244994346.0,256235317.0,7.45,168404037.0,129670212.0,5.77,4.21,0
35,(주)성안,-1,-256009,17.06,2.06,22.78,-22.99,0,0,-1.59,16.81,-1.13,-0.7,83.19,8.26,2.11,0.44,2.02,66.24,128.58,255.79,53.34,107.29,7.88,7.96,162462017.0,259934334.0,196907216.0,3.87,134229179.0,131309354.0,3.57,3.19,0
36,(주)세동,0.16,-3376784,49.02,2.89,11.04,2.31,0,0,0.31,6.69,1.49,0.31,93.31,6.66,17.11,1.01,1.89,380.22,50.12,370.74,40.3,335.33,-30.03,0.62,103743284.0,126126166.0,131633718.0,5.9,78891084.0,40431833.0,4.68,4.11,0
37,(주)센트럴인사이트,-5.26,-5835869,30.39,-18.77,-31.1,-28.98,0,0,-33.83,15.88,-38.09,-19.21,84.12,9.64,4.03,0.57,2.7,96.88,43.36,83.52,13.26,155.62,-27.37,1.71,48061605.0,74700733.0,88950214.0,-4.53,40524082.0,22683231.0,-3.52,9.25,0
38,(주)소리바다,-81.31,-5192107,6.93,-23.34,-26.92,-3.25,0,0,-27.68,0,-46.15,-26.48,0,5.04,5089.23,0.96,30.61,97.29,131.51,52.38,131.51,82.2,13.98,42.21,10379956.0,19757338.0,28552984.0,-30.47,9520248.0,14584310.0,-13.63,4.39,0
39,(주)손오공,20.84,10396219,4.97,44.13,63.29,159.96,0,0,7.79,22.52,41.05,20.18,77.48,6.21,8.61,2.59,130.96,99.27,175.76,248.92,124.52,24.8,37.74,21.24,40144565.0,69775983.0,125089089.0,11.82,30344565.0,48274315.0,2.68,7.43,1
40,(주)솔고바이오메디칼,-5.78,-7045497,21.24,-4.93,-6.77,-19.83,0,0,-31.7,26.6,-19.13,-11.89,73.4,3.11,1.49,0.37,1.63,39.26,183.27,91.53,88.42,71.29,22.18,32.77,16172194.0,53542135.0,22432074.0,-7.12,15383391.0,26785907.0,-5.22,7.51,0
41,(주)시너지이노베이션,-6.29,-14001642,184.21,-80.48,-72.52,-51.51,0,0,-336.44,-16.34,0,-104.69,116.34,7.43,4.29,0.31,5.93,0.0,22.61,0.0,20.7,0.0,-177.9,17.19,35661638.0,16097867.0,14870429.0,-5.4,34835623.0,7918784.0,-13.33,5.75,0
42,(주)심텍홀딩스,999999999,2266403,0,-80.97,-99.53,-99.91,0,0,22574.66,0,87.88,35.11,0,0.02,0.01,0,0.0,6.56,11.98,625.67,11.98,105.85,-4.93,5.29,396034810.0,586389797.0,156144133.0,637.2,290726003.0,142456217.0,8064.33,0.0,1
43,(주)쌍방울,0.7,1034354,9.54,66.78,89.29,-1.59,0,81.72,0.67,31.51,0.64,0.49,68.49,2.99,3.56,0.73,11.61,16.97,634.32,278.66,499.41,24.33,66.72,223.1,40468814.0,217372239.0,142637428.0,-16.1,36209670.0,171806546.0,-3.99,5.05,0
44,(주)쎌마테라퓨틱스,-5.91,-9976904,62.55,127.92,153.73,76.27,0,0,-209.68,1.11,-269.55,-128.21,98.89,383.23,17.27,0.61,125.69,231.15,96.27,54.86,94.63,209.14,-1.43,14.71,22304135.0,28438164.0,102248331.0,-21.54,13900985.0,14171846.0,-34.19,10.76,0
45,(주)씨씨에스충북방송,0.13,-930251,30.8,-9.67,-38.89,1.77,0,0,-7.45,25.37,-4.52,-2.63,74.63,5.25,0,0.35,0.84,61.03,195.74,89.36,195.74,111.83,14.94,16.39,23117116.0,58383142.0,24575210.0,0.98,10086078.0,18263116.0,1.0,5.66,0
46,(주)씨아이테크,1.71,1011734,14.48,39.32,110.56,140.54,0,0,6.01,35.35,2.93,2.24,64.65,2.9,20.83,0.37,1.37,25.74,132.15,154.42,121.14,94.57,6.03,21.02,10894183.0,40189897.0,21279200.0,-32.46,9288634.0,15462586.0,-20.74,7.24,1
47,(주)씨엔플러스,-4.72,-4523821,58.7,-8.46,-13.04,-17.03,0,0,-37.74,8.18,-50.65,-19.67,91.82,5.98,11.4,0.52,0.92,194.78,44.41,687.64,36.89,223.86,-30.11,3.17,33809419.0,51341610.0,27882191.0,-4.64,27547921.0,12805393.0,-5.62,2.76,0
48,(주)씨유메디칼시스템,4.35,1102727,31.3,12.77,25.39,6.28,0,470.13,10.37,41.02,6.14,3.92,58.98,1.13,2.85,0.38,3.76,56.5,253.23,1206.96,194.19,64.86,35.43,41.31,26612153.0,66715553.0,25680606.0,12.84,16093592.0,42126508.0,13.0,2.85,1
49,(주)아미노로직스,20.33,968986,1.7,38.71,29.38,210.55,0,0,-8.95,41.58,-2.46,-1.95,58.42,4.3,1.29,0.22,19.25,21.7,517.15,549.7,373.09,58.19,42.09,193.77,6751782.0,55027043.0,10996731.0,-0.63,5932842.0,26932057.0,-0.6,2.01,1
50,(주)아센디오,-1.05,-3325080,32.26,0.2,46.48,-25.36,0,0,-171.35,1.5,-24.48,-14.09,98.5,44.56,10.84,0.08,33.91,57.85,210.99,97.53,204.69,123.21,11.54,43.68,25321910.0,69094619.0,5677606.0,-53.86,7186060.0,15171337.0,-240.23,17.46,0
51,(주)아이앤씨테크놀로지,-45.85,-7330264,23.85,-28.53,-3.15,47.94,0,0,-365.23,27,-71.65,-51.48,73,8.28,4.7,0.14,0.59,73.02,206.25,400.0,176.67,127.18,13.65,0.39,25091608.0,54584146.0,9618590.0,-24.67,8154751.0,15407962.0,-61.58,1.35,0
52,(주)아이에이,3.34,6341657,31.77,0.89,6.9,12.11,0,190.9,0.21,27.46,0.73,0.26,72.54,8.78,25.35,1.25,2.88,93.32,94.07,150.68,82.93,122.43,-2.31,45.87,28588963.0,56812923.0,71088040.0,15.8,22922396.0,25341309.0,6.13,7.87,1
53,(주)아이에이치큐,34.44,7366386,2.97,312.65,213.86,158.34,0,0,5.96,0,4.37,3.53,0,5.68,127.74,0.59,38.43,15.23,254.93,305.52,254.65,81.47,17.8,110.79,40636104.0,255675961.0,106178242.0,47.14,35952299.0,79206326.0,16.93,2.7,1
54,(주)아이윈,0.35,1548827,38.6,-2.38,-3.01,-0.95,0,-63.67,0.29,11.78,0.64,0.24,88.22,2.96,6.87,0.83,6.27,159.32,180.17,763.4,144.22,101.98,27.0,44.03,56614388.0,98294411.0,96998049.0,3.41,30050691.0,56847997.0,2.48,3.11,0
55,(주)앤씨앤,148.24,7944688,6.23,17.24,15.42,76.14,0,0,13.94,38.61,17.17,14.44,61.39,50.82,8.62,1.04,104.46,18.17,508.96,837.76,406.27,37.13,55.1,108.12,11920076.0,67503519.0,63184945.0,31.27,10005665.0,46359804.0,5.01,1.34,1
56,(주)에스아이리소스,10.87,1637417,0,-51.42,-2.31,-27.79,0,0,-54.63,13.3,-51.9,-41.35,86.7,27.37,13.69,0.76,1083.47,7.43,1391.44,312.44,1248.1,24.1,71.99,1228.23,10737567.0,28186692.0,28232846.0,400.99,4498901.0,18302553.0,23.96,1.88,1
57,(주)에스엠라이프디자인그룹,-8.14,-6869969,21.32,-10.58,-21.78,-37.07,0,0,-66.67,20.44,-52.48,-31.65,79.56,3.46,17.17,0.47,0.8,67.42,79.36,138.0,70.4,123.18,-6.87,32.34,9922421.0,23228524.0,16460156.0,6.99,8368601.0,6728529.0,5.6,4.09,0
58,(주)에스제이엠,-91.09,23394521,0,-0.58,1.14,14.88,-1.28,0,7.4,8.1,6.14,5.03,91.9,4.13,4.41,0.68,2.87,19.86,417.1,1514.94,289.53,65.03,34.78,68.21,32280359.0,185776445.0,180300135.0,21.79,25509269.0,129393142.0,5.29,2.32,0
59,(주)에스지세계물산,10.04,3162493,12.49,0.9,-16.34,-7.39,0,0,0.84,28.63,1.29,0.91,71.37,9.4,4.68,1.09,8.21,41.25,162.39,203.88,69.86,85.18,15.25,11.18,89289748.0,291667618.0,317710618.0,3.85,74566494.0,110255351.0,1.04,1.07,1
60,(주)에스티큐브,-16.98,-4049596,0,-22.81,-61.36,-2.32,0,0,-80.83,1.61,-19.84,-15.53,98.39,6.74,10.23,0.19,25.77,11.16,774.1,189.21,758.1,75.58,27.87,355.46,2452583.0,23364922.0,5349045.0,-108.09,1020981.0,11326896.0,-49.2,5.65,0
61,(주)에이디칩스,-8.55,-1558978,28.93,-15.71,7.25,-15.85,0,0,-14.25,27.56,-38.22,-17.98,72.44,8.77,5.42,1.26,3.36,58.87,176.03,120.27,100.56,67.57,24.82,24.29,3584681.0,9436595.0,13172615.0,-70.05,3111677.0,5422412.0,-18.82,4.58,0
62,(주)엔에스엔,-8.86,-2723126,29.91,-7.47,53.74,35.12,0,0,-27.36,14.21,-18.8,-13.41,85.79,9.3,3.57,0.49,3.47,55.24,144.79,335.11,103.56,79.01,15.19,52.0,15344125.0,39203012.0,18619785.0,-36.06,13902663.0,20415567.0,-25.17,3.96,0
63,(주)엘아이에스,12.39,21283861,26.41,95.81,28.31,173.05,0,0,25.39,43.04,78.39,38.7,56.96,9.89,18.69,1.52,7.95,60.34,123.89,894.48,105.71,93.14,8.08,68.04,51041658.0,103381228.0,121904067.0,24.61,39312220.0,53462809.0,8.04,7.81,1
64,(주)엘에스네트웍스,-3.63,-68390163,43.6,-6.93,-11.77,-18.28,0,0,-14.09,29.11,-16.43,-7.14,70.89,5.39,3.49,0.51,4.18,142.53,97.88,137.56,42.93,175.8,-0.6,0.81,831197767.0,1521083340.0,810130161.0,-3.18,390337089.0,389329292.0,-3.55,3.39,0
65,(주)오리엔탈정공,0.19,-4669072,20.81,-51.94,-21.94,-22,0,0,1.03,8.72,4.88,0.96,91.28,11.71,9.46,0.93,1.64,172.29,80.04,148.51,51.39,162.54,-10.05,19.36,163577578.0,194667663.0,178690825.0,-1.42,147546035.0,75026997.0,-0.63,7.34,0
66,(주)오스코텍,1.22,685599,29.17,33.43,56.71,-8.15,0,0,6.28,43.94,1.81,1.2,56.06,1.4,6.23,0.19,0.74,54.61,161.67,203.94,153.92,71.38,20.54,16.26,22580646.0,49498623.0,18335818.0,3.07,21763718.0,30535699.0,6.47,5.96,1
67,(주)와이지플러스,999999999,-6986453,0,6.28,-52.2,-8.63,0,0,-31.82,0.66,-1.67,-1.63,99.34,4.89,0,0.05,7.71,3.95,1066.67,359.75,1066.67,62.86,35.82,131.67,12426657.0,116473239.0,29224379.0,-61.1,11115253.0,83283173.0,-46.71,0.0,1
68,(주)우리기술,1.65,2668841,46.6,-1.74,4.02,73.23,0,0,-33.51,36.21,-23.31,-9.12,63.79,4.36,8.17,0.27,0.5,163.3,83.98,79.84,74.96,177.58,-6.21,14.32,54313243.0,80588628.0,39739565.0,-3.89,33237016.0,26350519.0,-8.79,4.97,1
69,(주)원익,-3.05,-3391038,66.61,-12.14,-25.74,-18.77,0,0,-30.35,16,-64.32,-16.67,84,3.79,3.32,0.55,16.64,386.85,41.01,182.99,20.61,335.54,-44.71,0.67,86337444.0,130520597.0,59528499.0,-1.93,71175220.0,29370758.0,-2.61,3.36,0
70,(주)유씨아이,-25.59,-3706630,6.6,19.15,23.31,-52.12,0,0,-51.81,12.15,-35.25,-27.13,87.85,5.01,9.26,0.52,2.54,22.75,280.37,79.75,240.98,64.93,30.3,4.55,6042977.0,24333506.0,13792580.0,-138.01,5633018.0,11452200.0,-53.12,5.96,0
71,(주)이건홀딩스,-1.74,-5843768,30.56,-18.51,-22.83,-17.13,0,0,-5.18,7.07,-7.9,-2.96,92.93,4.73,13.09,0.57,1.61,150.93,53.9,569.55,43.81,188.26,-21.36,3.21,153669354.0,247656464.0,160792987.0,3.13,121081173.0,60877821.0,2.96,5.42,0
72,(주)이스트소프트,1.49,-1554211,25.08,-6.37,-7.02,4.53,0,0,-1.04,47.7,-0.63,-0.33,52.3,5.9,0,0.32,0.72,77.97,289.0,905.18,289.0,136.85,15.11,32.16,42789880.0,70865895.0,44068203.0,-4.15,13254537.0,20937874.0,-5.52,3.0,1
73,(주)이엔코퍼레이션,-10.88,-5516506,10.58,-0.32,1.4,-33.03,0,0,-33.92,0.39,-20.11,-15.93,99.61,7.47,63.47,0.47,1.51,17.93,278.37,122.35,278.37,72.09,24.91,30.68,22327072.0,74833359.0,52825056.0,-72.71,14520920.0,40024533.0,-23.5,7.22,0
74,(주)인디에프,-4.31,-5010630,14,-7.11,-8.9,-8.43,0,0,-3.42,42.4,-7.51,-3.39,57.6,7.33,1.92,0.99,18.44,121.5,153.42,255.84,38.13,64.06,24.75,5.18,91669710.0,167142676.0,171485193.0,5.3,77377799.0,118817103.0,2.83,4.75,0
75,(주)인스코비,-4.9,-4750750,27.67,97.95,-38.32,-60.41,0,0,-229.07,29.55,-89.22,-60.75,70.45,4.55,4.02,0.27,11.96,71.94,44.92,74.32,36.82,140.75,-22.24,15.05,23270880.0,48649997.0,16313400.0,-33.4,22089683.0,10204637.0,-70.03,14.03,0
76,(주)잉크테크,-1.61,-4295685,58.98,-9.06,-6.11,-12.76,0,0,-27.44,19.89,-62.08,-15.07,80.11,3.84,4.72,0.55,1.09,470.07,67.03,477.77,40.73,394.95,-15.11,2.66,104452974.0,126698837.0,77217467.0,3.77,58150820.0,39128572.0,5.39,3.75,0
77,(주)제넨바이오,-14.12,-15460142,54.81,-37.83,-33.79,-31.93,0,0,-52.31,-12.32,-307.58,-58.23,112.32,8.39,13.55,1.11,2.09,1362.55,53.11,32.97,43.65,855.01,-36.68,17.85,53714714.0,63342944.0,104516070.0,-20.64,51267769.0,32206778.0,-13.25,5.2,0
78,(주)제이웨이,999999999,537355,0,15.4,159.9,-0.66,0,0,3.06,25.54,4.66,3.71,74.46,16.58,587.71,1.21,7.79,17.03,316.82,152.89,316.82,67.58,28.92,211.29,1800790.0,8904595.0,13815789.0,204.04,1519675.0,4721985.0,26.22,0.0,1
79,(주)제주반도체,2.65,1094077,33.68,29.78,42.64,73.55,0,0,-0.97,19.59,-1.43,-0.8,80.41,4.11,2.81,0.83,15.01,105.38,179.17,322.56,109.76,19.93,39.9,9.52,47475643.0,86165615.0,57664032.0,-27.61,40683543.0,77617588.0,-19.29,3.74,1
80,(주)젬백스&카엘,1.91,-2760703,16.93,38.27,109.01,46.85,0,0,7.29,44.87,4.53,2.92,55.13,9.34,16.4,0.4,3.69,26.99,138.27,573.87,123.2,101.93,5.46,63.05,81056197.0,180232735.0,75073727.0,24.82,70289744.0,51133234.0,15.28,6.72,1
81,(주)중앙디앤엠,-17.04,-9085805,38.94,-27.58,24.87,7.17,0,0,-131.5,-31.11,-104.13,-66.65,131.11,5.56,3.51,0.51,5.67,163.82,121.46,105.5,94.85,85.3,11.96,69.19,18062645.0,28807693.0,18838770.0,9.69,16043754.0,19493499.0,9.97,7.64,0
82,(주)진매트릭스,-7.89,-2161992,44.55,27.18,72.26,2.52,0,0,-48.17,32.55,-20.63,-11.43,67.45,2.27,28.75,0.24,0.69,119.94,223.45,208.27,222.18,84.54,34.01,63.53,10744743.0,20781912.0,5315268.0,-10.38,5118372.0,13808645.0,-26.71,3.16,0
83,(주)체리부로,0.64,3767344,63.06,-18.74,-34.71,3.39,0,0,-1.53,9.89,-8.49,-2.12,90.11,11.77,10.17,1.38,2.94,274.22,50.11,370.9,29.67,261.0,-30.12,1.8,172661011.0,218966396.0,264257601.0,8.43,125175312.0,54003310.0,4.0,3.94,0
84,(주)초록뱀미디어,-8.91,-2340149,23.08,282.12,287.94,-2.87,0,0,-2.91,1.48,-1.69,-1.12,98.52,7.65,0,0.38,431.72,60.49,121.08,258.92,121.08,87.44,7.92,6.42,50234793.0,114401924.0,24842314.0,-8.86,48828908.0,55181542.0,-13.78,1.99,0
85,(주)초록뱀컴퍼니,-13.59,-3493428,20.28,61.53,145.63,-31.01,0,0,28.26,7.68,9.71,7.8,92.32,5.46,665.13,0.28,31.35,31.68,155.8,110.8,155.76,82.82,13.29,129.68,14255651.0,58338825.0,15426376.0,-23.02,14097746.0,22133763.0,-24.78,3.66,0
86,(주)초록뱀헬스케어,-13.06,-7501839,17.73,-11.91,-36.88,0.95,0,0,-112.29,-11,-80.49,-38.17,111,1.64,3.89,0.34,4.46,110.37,105.25,147.53,69.86,134.95,1.79,2.6,10219626.0,16405118.0,11450628.0,-45.52,6933141.0,6554032.0,-65.81,9.88,0
87,(주)케이씨씨건설,-7.69,-93565731,29.58,-25.82,-29.52,-3.06,0,0,-8.81,2.08,-24.92,-8.68,97.92,7.87,8.12,0.99,181.26,180.14,154.73,279.45,125.57,103.62,22.29,35.18,539220775.0,838081524.0,969647511.0,6.96,341711304.0,528110329.0,3.87,3.93,0
88,(주)케이티,2.36,1292944000,33.52,-2.8,20.86,-2.83,0,0,4.55,0,7.71,3.14,0,6.3,64.04,0.69,1.38,133.27,77.56,663.72,72.08,188.61,-5.54,18.85,17175720000.0,29341185000.0,22281221000.0,18.56,8639906000.0,8583176000.0,15.16,4.28,1
89,(주)케이프,-0.96,-3384959,39.62,-3.66,-17.78,-13.18,0,0,-24.94,12.01,-5.1,-2.94,87.99,6.4,2.4,0.12,0.27,73.94,62.58,965.15,49.17,128.29,-15.69,3.61,66400640.0,155383724.0,19294891.0,2.74,65390618.0,50003445.0,9.68,3.22,0
90,(주)코데즈컴바인,-25.1,-21268512,5.14,-58.39,-74.98,-82.16,0,0,-70.24,-17.1,-79.52,-24.39,117.1,3.16,1.86,0.35,1.16,22.5,134.01,126.0,88.56,92.46,6.22,41.94,7050026.0,29137618.0,17642711.0,-222.67,7029526.0,7155313.0,-69.19,7.8,0
91,(주)코미팜,-0.37,-567334,36.44,7.13,-1.82,5.66,0,0,-17.83,30.29,-10.11,-5.06,69.71,2.76,3.45,0.28,0.58,75.51,153.26,1391.83,111.88,120.7,10.85,39.73,57259368.0,133389118.0,36405104.0,-4.5,26922370.0,43593355.0,-7.05,2.56,0
92,(주)코원플레이,-7.01,-6296962,43.08,-37.64,-57.07,-39.74,0,0,-130.76,-11.27,-78.83,-40.86,111.27,3.86,2.61,0.31,1.04,129.54,59.29,284.36,37.57,154.09,-22.57,13.53,19960355.0,37467433.0,14986884.0,4.12,19610355.0,13483965.0,5.72,4.94,0
93,(주)콤텍시스템,1.81,701615,4.01,-7.53,-17.33,-21.42,0,0,1.71,9.98,5.48,2.37,90.02,3.58,12.89,1.39,18.36,113.08,149.91,296.7,124.89,56.13,24.52,46.15,53780835.0,107817629.0,146291127.0,4.36,49517960.0,76141127.0,1.6,13.52,1
94,(주)큐로홀딩스,0.17,-280213,32.48,-12.64,-46.84,-12.75,131.26,-28.53,11.84,37.3,2.69,1.49,62.7,5.23,3.52,0.13,13.16,52.7,39.85,232.96,28.87,131.99,-20.46,6.52,28459731.0,92194788.0,14844731.0,-7.82,24281035.0,11590835.0,-19.94,9.79,0
95,(주)팬엔터테인먼트,-6.21,-4274937,33.62,-4.74,-26.68,-39.5,0,0,-33.45,-9,-17.34,-10.1,109,9.88,13.77,0.3,0.49,77.77,67.67,797.16,63.42,134.81,-11.54,9.25,29267281.0,66674339.0,20973488.0,-5.68,23900200.0,16298803.0,-8.03,3.01,0
96,(주)포스코엠텍,3.01,8214920,40.39,-17.51,-12.3,-20.59,0,0,7.91,9.46,42.81,13.3,90.54,8.69,13.46,1.68,19.19,138.54,122.47,371.54,104.87,80.32,12.17,23.91,127237950.0,204043363.0,366540217.0,34.0,120006958.0,134700022.0,10.62,4.27,1
97,(주)피에이치씨,-29.31,-7891290,27.08,-24.05,-31.62,5.6,0,0,-82.49,2.42,-48.2,-31.75,97.58,1.27,2.69,0.38,1.46,70.31,159.57,393.17,129.61,63.1,23.5,28.84,18512192.0,43873521.0,21685919.0,-36.85,17699378.0,27936060.0,-34.12,3.69,0
98,(주)하이소닉,0.14,1343885,20.85,-6.88,2.52,52.36,0,0,-0.68,6.56,-1.21,-0.7,93.44,5.1,23.99,1.03,6.63,59.51,140.78,548.5,122.59,103.67,10.14,22.55,20002369.0,43692572.0,53606368.0,-1.08,13636090.0,17835400.0,-0.38,6.34,0
99,(주)하이트론씨스템즈,-61.39,-5863594,5.59,-10.42,-22.55,-25.12,0,0,-8.08,6.17,-10.97,-7.74,93.83,3.8,4.75,0.96,2.27,40.97,237.02,275.25,133.4,73.85,27.53,14.41,16142799.0,54818531.0,54523150.0,-18.99,11326804.0,26886747.0,-5.45,5.11,0
100,(주)한국전자홀딩스,0.89,-1442149,0.51,8.11,-54.09,18.29,19.3,0,31.01,0,1.26,1.22,0,0,0,0.04,1010.45,4.06,1080.78,804.73,1080.78,94.04,8.73,37.55,97655665.0,217226132.0,149195543.0,21.83,89104754.0,85069414.0,22.42,20.92,0
101,(주)한라,0.31,30959493,45.16,-3.05,-10.67,-3.86,0,94.68,-2.46,8.51,-10.83,-2.24,91.49,8.01,46.57,0.91,68.61,414.32,51.33,130.72,50.18,312.19,-37.26,6.41,1962182508.0,2285444643.0,1855269348.0,5.35,1791678703.0,1036887793.0,4.67,10.23,0
102,(주)한탑,0.75,1554667,56.64,-5.36,-11.66,12.79,0,0,-2.23,14.1,-3.93,-1.46,85.9,2.64,7.55,0.65,2.09,167.41,77.56,449.36,63.04,150.82,-12.62,0.59,82890868.0,129476112.0,125204546.0,-0.42,74661364.0,61232126.0,-0.39,3.27,0
103,(주)현대미포조선,1.8,66573343,17.78,-7.35,-10.88,10,0,0,0.7,3.65,1.48,0.54,96.35,20.84,16.76,0.77,6.01,173.57,96.38,1689.23,86.92,143.48,-1.79,24.18,7641204403.0,9438010980.0,4652431643.0,-9.18,5618261782.0,6853970777.0,-7.27,3.01,1
104,(주)화승인더스트리,2.75,44300879,42.32,5.45,10.85,178.42,0,0,3.41,5.11,17.47,6.3,94.89,7.49,33.08,1.84,11.19,171.57,72.37,467.72,62.51,160.7,-15.59,8.01,431503166.0,561114858.0,746832143.0,3.4,395783691.0,287963327.0,1.2,3.51,1
105,(주)후성,4.69,15626871,45.34,18.76,12.51,13.78,0,0,6.88,19.6,19.87,6.39,80.4,4.85,8.14,0.93,1.85,167.87,111.46,188.22,77.76,178.28,3.44,11.34,163394033.0,261388269.0,215238476.0,12.24,73035137.0,85852764.0,8.97,2.96,1
106,KD(주),1.86,1439399,22.27,41.17,47.93,18.56,0,0,3.66,19.01,5.87,3,80.99,4.07,2.74,0.82,3.79,106.72,147.3,116.1,83.55,54.11,23.71,10.01,21453691.0,38509704.0,30009587.0,-41.96,20649607.0,27442308.0,-30.94,11.02,1
107,KG스틸(주),0.47,78584907,75.67,-14.4,-41.33,-39.22,0,0,-1.58,11.59,-61.04,-0.95,88.41,4.7,9.12,0.6,1.52,8887.91,72.76,17.41,48.64,7276.16,-7.13,0.65,2887052320.0,2890468536.0,2320792157.0,0.06,1045155473.0,765396865.0,0.09,8.46,0
108,OCI(주),-1.46,-144627682,26.91,-4.43,0.58,-5.77,0,0,-8.79,3.34,-6.52,-3.57,96.66,4.55,6.02,0.41,0.85,85.07,167.37,2220.78,128.01,140.33,9.73,26.57,4056569918.0,7298775478.0,2301520602.0,0.67,1585448631.0,2399834131.0,0.74,4.61,0
109,STX중공업(주),0.17,7799045,59.72,-4.49,-10.62,4.59,0,0,-0.49,7.69,0,-0.35,92.31,6.23,7.76,0.72,1.56,1237.15,103.95,163.16,80.25,799.24,1.53,14.0,1313108367.0,1419848489.0,1057213056.0,-3.0,548834238.0,574417416.0,-3.76,5.42,0
110,계룡건설산업(주),1.83,36100272,30.4,-1.14,-2.08,4.63,0,0,0.91,6.46,4.21,1.04,93.54,6.79,17.32,1.14,32.99,294.64,85.7,558.18,72.16,179.4,-9.1,11.24,906763334.0,1224683471.0,1522160321.0,5.14,788778595.0,742035243.0,3.36,5.04,1
111,광전자(주),-1011.43,-11506977,0.1,-7.17,-3.3,4.88,0,0,-1.81,4.92,-1.52,-1.32,95.08,5.38,10.21,0.73,2.08,15.95,744.8,701.54,658.43,48.47,50.38,64.0,37059262.0,240272144.0,206228996.0,54.8,23014758.0,134689220.0,9.97,7.11,0
112,금호전기(주),-2.58,-12592949,40.76,-14.56,-11.84,-41.13,0,0,-19.08,9.58,-9.68,-5.05,90.42,1.58,3.59,0.26,0.85,85.75,87.22,510.54,63.75,135.77,-3.94,3.2,294648018.0,475649784.0,396261336.0,-8.69,174050212.0,226047391.0,-13.97,5.13,0
113,남광토건(주),-4.71,-50921667,4.07,-55.76,-28.59,8.52,0,0,-24.94,-13.02,0,-20.39,113.02,11.61,52.03,0.82,16.58,475.3,98.6,80.52,97.75,198.59,-0.93,18.26,199798776.0,239239292.0,302388687.0,2.8,163022899.0,148622945.0,1.74,114.24,0
114,대성산업(주),-0.5,-34906300,64.33,-44.26,-86.31,-24.24,0,0,-15.24,13.19,-176.62,-8.55,86.81,18.33,36.14,0.56,1.66,734.4,21.99,57.65,18.09,735.81,-41.91,2.58,959713989.0,1076329030.0,947122909.0,-3.39,571441208.0,172371230.0,-3.81,6.79,0
115,대원미디어(주),0.58,4299518,11.7,-13.14,2.52,34.84,0,0,-28.49,25.22,-20.45,-14.26,74.78,10.56,14.77,0.5,31.43,36.42,389.92,725.73,322.56,96.95,21.51,187.15,27546787.0,93808748.0,91413284.0,-2.36,15843623.0,54246866.0,-1.17,7.59,0
116,대한방직(주),1.01,4293590,38.64,1.94,11.26,-0.17,0,0,-1.12,7.53,-1.48,-0.69,92.47,5.89,5,0.62,1.04,117.21,70.94,3311.31,41.05,147.87,-13.07,1.96,206758410.0,370516547.0,244388849.0,2.12,172531469.0,105216140.0,1.86,4.11,1
117,대한전선(주),1.23,28070670,48.41,-7.02,10.06,-15.9,0,38.43,-4.21,8.74,-30.28,-4.61,91.26,6.88,11.18,1.1,2.75,249.33,122.81,81.53,95.07,198.87,8.0,10.02,1198557985.0,1552803066.0,1688712586.0,-11.17,700364494.0,764359988.0,-7.0,4.48,1
118,동국제강(주),1.05,193643210,43.22,-2.84,-10.77,24.57,0,0,0.34,9.29,0.59,0.22,90.71,5.19,6.92,0.67,1.37,153.56,68.24,445.02,51.19,181.31,-13.26,9.56,4650012701.0,6895914185.0,5720334279.0,9.15,3279083551.0,2365446593.0,8.2,4.31,1
119,동부건설(주),-1.37,-35633708,3.8,-25.29,-27.28,-23.54,0,0,-9.96,2.3,-114.26,-9.26,97.7,14.87,491.65,0.93,15.07,613.9,104.8,188.15,104.36,360.06,2.27,42.7,528439601.0,598763354.0,698187491.0,15.02,293662431.0,313262050.0,11.87,9.98,0
120,동아쏘시오홀딩스(주),-1.12,64359437,31.84,2.4,-40.98,-32.33,314.99,0,54.09,60.07,6.86,4.32,39.93,6.39,0,0.08,0.49,53.44,32.12,1728.26,32.12,137.13,-22.46,24.41,620876555.0,1223518090.0,704734520.0,0.66,535527008.0,373047061.0,2.92,3.21,0
121,동양철관(주),1.07,3248865,29.52,-2.89,-0.35,-16.72,0,0,1.16,11.28,1.85,0.98,88.72,3.61,8.58,0.84,1.66,84.88,95.18,224.29,74.48,112.34,-1.99,6.8,89067825.0,177487702.0,171320554.0,-6.2,79347527.0,73535594.0,-3.34,4.02,1
122,동원수산(주),1.84,2251887,49.09,-5.61,-6.2,11.17,0,0,0.24,9.9,0.84,0.29,90.1,23.06,4.68,1.23,4.14,173.04,235.0,166.52,115.01,124.71,31.21,12.35,60035952.0,93634520.0,118465536.0,0.4,22417404.0,50588692.0,0.2,3.79,1
123,디아이동일(주),-1.18,10420711,20.76,1.84,7.93,0.19,0,0,-4.12,1.48,-2.27,-1.56,98.52,5.42,6.32,0.38,0.7,48.58,94.57,3888.64,63.39,122.04,-1.03,6.54,432100126.0,978717602.0,774113876.0,5.26,287777798.0,289599805.0,4.59,2.1,0
124,디젠스(주),0.69,3768283,44.55,1.63,3.13,8.92,0,0,1.58,13.7,3.37,1.16,86.3,3.67,8.64,0.73,2.16,188.72,68.42,328.34,54.63,182.24,-17.03,5.66,67998253.0,96349490.0,103246096.0,2.1,57433641.0,48555038.0,1.89,4.01,0
125,라온시큐어(주),12.05,760629,10.83,8.08,16.71,10.81,0,0,5.01,60.2,5.98,3.96,39.8,2.9,0,0.79,42.29,52.47,203.79,66.66,203.79,56.31,32.12,90.26,5456338.0,16158817.0,12450442.0,13.1,4906338.0,10238929.0,5.93,3.19,1
126,롯데정밀화학(주),1.02,2554182,19.11,-8.76,-0.98,-4.09,6.39,0,3.8,11.81,3.8,2.57,88.19,6.52,7.8,0.68,1.44,45.61,322.0,871.74,239.27,94.02,24.42,120.54,520645201.0,1684225304.0,1161863357.0,14.57,185332256.0,583397052.0,6.43,3.32,1
127,무림페이퍼(주),1.49,72414782,57.93,4.23,12.14,-2.21,0,476.58,0.89,16.82,1.67,0.55,83.18,5.37,6.55,0.61,2.08,209.8,75.62,287.93,48.25,225.09,-8.81,16.07,1574133473.0,2170261009.0,1156771667.0,3.71,917049116.0,668058939.0,4.18,3.74,1
128,미래나노텍(주),1.79,-1405613,33.99,-8.49,-32.59,2.47,0,0,2.58,20.34,3.72,2.11,79.66,9.3,14.41,0.82,2.71,66.61,107.0,1248.46,91.53,110.15,2.22,49.63,132868565.0,286696422.0,233142461.0,19.41,108484050.0,134430537.0,9.09,3.28,1
129,미래산업(주),-2.55,-2445095,15.01,8.67,118.28,8.13,0,0,11.71,27.1,7.11,4.55,72.9,3.28,2.33,0.39,1.26,44.06,230.64,96.8,154.57,62.2,32.19,14.64,21859322.0,70111792.0,25548220.0,-33.55,17702413.0,38598179.0,-27.51,7.92,0
130,바이온(주),0.99,9224,13.89,0,0,0,0,0,6.83,24.96,4.38,3.4,75.04,3.31,5.78,0.5,2.26,28.82,400.01,187.7,335.68,59.94,40.11,25.57,8051129.0,26495245.0,16711899.0,-54.05,5568167.0,13487637.0,-24.33,18.2,0
131,베뉴지(주),0.33,560445,24.79,-7.75,24.65,-0.98,0,-36.73,45.57,52.97,16.68,8.22,47.03,67.21,15.27,0.18,0.35,78.23,87.04,845.11,84.08,122.57,-4.65,22.32,187437689.0,391768070.0,68375490.0,22.99,138720565.0,123642940.0,53.72,5.0,0
132,보성파워텍(주),1.22,1778709,24.75,10.78,16.37,-13.52,0,0,0.81,9,1.5,0.7,91,6.03,3.65,0.86,2.21,94.01,107.89,253.01,62.93,103.19,3.43,8.07,45512152.0,93504569.0,76540735.0,-0.07,40802976.0,44993557.0,-0.04,5.36,1
133,비케이탑스(주),-0.7,-6490458,0,-22.94,-35.24,-22.96,-97.13,0,4.74,7.5,9.01,4.02,92.5,0,4764.5,0.85,17.84,63.9,239.03,208.16,239.03,72.0,32.61,189.49,47792852.0,97458769.0,112322747.0,0.47,33311936.0,55389390.0,0.19,0.0,0
134,사조동아원(주),0.37,1845987,70.3,-21.9,-27.71,-2.74,0,0,-10.41,13.46,-57,-9.09,86.54,6.46,6.7,0.87,2.71,613.5,42.79,193.0,28.38,458.1,-47.87,0.64,478001735.0,539326185.0,494319594.0,0.21,416999622.0,192525671.0,0.18,3.8,0
135,삼보산업(주),1.27,8405708,85.64,-10.48,-20.89,-3.55,0,282.74,0.38,5.34,7.6,0.6,94.66,5.27,12.14,1.55,4.6,1055.99,58.28,2481.29,43.21,625.89,-32.82,0.59,213377614.0,258718333.0,363265085.0,-1.23,166674233.0,115765221.0,-0.68,3.72,1
136,삼부토건(주),-0.82,-63274401,76.05,-29.89,-32.24,-15.08,0,0,-146.7,-6.63,0,-41.13,106.63,3.62,10.45,0.28,54.93,0.0,64.21,0.0,61.67,0.0,-45.22,1.57,2045753447.0,1786124863.0,528046340.0,-0.02,1956496256.0,1316393010.0,-0.06,8.35,0
137,삼성SDI(주),-4.23,-59832026,9.5,-3.67,27.22,41.52,0,0,-2.12,16.41,-1.27,-0.95,83.59,7.61,13.19,0.45,2.72,35.7,140.46,3027.82,120.2,103.54,6.83,14.38,4972110605.0,16225303458.0,7569330840.0,4.12,3201335107.0,4773880158.0,2.38,3.24,0
138,삼영화학공업(주),-9.02,-12464209,12,-5,-14.81,-27.68,0,0,-4.65,5.7,-3.73,-2.82,94.3,3.84,9.72,0.61,1.77,31.37,130.26,681.66,98.95,99.98,5.55,3.86,62589498.0,170243060.0,126120581.0,-10.07,51569943.0,51956455.0,-3.86,2.85,0
139,삼일제약(주),1.51,1602388,28.58,-8.18,-8.59,3.3,0,0,0.76,41.97,1.21,0.64,58.03,2.95,5.87,0.85,2.25,81.37,134.92,989.08,99.7,79.76,14.5,7.36,44901633.0,99311888.0,88136459.0,-9.51,41624305.0,55916591.0,-4.81,3.73,1
140,삼화전자공업(주),-2.56,-7425990,59.54,-13.6,-17.66,-23.08,0,0,-34.57,3.98,-90.55,-12.48,96.02,1.07,7.59,0.36,0.86,616.45,54.61,58.46,47.01,443.52,-31.67,0.17,60932899.0,69277588.0,36070299.0,-0.72,51199443.0,19280925.0,-1.59,4.51,0
141,서울전자통신(주),0.95,-1085956,17.81,-10.12,51.19,-5.33,0,-2.19,-0.93,12.17,-0.55,-0.33,87.83,2.6,8.33,0.36,7.68,75.99,92.57,109.03,77.66,109.5,-3.03,14.64,34675385.0,61788131.0,46808106.0,21.76,30148391.0,30812448.0,24.78,4.34,0
142,성문전자(주),-4.14,-1346656,14.95,-15.28,-26.07,-6.75,0,0,-1.97,8.03,-2.4,-1.58,91.97,3.97,9.77,0.8,4.68,34.11,192.97,352.02,155.15,74.35,21.47,24.66,16713689.0,45273303.0,48199756.0,4.31,15637648.0,27076421.0,1.26,2.28,0
143,성우테크론(주),2.96,1332658,26.62,-3.41,-2.06,15.41,0,97.73,-0.2,10.87,-0.17,-0.1,89.13,8.85,0,0.49,0.8,65.37,96.79,795.02,96.79,112.54,-1.06,12.35,23710920.0,56320285.0,27812143.0,7.27,19346299.0,15923355.0,5.78,2.46,1
144,성호전자(주),3.3,154262,30.24,-5.95,-19.65,1.66,0,0,0.89,19.05,0.99,0.5,80.95,4.29,7.71,0.56,3.37,89.71,59.01,366.36,41.91,143.46,-16.94,3.27,55986419.0,98483021.0,80378015.0,3.31,49865451.0,46167079.0,2.7,3.51,1
145,세기상사(주),-2.05,-891103,27.57,-2.98,-21.97,-1.05,0,0,-23.11,0.54,-4.93,-2.8,99.46,24.14,423.39,0.12,0.13,77.78,78.24,1226.51,77.92,163.85,-2.18,11.63,19595728.0,45133360.0,5477134.0,-2.98,4452343.0,3483434.0,-10.59,3.55,0
146,세원이앤씨(주),0.25,895746,33.84,13.94,33.55,36.35,0,0,2.89,9.37,6.68,2.36,90.63,7.98,20.85,0.82,1.8,141.95,89.81,512.82,82.47,122.52,-5.6,1.3,210717982.0,347686361.0,275282619.0,-5.44,197428711.0,177263792.0,-4.17,5.89,0
147,신송홀딩스(주),-108079.75,3577373,0,-0.64,5.81,10.87,0,0,0.92,0,0.01,0.01,0,3.87,0,0.01,37.4,17.43,7539.15,2494.64,7539.15,105.48,10.04,5721.76,67179130.0,227192888.0,228564198.0,-3.66,27102569.0,61962525.0,-46.11,0.0,0
148,신풍제지(주),-48.12,-19600819,5.81,-15.81,-25.15,2.81,0,0,-13.24,-1.71,-28.61,-9.02,101.71,7.23,6.7,0.68,1.62,251.24,56.23,236.41,42.23,224.41,-28.11,1.44,104673914.0,145668274.0,111453803.0,-12.85,93937331.0,53556475.0,-12.33,4.26,0
149,쌍용자동차(주),-25.37,-35811794,9.31,3.74,1.91,2.13,0,0,-1.73,15.28,-7.78,-2.92,84.72,21.88,13.51,1.68,2.87,182.11,68.95,105.79,41.22,198.66,-13.32,21.95,1322142536.0,2039197713.0,3390065197.0,10.31,878769618.0,613893132.0,4.02,0.83,0
150,씨앤티85(주),1.15,1137938,45.65,16.73,89.56,207.18,0,0,-54.51,16.95,-77.39,-29.3,83.05,5.64,17.8,0.54,1.07,112.55,82.44,81.55,82.44,150.29,-6.24,19.02,19988020.0,37746983.0,18838071.0,-12.98,13412517.0,11057502.0,-13.78,5.3,1
151,아시아나항공(주),0.07,98274528,61.01,6.85,-16.25,-6.27,0,-77.84,-2.92,10.58,-21.26,-2.27,89.42,17.49,27.24,0.78,1.27,991.48,28.59,65.03,20.54,978.35,-25.89,1.73,8441166163.0,9292748545.0,5795271417.0,5.39,3310933844.0,1244763591.0,6.51,3.54,0
152,에스디엔(주),1.48,5517421,43.22,-1.8,-45.27,12.35,0,0,1.94,33.04,2.1,0.98,66.96,3.02,5.37,0.5,1.98,102.07,46.85,274.56,27.54,158.81,-24.29,1.82,52057218.0,100290847.0,48181735.0,4.02,42827128.0,20628043.0,3.99,7.93,1
153,에스지에이(주),-0.2,5417654,16.29,4.79,3.78,6.54,0,0,-5.06,15.08,-5.47,-3.46,84.92,2.41,19.94,0.68,94.29,38.99,400.67,120.11,389.47,58.52,43.44,63.85,49842580.0,125358210.0,72075046.0,-5.51,34181191.0,72426278.0,-2.31,8.1,0
154,에쓰씨엔지니어링(주),1.93,2952042,12.12,45.72,172.51,187.78,0,0,1.14,12.29,3.77,1.58,87.71,7.03,100.91,1.39,2442.69,173.77,78.33,885.2,76.35,156.08,-11.89,19.53,286881590.0,403709399.0,410707049.0,4.92,263053474.0,228923058.0,2.67,5.89,1
155,에이치에스디엔진(주),-5.04,-63753577,23.66,-7.71,2.24,-22.02,0,0,-19.42,-0.28,-22.7,-9.52,100.28,11.97,3.49,0.49,1.29,151.73,85.66,774.93,47.12,169.67,-5.46,8.48,831368789.0,1406041511.0,693645086.0,-7.78,530319316.0,444332008.0,-9.19,4.1,0
156,에이치엘비(주),-0.9,-5963200,24.52,76.55,-37.82,3.42,0,0,-19.13,15.66,-17.41,-10.24,84.34,6.02,5.92,0.54,3.13,46.61,87.73,364.24,64.94,113.97,-3.11,15.0,70782179.0,185171918.0,38460684.0,1.06,24441072.0,29901635.0,0.81,12.49,0
157,에이치엘비생명과학(주),-13.52,-9695434,4.99,35.76,139.02,-26,0,0,-78.56,-19.19,-69.8,-40.67,119.19,4.05,63.71,0.52,6.04,43.04,252.24,226.53,252.24,43.94,41.81,140.04,16803902.0,42698934.0,27323398.0,26.13,14532922.0,32017710.0,17.49,8.13,0
158,에이치엘비테라퓨틱스(주),-3.8,-3143964,25.73,36.64,-19.65,-7.22,0,0,-26.25,16.02,-12.69,-8.39,83.98,5.61,9.53,0.32,1.37,51.76,386.44,312.87,351.52,101.06,24.76,75.36,16860987.0,50347291.0,16781578.0,-2.51,4545938.0,16412780.0,-3.09,6.46,0
159,에이치엠엠(주),-1.1,-253533000,75.97,-9.61,-26.76,-12.16,0,0,-12.33,-1.91,-143.32,-11.01,101.91,15.29,39.79,0.89,1.65,1863.84,32.01,25.21,29.07,1626.97,-36.44,3.79,5713866000.0,5942501000.0,5768581000.0,-1.15,3212153000.0,1151212000.0,-1.16,5.42,0
160,에이프로젠제약(주),2.3,-866308,8.98,-2.17,2.95,25.33,0,0,3,14.98,1.34,1.09,85.02,2.22,4.71,0.36,1.65,18.09,726.97,171.2,638.57,42.26,55.38,211.16,17476008.0,85221295.0,40324275.0,-20.91,9885038.0,49137382.0,-8.74,2.51,1
161,에코바이오홀딩스(주),5.74,17973324,12.06,-13.66,-19.53,90.54,238.56,929.35,23.66,20.04,20.35,10.64,79.96,3.32,0,0.45,19.88,61.07,91.66,928.22,91.66,109.47,-2.92,15.81,76869760.0,131799788.0,38256653.0,49.07,49279474.0,81545868.0,38.33,4.68,1
162,엔시트론(주),-2.7,-3408624,39.34,-22.46,-24.38,-6.93,0,0,-24.76,11.46,-89.01,-33.21,88.54,10.11,8.44,1.34,46.68,156.72,85.44,184.04,53.22,126.18,-8.67,2.33,20309009.0,32723325.0,56500755.0,-9.52,19822623.0,18629052.0,-3.78,7.2,0
163,오성첨단소재(주),0.35,641224,11.72,-41.83,54.47,-56.57,0,0,-111.71,14.71,-65.51,-43.5,85.29,5.5,5.75,0.39,0.77,64.26,247.24,93.68,234.01,70.75,33.9,22.27,37405919.0,95609904.0,50864464.0,-1.12,22041180.0,54475839.0,-0.83,12.04,0
164,우리바이오(주),0.31,35352054,31,-12.83,57.37,79.45,0,0,-57.82,14.52,-28.17,-17.88,85.48,3.66,23.83,0.31,0.81,64.9,157.06,424.78,153.97,117.71,10.4,34.67,674450828.0,910183199.0,1869414245.0,-12.23,613048905.0,612883952.0,-14.5,4.71,0
165,우리이앤엘(주),0.7,166086,19.4,-20.79,-30.83,-2.6,0,2.27,0.45,13.48,0.78,0.36,86.52,1.7,18.39,0.8,34.27,89.99,129.25,653.63,120.11,76.51,13.52,15.81,113183448.0,195976695.0,189509627.0,10.1,110803280.0,137368230.0,5.31,8.41,0
166,유니슨(주),0.43,3198207,53.6,-21.51,-41.88,44.92,0,14.63,-17.99,13.14,-41.24,-7.58,86.86,15.15,2.31,0.42,1.02,368.6,60.04,170.77,39.85,288.83,-25.53,6.41,196412198.0,237813154.0,118346511.0,5.57,159911261.0,98973407.0,9.15,6.27,0
167,이원컴포텍(주),11.93,-1214061,21.92,12.75,24.89,8,0,0,2.95,6.41,8.63,3.55,93.59,6.83,15.71,1.2,4.13,152.36,89.81,197.09,75.37,128.57,-5.56,0.72,21302616.0,33330574.0,38917135.0,0.0,16742538.0,16991310.0,0.0,2.53,1
168,이화산업(주),-0.57,35978,32.01,-9.01,5.59,5.39,0,0,32.78,14.48,45.25,22.19,85.52,3.19,6.26,0.68,5.34,59.28,148.19,473.28,108.52,94.73,13.18,21.57,85641445.0,273316937.0,82960067.0,-14.63,35467653.0,53539286.0,-7.66,3.27,0
169,인선이엔티(주),1.36,8038837,34.53,0.14,-18.53,19.47,0,0,2.79,30.22,0.98,0.55,69.78,3.27,90.95,0.2,0.41,78.33,38.4,901.49,37.49,158.83,-17.54,0.7,146564459.0,291543980.0,97222705.0,-3.57,84101714.0,47089447.0,-8.02,4.96,1
170,일성건설(주),1.02,6948829,38.22,-0.44,4.67,27.57,0,0,0.97,8.47,2.32,0.83,91.53,7.32,5.76,0.85,85.27,177.91,127.73,346.88,103.73,103.21,13.65,16.17,167337231.0,257478729.0,231102049.0,-10.18,128794041.0,160804990.0,-7.61,5.49,1
171,일진머티리얼즈(주),6.3,-30842068,9.95,-35.05,-8.31,8.96,0,0,-26.19,8.5,-24.06,-16.75,91.5,5.3,4.03,0.64,1.82,28.42,239.57,1260.62,131.84,78.44,22.67,20.7,203867037.0,436708093.0,458174483.0,4.73,165850911.0,199215948.0,1.29,1.17,1
172,전방(주),-1.06,-10502335,51.16,2.71,-16.15,-4.52,0,0,-10.78,-1.6,-13.2,-4.61,101.6,6.96,4.15,0.43,0.63,182.47,27.98,2160.04,10.21,239.41,-39.23,0.19,333573462.0,519484803.0,237295667.0,0.27,282371738.0,89561536.0,0.41,3.57,0
173,제이더블유홀딩스(주),1.14,33456795,31.92,12.44,16.46,19.12,0,0,8.05,41.73,3.67,2.05,58.27,3.09,26.97,0.25,13.87,85.25,47.04,599.05,43.58,156.19,-17.66,3.44,812556924.0,1082862853.0,622825322.0,-10.41,594439822.0,572264183.0,-19.9,4.69,1
174,제이엔케이히터(주),5.67,9181696,33.05,-1.69,-11.26,11.86,0,887.4,2.72,12.73,5.87,2.52,87.27,4.99,25.69,0.93,5.11,122.48,113.14,1426.75,107.02,96.42,6.58,35.24,100188886.0,161635649.0,171487841.0,5.26,90221924.0,95447429.0,3.1,2.95,1
175,주성엔지니어링(주),2.08,15274163,30.64,1.01,14.52,25.12,0,46.67,3.74,43.39,5.9,2.15,56.61,9.28,3.55,0.57,1.29,168.88,92.07,474.34,56.89,152.62,-3.72,20.04,193479343.0,307700329.0,175637905.0,18.4,144722736.0,133368962.0,20.24,5.84,1
176,지에스건설(주),1.34,122067493,25.23,2.79,9.46,8.58,0,989.62,-0.36,5.49,-0.98,-0.28,94.51,5.51,18.81,0.78,7.76,251.73,135.27,947.57,126.17,102.22,18.5,34.78,9657468064.0,13005492988.0,10572620348.0,4.04,7139321408.0,9549473789.0,3.78,3.3,1
177,진원생명과학(주),999999999,-3626956,0,2.33,5.01,19.32,0,0,-15.68,7.63,-8.83,-7.45,92.37,3.87,8.66,0.48,111.97,21.35,387.05,263.03,352.31,50.71,43.18,67.49,8252365.0,47691247.0,28364785.0,-48.28,6690674.0,35281502.0,-18.08,0.0,1
178,참엔지니어링(주),1.47,16751825,36.8,-15.57,-5.07,59.94,0,0,-26.43,26.65,-68.55,-20.65,73.35,4.75,5.88,0.78,5.88,451.39,59.96,132.61,38.83,296.95,-30.82,1.32,618183633.0,643323602.0,196878931.0,-1.06,138763350.0,300346363.0,-1.02,9.63,1
179,케이비아이동국실업(주),0.82,12849278,32.58,7.1,11.09,9.37,0,0,0.93,5.79,2.68,1,94.21,7.13,76.61,1.08,2.42,168.15,52.61,881.19,50.25,195.26,-24.49,0.04,388304400.0,570697476.0,622316659.0,9.08,325159847.0,236769621.0,5.47,3.14,0
180,케이알모터스(주),-4.38,-16055655,38.7,15.31,21.56,0.23,0,0,-19.97,1.86,-28.36,-10.96,98.14,1.96,3.98,0.55,1.24,131.83,111.82,77.64,79.19,108.29,5.63,14.63,89813517.0,157559972.0,80658560.0,-28.93,75282965.0,81382259.0,-32.11,5.94,0
181,코드네이처(주),-1.04,-72106,38.99,10.71,73.71,22.98,0,0,-8.83,10.2,-9.42,-3.5,89.8,33.78,0,0.4,268.5,150.36,63.86,156.08,63.86,198.01,-11.83,6.67,18064559.0,28930869.0,10911842.0,-8.66,10168177.0,6045073.0,-13.78,5.94,0
182,코스모화학(주),-2.53,-39247902,39.58,-24.47,17.44,-11.03,0,0,-80.96,-13.8,-59.37,-20.01,113.8,13.21,3.76,0.25,0.35,256.36,58.5,177.67,48.68,247.19,-21.73,0.04,476055574.0,630470683.0,250018823.0,6.81,350411215.0,204949271.0,17.05,7.12,0
183,코오롱글로벌(주),1.26,42108227,29.59,-5.18,-11.62,7.19,0,1436.99,-0.73,8.24,-4.79,-1.09,91.76,9.95,22.07,1.48,6.37,352.54,86.28,412.18,75.7,231.0,-7.78,5.53,1542039318.0,1979654412.0,3029125532.0,4.05,1124204013.0,969946124.0,2.07,5.53,1
184,크로바하이텍(주),-3.53,-2599006,34.13,-3.38,2.92,-6.91,0,0,-6.68,8.86,-9.42,-5.1,91.14,4.03,6.78,0.76,1.78,91.12,121.67,536.58,95.82,91.15,9.32,30.73,33262351.0,66694028.0,57896675.0,3.5,30140022.0,34100345.0,2.15,2.42,0
185,크루셜텍(주),3.62,14323166,30.75,59.44,136.09,244.37,0,0,3.7,20.02,10.46,3.71,79.98,4.51,4.52,1,6.62,184.02,136.73,787.15,75.51,93.66,18.01,6.14,191866263.0,289380143.0,262524146.0,-10.74,141474071.0,170995301.0,-8.52,4.82,1
186,크리스탈지노믹스(주),-1.07,-3849381,24.21,4.55,-1.49,115.31,0,0,-57.26,0,-8.84,-5.12,0,2.7,33.84,0.09,0.75,57.65,109.71,577.87,108.07,113.33,2.49,83.82,53645553.0,127284550.0,9765712.0,-10.25,38350978.0,37828386.0,-42.88,11.69,0
187,테라사이언스(주),-3.67,-9505140,59.35,-59.09,-58.13,-19.23,0,0,-81.93,-10.52,-74.53,-23.61,110.52,3.13,2.3,0.29,0.63,286.96,41.36,107.31,29.04,272.29,-42.01,0.51,45196300.0,59020404.0,28933361.0,-8.66,40672777.0,17075818.0,-12.95,4.61,0
188,티케이지애강(주),2.62,2197134,30.33,2.11,-7.39,-38.39,0,0,-3.46,18.5,-3.52,-2.01,81.5,2.85,3.94,0.58,1.3,80.48,102.97,192.53,67.34,111.87,1.1,0.01,40098004.0,89685082.0,51913546.0,2.05,33192979.0,34216899.0,1.59,3.45,1
189,팜젠사이언스(주),6.78,4524306,8.96,10.15,12.84,36.66,0,0,3.32,53.5,8.07,4.52,46.5,3.37,6.51,1.36,10.16,59.91,300.28,617.48,232.0,29.34,54.46,27.72,17791291.0,46449650.0,60405445.0,4.44,12804663.0,38196176.0,1.28,9.99,1
190,페이퍼코리아(주),-1.66,-46404901,49.07,0.31,-12.49,15.02,0,0,-17.55,5.19,-27.97,-8.9,94.81,5.35,3.26,0.51,0.82,245.5,48.02,184.22,25.48,252.0,-29.3,1.71,437081745.0,554699622.0,245776625.0,0.64,324478790.0,215714298.0,0.9,7.03,0
191,한국정보공학(주),1.73,1851517,10.26,-3.06,-10.8,1.75,0,0,0.39,5.43,0.97,0.57,94.57,4.45,14.5,1.46,32.96,67.44,139.5,1390.68,113.08,76.64,15.35,14.02,40347792.0,102237297.0,156702208.0,17.02,37830755.0,59538421.0,4.64,4.28,1
192,한국화장품(주),999999999,-5456797,0,-29.31,-42.43,-16.34,0,0,-18.34,55.32,-10.47,-7.9,44.68,5.6,4.93,0.43,3.63,15.65,429.15,567.06,331.86,56.15,39.46,3.34,31418808.0,72898699.0,98446610.0,-183.08,30245771.0,45753284.0,-47.61,0.0,1
193,한솔테크닉스(주),1.07,16469798,26.38,4.12,-14.07,-7.5,0,104.31,0.55,10.18,1.29,0.67,89.82,8.63,20.22,1.21,2.53,88.89,89.81,210.44,64.18,149.47,-2.37,0.03,282773777.0,541196306.0,652333136.0,7.71,142795941.0,149216922.0,3.07,6.28,1
194,한올바이오파마(주),-6.36,-4279948,0,34.3,46.51,-1.06,0,0,-8.9,46.11,-10.11,-6.98,53.89,3.16,4.11,0.78,6.66,23.01,658.38,369.31,516.81,25.66,67.12,63.37,21909163.0,117125562.0,80022560.0,-9.25,14082156.0,92768896.0,-2.53,6.74,0
195,한일철강(주),-0.75,-5980204,39.04,11.6,-8.82,-13.43,0,0,-9.94,4.01,-6.63,-3.19,95.99,5.09,6.78,0.32,1.27,126.94,66.5,1428.67,56.14,176.64,-11.16,4.33,191866798.0,342792291.0,111907878.0,3.82,117316217.0,81498293.0,7.02,2.71,0
196,핸즈코퍼레이션(주),4.66,45358946,48.6,8.64,16.75,10.91,442.21,0,1.33,12.04,5.77,1.67,87.96,0,6.51,1.26,3.62,239.26,93.53,14650.11,58.35,145.92,-3.94,3.94,466506514.0,655491141.0,676244524.0,-8.24,393504562.0,311527521.0,-4.81,2.74,1
197,현대두산인프라코어(주),-0.9,27441076,53.77,-17.05,-29.43,-16.87,0,0,-20.62,17.48,-32.3,-10.91,82.52,5.34,7.26,0.53,2.08,216.83,44.53,181.96,25.92,256.6,-23.68,1.04,8280216508.0,11383172816.0,7212985165.0,-0.45,3961155479.0,3876021130.0,-0.53,4.67,0
198,휴림로봇(주),2.54,1445320,29.89,-12.93,-8.15,-16.15,0,0,4.89,21.78,15.91,4.17,78.22,2.58,7.51,0.85,2.96,151.87,115.59,218.67,88.85,101.72,8.04,4.21,15886836.0,26170418.0,27151771.0,3.39,13605945.0,15940616.0,2.23,4.78,1
